movieId,n_ratings
1,68997
2,28904
3,13134
4,2806
5,13154
6,29490
7,13585
8,1510
9,4154
10,32474
11,19127
12,4258
13,2107
14,6116
15,3099
16,22298
17,22251
18,6191
19,24849
20,4306
21,24829
22,10317
23,4717
24,8293
25,22525
26,2802
27,1802
28,3310
29,9413
30,1300
31,10223
32,55275
33,67
34,35969
35,1497
36,21759
37,85
38,750
39,30616
40,880
41,4760
42,2568
43,2572
44,12261
45,9306
46,3179
47,63298
48,15667
49,263
50,67750
51,30
52,9518
53,159
54,1057
55,944
56,74
57,2451
58,11659
59,194
60,6708
61,2327
62,20596
63,2696
64,2076
65,5248
66,2415
67,179
68,1241
69,5039
70,16824
71,1341
72,1378
73,2982
74,3565
75,590
76,3609
77,221
78,1258
79,5614
80,595
81,3311
82,2555
83,589
84,158
85,2703
86,4374
87,1076
88,5419
89,3451
90,218
92,2360
93,2130
94,4186
95,23156
96,487
97,3509
98,92
99,732
100,4154
101,5211
102,2025
103,1154
104,22963
105,10131
106,137
107,6782
108,123
109,16
110,69482
111,36647
112,12308
113,1099
114,248
115,50
116,967
117,1261
118,1132
119,259
120,155
121,846
122,3958
123,3534
124,330
125,3625
126,1482
127,50
128,78
129,193
130,47
131,192
132,2178
133,20
134,39
135,6619
136,102
137,218
138,142
139,41
140,5049
141,23546
142,41
143,15
144,4517
145,15155
146,607
147,4866
148,371
149,1129
150,55940
151,12868
152,716
153,35288
154,3382
155,1289
156,1679
157,2705
158,14395
159,2463
160,15511
161,25270
162,6363
163,16327
164,4541
165,38488
166,800
167,79
168,12664
169,3514
170,8841
171,1428
172,13788
173,16833
174,2186
175,5468
176,2497
177,2399
178,504
179,1243
180,9714
181,2924
182,695
183,627
184,348
185,25669
186,11491
187,975
188,2656
189,332
190,1169
191,1759
192,78
193,8144
194,6060
195,3250
196,14662
197,110
198,9747
199,1837
200,346
201,367
202,480
203,5635
204,8795
205,1343
206,1028
207,5608
208,31329
209,755
210,500
211,590
212,487
213,1994
214,1000
215,8476
216,10728
217,1038
218,4264
219,678
220,352
222,5936
223,27906
224,8731
225,12836
226,44
227,4689
228,478
229,2532
230,7528
231,36802
232,6295
233,3607
234,3255
235,17428
236,12617
237,6442
238,855
239,4070
240,847
241,592
242,1108
243,470
244,306
245,265
246,10852
247,8030
248,3164
249,5045
250,1105
251,400
252,10334
253,31756
254,632
255,1070
256,10683
257,3975
258,1807
259,2057
260,85010
261,10899
262,4507
263,406
264,195
265,12026
266,17820
267,4334
268,749
269,606
270,1308
271,1271
272,7935
273,7626
274,1296
275,1611
276,5487
277,9590
278,1135
279,923
280,5164
281,3997
282,11523
283,240
284,34
285,84
286,111
287,326
288,26472
289,3301
290,4199
292,27883
293,41846
294,846
295,467
296,98409
297,264
298,257
299,2632
300,21085
301,464
302,1645
303,7435
304,724
305,3426
306,8183
307,7741
308,5896
309,452
310,258
311,82
312,1325
313,1494
314,4179
315,11413
316,35215
317,17903
318,102929
319,7586
320,323
321,932
322,3109
324,489
325,1059
326,1497
327,7533
328,2594
329,27773
330,1584
331,552
332,2301
333,12644
334,1645
335,409
336,294
337,19510
338,4843
339,24940
340,1499
341,406
342,11920
343,943
344,42728
345,10642
346,1160
347,1807
348,8210
349,31300
350,16467
351,3704
352,1377
353,18497
354,1264
355,10815
356,100296
357,30312
358,2335
359,275
360,2141
361,5425
362,7782
363,645
364,51518
365,1898
366,3065
367,40007
368,18685
369,1120
370,15893
371,4305
372,8367
373,3660
374,5703
375,254
376,11536
377,47210
378,2336
379,6142
380,47148
381,4970
382,5679
383,5234
384,762
385,127
386,377
387,723
388,546
389,205
390,970
391,426
392,285
393,2611
394,148
395,13
396,37
397,100
398,58
399,10
400,29
401,18
402,59
403,15
404,80
405,3708
406,67
407,2516
408,680
409,485
410,20166
411,123
412,4809
413,6514
414,930
415,3231
416,1799
417,3314
418,690
419,4680
420,15601
421,1832
422,1446
423,2447
424,803
425,880
426,3389
427,3421
428,5543
429,1552
430,265
431,10266
432,13005
433,1252
434,25769
435,14828
436,1338
437,1856
438,1088
439,59
440,19992
441,9667
442,20850
443,597
444,1342
445,1928
446,3887
447,227
448,3097
449,704
450,3059
451,639
452,1188
453,988
454,27224
455,9387
456,1016
457,57073
458,1081
459,1182
460,943
461,908
462,209
463,428
464,3441
465,757
466,14637
467,748
468,7444
469,1349
470,472
471,12016
472,726
473,1449
474,20399
475,9723
476,231
477,4545
478,283
479,1293
480,75233
481,5568
482,2769
483,618
484,788
485,15028
486,638
487,642
488,585
489,3076
490,3292
491,5538
492,3488
493,3973
494,12663
495,810
496,425
497,14593
498,389
499,410
500,39296
501,2363
502,3889
503,142
504,1218
505,1367
506,1503
507,3565
508,22912
509,17960
510,940
511,1688
512,1309
513,598
514,4795
515,11206
516,3507
517,3738
518,1260
519,5284
520,16363
521,2212
522,1420
523,933
524,8155
525,179
526,138
527,73849
528,932
529,11176
530,37
531,7845
532,6200
533,4103
534,4908
535,5818
536,767
537,3440
538,5205
539,32129
540,5074
541,46289
542,3722
543,12764
544,2320
546,6169
547,871
548,2904
549,1453
550,3378
551,26081
552,13547
553,16211
554,514
555,17743
556,1288
558,1759
559,55
560,39
561,225
562,6559
563,358
564,363
565,1016
566,154
567,451
568,391
569,1727
570,232
571,200
572,36
573,211
574,1416
575,3035
576,25
577,671
579,41
580,569
581,1938
582,135
583,293
584,27
585,9903
586,34648
587,32382
588,50442
589,68383
590,46771
591,34
592,49789
593,90330
594,20567
595,41342
596,14721
597,39189
598,168
599,3824
600,313
601,113
602,334
603,618
604,6
605,3685
606,1569
607,20
608,58031
609,2590
610,8208
611,1951
612,1649
613,2494
614,162
615,632
616,9559
617,573
618,364
619,723
620,47
621,334
623,35
625,30
626,646
627,1931
628,12797
629,26
630,221
631,2323
632,424
633,328
634,354
635,1121
636,38
637,5960
638,586
639,1157
640,3165
641,109
642,10
643,23
644,15
645,315
647,8207
648,42879
649,138
650,1360
651,45
652,83
653,15471
654,16
655,20
656,1246
657,42
658,49
659,562
660,119
661,11317
662,3037
663,3384
664,322
665,1499
666,198
667,1089
668,1074
670,879
671,6524
672,27
673,12859
674,3642
675,29
676,28
678,2739
679,99
680,1389
681,381
682,67
683,36
684,26
685,539
687,98
688,3030
690,84
691,1231
692,931
693,30
694,2815
695,848
696,128
697,1159
698,153
699,17
700,1273
701,116
702,498
703,363
704,1890
705,433
706,253
707,4672
708,15472
709,3214
710,1287
711,2212
712,190
713,137
714,4642
715,626
716,319
717,95
718,1248
719,8003
720,8612
721,18
722,349
723,39
724,9590
725,1591
726,543
727,24
728,3555
729,144
730,70
731,867
732,237
733,37001
734,60
735,1301
736,35315
737,4695
738,25
739,11
741,10719
742,2105
743,6511
744,37
745,13944
746,357
747,1111
748,5607
749,41
750,32830
751,178
752,41
753,514
754,384
755,155
756,114
757,317
758,27
759,366
760,1058
761,3961
762,10004
763,61
764,606
765,5395
766,1821
767,301
768,34
769,135
770,27
771,155
772,35
773,79
774,35
775,174
776,47
777,32
778,35303
779,519
780,57224
781,2143
782,2945
783,12497
784,16699
785,11611
786,17341
787,91
788,22021
789,52
790,108
791,113
792,48
793,116
794,104
795,107
796,46
797,115
798,3411
799,6670
800,7322
801,1750
802,14093
803,606
804,2276
805,12809
806,567
807,224
808,830
809,1422
810,2085
812,37
813,499
814,12
815,29
816,74
818,2962
819,58
820,71
821,46
822,35
823,180
824,393
825,24
826,24
827,164
828,1574
829,1937
830,6921
831,224
832,15696
833,1507
834,205
835,989
836,5197
837,7130
838,8314
839,4156
840,708
841,872
842,2123
843,57
844,167
845,71
846,414
847,114
848,2081
849,8850
850,273
851,1730
852,10937
853,112
854,241
855,36
856,56
857,47
858,66440
859,15
860,369
861,2707
862,365
864,88
865,100
866,6640
867,345
868,91
869,577
870,492
871,59
872,99
873,42
874,74
875,525
876,314
877,168
878,28
879,2380
880,5641
881,1183
882,839
884,53
885,653
886,1855
887,38
889,121
890,30
891,2211
892,1406
893,590
894,37
895,59
896,508
897,904
898,7445
899,12913
900,3332
901,1830
902,11835
903,19529
904,24883
905,5074
906,2475
907,950
908,20093
909,6921
910,13608
911,5117
912,32190
913,14190
914,11077
915,5858
916,7573
917,1146
918,2118
919,29260
920,16824
921,2487
922,9072
923,22920
924,35934
925,96
926,6068
927,979
928,5879
929,1121
930,5962
931,2628
932,2380
933,5728
934,3977
935,702
936,1601
937,580
938,1823
939,115
940,4299
941,1009
942,3235
943,1846
944,1137
945,2308
946,1730
947,2097
948,1861
949,2436
950,3837
951,4897
952,2595
953,18374
954,6583
955,5210
956,391
957,239
958,106
959,429
960,173
961,262
962,110
963,562
964,362
965,4207
966,136
967,178
968,9474
969,11693
970,436
971,3339
972,126
973,1036
974,145
975,30
976,467
977,10
979,43
980,144
981,217
982,608
983,21
984,238
985,55
986,2969
987,293
988,542
989,78
990,993
991,2647
992,275
993,243
994,5457
996,3480
997,223
998,879
999,3200
1000,233
1001,36
1002,143
1003,1666
1004,1658
1005,2227
1006,1562
1007,1872
1008,825
1009,2725
1010,2699
1011,1606
1012,3591
1013,4772
1014,1749
1015,4210
1016,1500
1017,3503
1018,1275
1019,6375
1020,7931
1021,3890
1022,11226
1023,3464
1024,1267
1025,6830
1026,133
1027,9446
1028,17710
1029,10545
1030,3502
1031,4691
1032,9981
1033,5397
1034,1663
1035,18122
1036,45553
1037,7443
1038,240
1039,58
1040,156
1041,5851
1042,8877
1043,1216
1044,516
1045,49
1046,1415
1047,9265
1049,5362
1050,1772
1051,1449
1052,48
1053,211
1054,793
1055,340
1056,748
1057,3479
1058,132
1059,12161
1060,10519
1061,9639
1062,80
1063,159
1065,21
1066,1477
1067,156
1068,366
1069,876
1070,70
1071,58
1073,32575
1075,128
1076,745
1077,7594
1078,4002
1079,22610
1080,27292
1081,4000
1082,1912
1083,1631
1084,10610
1085,1311
1086,7252
1087,268
1088,14112
1089,43730
1090,19876
1091,5649
1092,12968
1093,8116
1094,12703
1095,7205
1096,4042
1097,40585
1098,140
1099,2185
1100,5917
1101,24068
1102,79
1103,6659
1104,7208
1105,945
1106,39
1107,83
1109,14
1110,28
1111,1960
1112,393
1113,1092
1114,504
1115,41
1116,184
1117,267
1118,38
1119,182
1120,9830
1121,125
1122,16
1123,209
1124,4859
1125,5476
1126,3253
1127,20399
1128,2253
1129,10981
1130,2234
1131,3524
1132,3233
1133,104
1134,58
1135,4124
1136,46508
1137,73
1138,52
1139,27
1140,36
1141,6
1142,66
1143,62
1144,163
1145,60
1146,38
1147,3998
1148,17652
1149,61
1150,1664
1151,430
1152,206
1153,169
1154,130
1155,10
1156,60
1157,36
1158,14
1159,19
1160,45
1161,1613
1162,846
1163,244
1164,230
1165,38
1166,40
1167,877
1168,227
1169,309
1170,169
1171,3359
1172,10982
1173,3407
1174,112
1175,8405
1176,2187
1177,1874
1178,5490
1179,6821
1180,477
1181,99
1183,16746
1184,1084
1185,5936
1186,7403
1187,1210
1188,7902
1189,3126
1190,1740
1191,1638
1192,1443
1193,44592
1194,2847
1196,72151
1197,46957
1198,67408
1199,18702
1200,38846
1201,22922
1202,2077
1203,21863
1204,15772
1206,36818
1207,18785
1208,32518
1209,7227
1210,67496
1211,4387
1212,8823
1213,42003
1214,45211
1215,14379
1216,2040
1217,6350
1218,3132
1219,27027
1220,24039
1221,43111
1222,32501
1223,8854
1224,4819
1225,24986
1226,2453
1227,5925
1228,13049
1230,19323
1231,8323
1232,3905
1233,15804
1234,18416
1235,9462
1236,1054
1237,6657
1238,3342
1240,47131
1241,3413
1242,13152
1243,4477
1244,10130
1245,7280
1246,31035
1247,22319
1248,5718
1249,9868
1250,14726
1251,4322
1252,20730
1253,6897
1254,6377
1255,2343
1256,6391
1257,5784
1258,38640
1259,27367
1260,5728
1261,9858
1262,13217
1263,13621
1264,2701
1265,46512
1266,17593
1267,10028
1268,3309
1269,7650
1270,61879
1271,9797
1272,9065
1273,3267
1274,11622
1275,13311
1276,13466
1277,4196
1278,18311
1279,3064
1280,3664
1281,5484
1282,14154
1283,5840
1284,6665
1285,12600
1286,2374
1287,10165
1288,19492
1289,3422
1290,2627
1291,46401
1292,7154
1293,11078
1295,3605
1296,6778
1297,4776
1298,7199
1299,7712
1300,3690
1301,4273
1302,14286
1303,3918
1304,17587
1305,3312
1306,1148
1307,27362
1308,25
1309,34
1310,395
1311,163
1312,340
1313,119
1314,42
1315,66
1316,47
1317,330
1318,173
1319,24
1320,16179
1321,8866
1322,296
1323,442
1324,241
1325,280
1326,631
1327,3378
1328,272
1329,379
1330,1025
1331,442
1332,779
1333,13793
1334,3000
1335,229
1336,467
1337,724
1339,11331
1340,2683
1341,467
1342,4288
1343,10505
1344,4553
1345,10870
1346,1859
1347,9714
1348,4805
1349,123
1350,6814
1351,418
1352,792
1353,2215
1354,4354
1355,883
1356,22188
1357,8341
1358,14354
1359,4473
1360,68
1361,1863
1363,1752
1364,103
1365,1173
1366,2151
1367,10185
1368,45
1369,106
1370,19308
1371,10727
1372,11736
1373,8130
1374,18400
1375,11835
1376,14369
1377,15834
1378,7185
1379,3150
1380,18926
1381,3823
1382,1121
1383,149
1384,125
1385,7098
1386,40
1387,29265
1388,4957
1389,2149
1390,1701
1391,20793
1392,1773
1393,26643
1394,18065
1395,2289
1396,13275
1397,625
1398,867
1399,1545
1400,32
1401,1519
1404,673
1405,9590
1406,426
1407,19963
1408,13630
1409,6508
1410,764
1411,6151
1412,282
1413,378
1414,1684
1415,277
1416,5304
1417,785
1419,1598
1420,86
1421,190
1422,3054
1423,181
1424,26
1425,2282
1426,254
1427,804
1428,323
1429,3605
1430,204
1431,3391
1432,1448
1433,68
1434,60
1436,67
1437,353
1438,6725
1439,355
1440,758
1441,6353
1442,771
1443,24
1444,134
1445,1333
1446,2315
1447,647
1448,50
1449,6433
1450,302
1453,1652
1454,827
1455,177
1456,585
1457,3077
1458,230
1459,3884
1460,823
1461,2869
1462,21
1463,364
1464,5798
1465,1025
1466,13390
1467,31
1468,1213
1470,56
1471,94
1472,410
1473,235
1474,2059
1475,816
1476,6064
1477,366
1479,8758
1480,1963
1482,516
1483,3232
1484,1070
1485,22475
1486,90
1487,1788
1488,3786
1489,492
1490,338
1493,220
1495,770
1496,363
1497,867
1498,1249
1499,6943
1500,15667
1501,192
1502,269
1503,1351
1504,136
1507,393
1508,206
1509,208
1510,22
1511,156
1513,8766
1514,132
1515,4155
1516,466
1517,27589
1518,3330
1519,119
1520,151
1522,41
1523,362
1524,20
1525,348
1526,832
1527,40550
1528,29
1529,331
1531,75
1532,64
1533,358
1534,188
1535,757
1537,3981
1538,129
1539,301
1541,2245
1542,2232
1543,75
1544,19112
1545,643
1546,495
1547,292
1548,42
1549,127
1550,709
1551,323
1552,17747
1553,33
1554,1367
1555,67
1556,5893
1557,21
1558,32
1559,9
1561,40
1562,11686
1563,216
1564,277
1565,257
1566,9076
1567,84
1568,7
1569,11802
1570,347
1571,465
1572,974
1573,23875
1574,121
1575,158
1577,39
1578,20
1579,43
1580,48434
1581,663
1582,509
1583,273
1584,25896
1585,208
1586,7549
1587,8273
1588,4902
1589,5505
1590,8883
1591,6188
1592,1629
1593,1726
1594,2662
1595,991
1596,511
1597,11518
1598,948
1599,607
1600,680
1601,668
1602,456
1603,3469
1604,853
1605,951
1606,902
1608,17233
1609,810
1610,26219
1611,2958
1612,450
1613,247
1614,4797
1615,2846
1616,4286
1617,32831
1619,5657
1620,5040
1621,687
1622,58
1623,1203
1624,482
1625,23310
1626,812
1627,2795
1628,41
1629,943
1630,18
1631,529
1632,174
1633,2413
1635,5915
1636,80
1639,15477
1640,516
1641,17167
1642,681
1643,2716
1644,8783
1645,16718
1646,884
1647,698
1648,1617
1649,1478
1650,433
1651,153
1652,85
1653,26958
1654,663
1655,798
1656,124
1657,149
1658,1970
1659,94
1660,1263
1661,682
1662,235
1663,9230
1664,80
1665,4193
1666,143
1667,1136
1668,307
1669,315
1670,733
1671,285
1672,4434
1673,16652
1674,12332
1675,129
1676,21043
1677,178
1678,4539
1679,200
1680,7639
1681,2520
1682,44140
1683,1920
1684,617
1685,88
1686,1016
1687,5519
1688,5829
1689,2328
1690,13485
1692,114
1693,5255
1694,3094
1695,205
1696,283
1697,23
1698,54
1699,1182
1701,3369
1702,5404
1703,783
1704,50824
1705,14
1706,12
1707,3635
1708,15
1709,19
1711,4923
1713,2726
1714,35
1715,104
1716,31
1717,8240
1718,46
1719,3942
1720,57
1721,45767
1722,14288
1723,54
1724,38
1725,150
1726,2632
1727,2395
1728,238
1729,15038
1730,1902
1731,895
1732,36349
1733,540
1734,1918
1735,3192
1738,14
1739,661
1740,14
1742,26
1743,53
1744,496
1746,532
1747,11401
1748,14404
1749,95
1750,366
1752,1906
1753,3019
1754,4431
1755,650
1756,524
1757,955
1759,397
1760,2970
1762,1603
1764,12
1765,22
1767,238
1768,62
1769,2872
1770,214
1771,410
1772,3143
1773,155
1774,13
1776,14
1777,16337
1779,7084
1780,138
1781,8
1782,37
1783,1301
1784,27176
1785,1517
1787,22
1788,673
1789,14
1791,544
1792,5424
1793,128
1794,1211
1795,61
1796,37
1797,1934
1798,348
1799,2428
1801,7215
1804,834
1805,8513
1806,1159
1807,167
1809,1348
1810,4091
1811,88
1812,236
1814,239
1815,11
1816,739
1817,90
1819,19
1820,63
1821,1726
1822,185
1824,488
1825,221
1826,440
1827,1075
1829,285
1830,10
1831,8357
1832,51
1833,2864
1834,4733
1835,6133
1836,1673
1837,528
1839,551
1840,1809
1841,777
1842,24
1843,48
1844,753
1845,2504
1846,341
1847,2
1848,1631
1849,54
1850,105
1851,15
1852,13
1853,169
1854,419
1855,832
1856,638
1857,236
1858,1465
1859,651
1860,534
1861,107
1862,2301
1863,1082
1864,120
1865,408
1866,1798
1867,266
1869,484
1870,388
1871,72
1872,74
1873,3093
1874,189
1875,1079
1876,13458
1877,48
1878,149
1879,247
1880,353
1881,819
1882,9403
1883,5244
1884,13214
1885,4400
1886,85
1887,660
1888,3173
1889,1798
1890,69
1891,118
1892,4774
1893,204
1894,5626
1895,3608
1896,280
1897,1096
1898,117
1899,91
1900,1046
1901,73
1902,288
1903,58
1904,982
1905,47
1906,272
1907,14851
1908,43
1909,13082
1910,310
1911,8203
1912,8432
1913,2101
1914,2792
1915,34
1916,3592
1917,26671
1918,10129
1919,945
1920,4637
1921,11543
1922,227
1923,29426
1924,2521
1925,403
1926,216
1927,2947
1928,184
1929,835
1930,97
1931,2030
1932,327
1933,237
1934,1038
1935,1068
1936,822
1937,593
1938,1348
1939,2222
1940,763
1941,900
1942,998
1943,574
1944,3181
1945,6982
1946,1480
1947,9813
1948,1379
1949,2374
1950,4151
1951,2503
1952,7513
1953,9961
1954,20682
1955,5859
1956,4707
1957,7013
1958,5406
1959,5360
1960,7721
1961,33284
1962,9567
1963,2581
1964,2513
1965,6678
1966,1830
1967,10534
1968,29669
1969,2645
1970,3090
1971,2111
1972,1709
1973,1644
1974,4969
1975,2125
1976,1685
1977,1569
1978,1354
1979,1466
1980,1255
1981,1426
1982,9347
1983,2186
1984,1360
1985,1246
1986,1135
1987,714
1988,339
1989,192
1990,156
1991,3213
1992,1486
1993,1196
1994,11366
1995,1651
1996,1211
1997,18245
1998,1154
1999,1285
2000,22152
2001,15124
2002,10567
2003,14222
2004,5436
2005,14603
2006,16068
2007,394
2008,103
2009,4868
2010,7290
2011,28236
2012,26166
2013,5391
2014,1996
2015,2603
2016,884
2017,1043
2018,9448
2019,16531
2020,8039
2021,10675
2022,3183
2023,12326
2024,848
2025,2727
2026,1334
2027,1114
2028,58368
2029,508
2030,42
2031,275
2032,245
2033,1860
2034,2372
2035,357
2036,1271
2037,466
2038,1269
2039,68
2040,837
2041,876
2042,2753
2043,1183
2044,295
2045,424
2046,5617
2047,175
2048,2327
2049,214
2050,1071
2051,949
2052,3621
2053,4997
2054,18346
2055,220
2056,192
2057,802
2058,10438
2059,4899
2060,3133
2061,144
2062,440
2063,81
2064,7692
2065,4462
2066,1486
2067,6381
2068,2385
2069,1129
2070,1803
2071,1439
2072,3918
2073,630
2074,395
2075,623
2076,12303
2077,1090
2078,12077
2079,146
2080,12430
2081,17911
2082,5265
2083,4208
2084,1165
2085,9908
2086,221
2087,9056
2088,3740
2089,2942
2090,3702
2091,1246
2093,2154
2094,7362
2095,823
2096,8373
2097,1481
2098,487
2099,1550
2100,12558
2101,160
2102,1529
2103,250
2104,312
2105,11973
2106,1623
2107,2562
2108,7227
2109,7981
2110,2687
2111,2423
2112,2747
2113,584
2114,3811
2115,29294
2116,5621
2117,4000
2118,4282
2119,1480
2120,1758
2121,2268
2122,2921
2123,3106
2124,10248
2125,6659
2126,5160
2127,41
2128,257
2129,70
2130,2149
2131,823
2132,3721
2133,5064
2134,7000
2135,2194
2136,2956
2137,6170
2138,3167
2139,5326
2140,9130
2141,5291
2142,2529
2143,3675
2144,10459
2145,8076
2146,3515
2147,1343
2148,1324
2149,716
2150,9358
2151,1685
2152,793
2153,2974
2154,1107
2155,1970
2156,63
2157,115
2158,207
2159,1924
2160,10690
2161,12497
2162,2278
2163,1935
2164,240
2165,1010
2166,1047
2167,15679
2168,530
2169,1179
2170,1064
2171,1227
2172,139
2173,802
2174,24681
2175,111
2176,4409
2177,723
2178,1346
2179,445
2180,689
2181,1395
2182,953
2183,2896
2184,1649
2185,416
2186,6568
2187,332
2188,2334
2189,202
2190,315
2191,101
2192,72
2193,10683
2194,18929
2195,1318
2196,358
2197,164
2198,61
2199,80
2200,126
2201,282
2202,1736
2203,2785
2204,897
2205,683
2206,1705
2207,214
2208,2760
2209,212
2210,649
2211,284
2212,1439
2213,26
2214,86
2215,100
2216,60
2217,9
2218,53
2219,156
2220,47
2221,251
2222,28
2223,47
2224,31
2225,47
2226,96
2227,317
2229,19
2230,13
2231,7855
2232,9216
2233,65
2234,54
2235,36
2236,1931
2237,433
2238,616
2239,711
2240,1615
2241,738
2242,70
2243,6182
2244,95
2245,5144
2246,64
2247,2209
2248,10045
2249,1881
2250,402
2251,8
2252,1730
2253,4025
2254,9
2255,494
2256,149
2257,136
2258,48
2259,1450
2260,272
2261,1202
2262,2357
2263,1473
2264,690
2265,792
2266,1290
2267,586
2268,19616
2269,3418
2270,31
2271,563
2272,922
2273,14643
2274,13
2275,795
2276,360
2277,8
2278,11672
2279,2964
2280,925
2281,102
2282,2352
2283,536
2284,364
2285,832
2286,253
2287,1678
2288,14719
2289,8255
2290,1186
2291,28689
2292,216
2293,86
2294,12857
2295,534
2296,2655
2297,5036
2298,187
2299,49
2300,7088
2301,4948
2302,16164
2303,2562
2304,121
2305,213
2306,1043
2307,201
2308,48
2309,47
2310,1002
2311,4673
2312,2836
2313,7959
2314,663
2315,2163
2316,3293
2317,68
2318,5179
2319,20
2320,1954
2321,15417
2322,2572
2323,264
2324,29819
2325,1954
2326,48
2327,808
2328,1922
2329,38967
2330,849
2331,1220
2332,221
2333,4638
2334,3407
2335,7923
2336,9604
2337,1571
2338,4787
2339,392
2340,7193
2341,296
2342,260
2343,22
2344,1811
2345,255
2346,2351
2347,685
2348,2563
2349,1532
2350,150
2351,1631
2352,7050
2353,18246
2354,1499
2355,26736
2356,1259
2357,2613
2358,151
2359,6807
2360,3025
2361,1467
2362,418
2363,2699
2364,758
2365,910
2366,7284
2367,3004
2368,438
2369,5528
2370,1003
2371,6943
2372,2051
2373,1894
2374,1644
2375,4217
2376,4210
2377,1291
2378,7093
2379,3841
2380,3109
2381,3011
2382,2512
2383,2324
2384,5884
2385,1028
2386,603
2387,2518
2388,180
2389,3218
2390,2608
2391,7098
2392,1874
2393,9104
2394,8094
2395,17715
2396,27514
2397,163
2398,5321
2399,1436
2400,381
2401,3163
2402,6040
2403,8871
2404,4315
2405,6760
2406,15101
2407,11559
2408,1999
2409,6860
2410,6335
2411,6127
2412,4186
2413,5769
2414,2803
2415,76
2416,2913
2417,577
2418,701
2419,383
2420,11493
2421,6871
2422,4032
2423,7472
2424,14973
2425,611
2426,164
2427,9530
2428,6685
2429,1672
2430,958
2431,7680
2432,2669
2433,4072
2434,273
2435,691
2436,1345
2437,868
2438,16
2439,1704
2440,388
2441,205
2442,1365
2443,1307
2444,83
2445,803
2446,654
2447,3194
2448,1545
2449,337
2450,4104
2451,824
2452,110
2453,1237
2454,3784
2455,12962
2456,1982
2457,1402
2458,921
2459,4589
2460,1072
2461,480
2462,652
2463,3559
2464,176
2465,283
2466,85
2467,6320
2468,3051
2469,3885
2470,13719
2471,5814
2472,557
2473,1311
2474,3694
2475,660
2476,2313
2477,335
2478,7348
2479,326
2480,40
2481,463
2482,371
2483,440
2484,14
2485,6795
2486,64
2487,108
2488,1421
2489,19
2490,9557
2491,925
2492,801
2493,272
2494,210
2495,1560
2496,4405
2497,2051
2498,999
2499,384
2500,1234
2501,8433
2502,28330
2503,122
2504,1629
2505,4813
2506,1429
2507,476
2508,18
2509,179
2510,75
2511,1438
2512,208
2513,4349
2514,1120
2515,498
2516,437
2517,2874
2518,2162
2519,1043
2520,1588
2521,709
2522,676
2523,256
2524,2201
2525,830
2526,628
2527,4964
2528,5936
2529,15599
2530,2775
2531,2230
2532,2208
2533,3723
2534,114
2535,751
2536,340
2537,294
2538,44
2539,10791
2540,1120
2541,10690
2542,24152
2543,53
2544,126
2545,134
2546,1068
2547,10
2548,913
2549,1735
2550,1884
2551,2312
2552,317
2553,1574
2554,787
2555,1535
2556,47
2557,414
2558,2195
2559,416
2560,1832
2561,1266
2562,247
2563,979
2564,19
2565,4166
2566,319
2567,4143
2568,1514
2569,54
2570,792
2571,93808
2572,16876
2573,322
2574,1548
2575,1385
2576,35
2577,243
2578,96
2579,2080
2580,9015
2581,8368
2582,599
2583,1966
2584,21
2585,684
2586,173
2587,1080
2588,12
2589,355
2590,628
2591,35
2592,30
2593,553
2594,3107
2595,18
2596,1815
2597,507
2598,4082
2599,15290
2600,6619
2601,15
2602,66
2603,32
2604,27
2605,9532
2606,2180
2607,665
2608,47
2609,501
2610,390
2611,1252
2612,1327
2613,1639
2614,429
2615,1072
2616,6386
2617,22927
2618,1384
2619,10
2620,240
2621,422
2622,3778
2623,49
2624,900
2625,696
2626,320
2627,106
2628,37973
2629,887
2630,388
2631,35
2632,187
2633,1905
2634,714
2635,192
2636,89
2637,191
2638,198
2639,1300
2640,16890
2641,9208
2642,5321
2643,3654
2644,2592
2646,238
2647,300
2648,4175
2649,436
2650,204
2651,453
2652,345
2653,249
2654,1102
2655,326
2656,408
2657,15472
2658,44
2659,263
2660,1264
2661,583
2662,5168
2663,247
2664,5343
2665,404
2666,122
2667,245
2668,1555
2669,504
2670,1371
2671,17387
2672,4850
2673,196
2674,188
2675,103
2676,2131
2677,2877
2678,196
2679,53
2680,28
2681,463
2682,784
2683,29089
2684,29
2685,54
2686,6145
2687,8322
2688,6120
2689,231
2690,2987
2691,1033
2692,22239
2693,1888
2694,11737
2695,107
2696,1595
2697,386
2698,23
2699,14351
2700,20870
2701,13691
2702,3334
2703,32
2704,581
2705,123
2706,29519
2707,7347
2708,551
2709,2044
2710,22780
2711,312
2712,19727
2713,4279
2714,616
2715,130
2716,38267
2717,10171
2718,3213
2719,4987
2720,4691
2721,670
2722,8468
2723,8940
2724,9604
2725,683
2726,2876
2727,487
2728,6033
2729,3913
2730,3870
2731,4201
2732,2244
2733,330
2734,2906
2735,4365
2736,1462
2737,121
2738,539
2739,6158
2740,80
2741,335
2742,63
2743,93
2744,239
2745,2703
2746,9699
2747,3039
2748,976
2749,591
2750,2496
2751,343
2752,1002
2753,362
2754,82
2755,183
2756,227
2757,780
2758,208
2759,2962
2760,44
2761,12381
2762,57010
2763,13325
2764,2856
2765,303
2766,272
2767,260
2768,74
2769,781
2770,10147
2771,1694
2772,2172
2773,92
2774,730
2775,175
2776,121
2777,79
2778,209
2779,2446
2780,526
2781,422
2782,780
2783,163
2784,610
2785,156
2786,427
2787,1271
2788,6773
2789,1457
2790,651
2791,24936
2792,4871
2793,2334
2794,3742
2795,7643
2796,1524
2797,24016
2798,1899
2799,1256
2800,344
2801,870
2802,2125
2803,5689
2804,15016
2805,4833
2806,1838
2807,1390
2808,4759
2809,283
2810,2826
2811,34
2812,342
2813,127
2814,123
2815,1827
2816,985
2817,722
2818,465
2819,4117
2820,329
2821,34
2822,2084
2823,43
2824,129
2825,57
2826,8341
2827,3205
2828,1025
2829,1595
2830,144
2831,83
2832,37
2833,168
2834,207
2835,497
2836,1254
2837,203
2838,28
2839,209
2840,5521
2841,4928
2842,430
2843,1859
2844,574
2845,43
2846,1660
2847,487
2848,455
2849,201
2850,57
2851,632
2852,1130
2853,280
2854,80
2855,115
2856,484
2857,4671
2858,65158
2859,2622
2860,2271
2861,2482
2862,1232
2863,4671
2864,193
2865,135
2866,1451
2867,2730
2868,492
2869,54
2870,1416
2871,9488
2872,6676
2873,217
2874,481
2875,2123
2876,630
2877,1848
2878,237
2879,1176
2880,653
2881,8227
2882,1032
2883,1797
2884,302
2885,531
2886,414
2887,135
2888,1251
2889,1972
2890,13609
2891,1364
2892,188
2893,506
2894,556
2895,22
2896,102
2897,233
2898,785
2899,709
2900,992
2901,2198
2902,1275
2903,807
2904,150
2905,1788
2906,1691
2907,1734
2908,8653
2909,21
2910,61
2911,93
2912,3591
2913,242
2914,134
2915,9017
2916,26920
2917,4122
2918,33683
2919,2927
2920,1239
2921,3144
2922,1876
2923,138
2924,2460
2925,1239
2926,3529
2927,1309
2928,542
2929,1520
2930,93
2931,590
2932,2098
2933,216
2934,44
2935,1678
2936,1743
2937,994
2938,313
2939,578
2940,1281
2941,2108
2942,4147
2943,1101
2944,7858
2945,146
2946,2191
2947,14422
2948,8772
2949,8898
2950,3998
2951,9062
2952,2274
2953,9790
2954,23
2955,31
2956,945
2957,27
2958,7
2959,77332
2960,91
2961,1909
2962,493
2963,129
2964,305
2965,436
2966,4346
2967,958
2968,9252
2969,699
2970,1791
2971,2487
2972,579
2973,4760
2974,657
2975,640
2976,4004
2977,427
2978,1051
2979,324
2980,17
2981,58
2982,217
2983,865
2984,156
2985,18396
2986,5770
2987,25451
2988,730
2989,4933
2990,4816
2991,5787
2992,220
2993,5299
2994,77
2995,3192
2996,776
2997,36151
2998,79
2999,90
3000,17730
3001,82
3002,530
3003,215
3004,1727
3005,7973
3006,9981
3007,2298
3008,785
3009,27
3010,447
3011,1197
3012,130
3013,577
3014,257
3015,1133
3016,3234
3017,872
3018,2922
3019,4047
3020,8091
3021,319
3022,3094
3023,34
3024,1118
3025,62
3026,88
3028,975
3029,865
3030,5053
3031,412
3032,1929
3033,15168
3034,6799
3035,2644
3036,1286
3037,4273
3038,777
3039,12106
3040,2223
3041,483
3042,402
3043,230
3044,3998
3045,873
3046,640
3047,89
3048,347
3049,240
3050,138
3051,1278
3052,20101
3053,2919
3054,1974
3055,627
3056,130
3057,58
3058,73
3059,24
3060,5373
3061,1868
3062,3093
3063,1253
3064,476
3065,40
3066,2137
3067,3157
3068,2728
3069,246
3070,4033
3071,2768
3072,8014
3073,176
3074,1703
3075,1720
3076,694
3077,1225
3078,801
3079,1551
3080,15
3081,17415
3082,10496
3083,5249
3084,20
3085,51
3086,501
3087,6401
3088,4082
3089,4903
3090,1196
3091,1708
3092,141
3093,1697
3094,820
3095,4188
3096,696
3097,2052
3098,5278
3099,1449
3100,5981
3101,10267
3102,1563
3103,424
3104,5860
3105,8505
3106,104
3107,8386
3108,8334
3109,358
3110,203
3111,1313
3112,360
3113,5899
3114,32683
3115,709
3116,45
3117,590
3118,386
3119,164
3120,982
3121,212
3122,154
3123,38
3124,151
3125,1272
3126,69
3127,629
3128,310
3129,1911
3130,1194
3131,20
3132,159
3133,280
3134,1963
3135,1499
3136,41
3137,135
3138,363
3139,123
3140,146
3141,602
3142,1135
3143,223
3144,268
3145,1160
3146,4370
3147,38965
3148,7474
3149,58
3150,364
3151,21
3152,3213
3153,1661
3154,51
3155,3643
3156,5278
3157,6488
3158,391
3159,4675
3160,15557
3161,205
3162,98
3163,1617
3164,12
3165,383
3166,87
3167,1173
3168,6411
3169,1774
3170,7
3171,193
3172,68
3173,4567
3174,9012
3175,17512
3176,16075
3177,1545
3178,4860
3179,1624
3180,400
3181,1471
3182,992
3183,215
3184,47
3185,2128
3186,6154
3187,28
3188,317
3189,1968
3190,1166
3191,6
3192,147
3193,6
3194,1276
3195,8
3196,3233
3197,1356
3198,5270
3199,307
3200,1358
3201,2527
3202,179
3203,3498
3204,1522
3205,343
3206,812
3207,76
3208,2143
3209,14
3210,9510
3211,410
3212,23
3213,2227
3214,425
3215,68
3216,154
3217,481
3218,201
3219,2451
3220,39
3221,519
3222,168
3223,402
3224,1031
3225,996
3226,5
3227,12
3228,24
3229,42
3230,557
3231,33
3232,290
3233,14
3234,3
3235,530
3236,29
3237,8
3238,1267
3239,210
3240,200
3241,358
3242,56
3243,2805
3244,1541
3245,259
3246,5026
3247,8723
3248,3152
3249,2858
3250,3040
3251,1374
3252,11254
3253,16697
3254,6066
3255,11506
3256,10572
3257,7253
3258,4372
3259,3329
3260,3099
3261,2934
3262,3554
3263,6110
3264,5124
3265,3238
3266,1847
3267,4777
3268,2046
3269,3452
3270,1635
3271,3866
3272,1600
3273,7830
3274,3007
3275,12878
3276,319
3277,6
3278,10
3279,21
3280,57
3281,347
3282,117
3283,139
3284,254
3285,8144
3286,925
3287,1096
3288,25
3289,425
3290,3
3291,27
3292,168
3293,32
3294,95
3295,111
3296,1858
3297,10
3298,5303
3299,902
3300,11632
3301,8972
3302,262
3303,87
3304,393
3305,54
3306,609
3307,3995
3308,1175
3309,249
3310,1805
3311,284
3312,5
3313,111
3314,38
3315,19
3316,2738
3317,7169
3318,207
3319,144
3320,440
3321,11
3322,74
3323,89
3324,1125
3325,940
3326,1001
3327,819
3328,5186
3329,243
3330,794
3331,213
3332,10
3333,88
3334,3211
3335,72
3336,21
3337,16
3338,401
3339,748
3340,312
3341,1010
3342,1472
3343,215
3344,195
3345,117
3346,43
3347,1383
3348,33
3349,99
3350,907
3351,136
3352,33
3353,38
3354,7330
3355,4861
3356,1
3357,530
3358,2409
3359,3371
3360,5061
3361,7479
3362,9597
3363,8424
3364,1247
3365,2887
3367,215
3368,434
3369,26
3370,337
3371,253
3372,361
3373,54
3374,117
3375,227
3376,7
3377,63
3378,67
3379,630
3380,36
3381,8
3382,7
3383,5
3384,2007
3385,692
3386,8271
3387,1160
3388,2313
3389,128
3390,237
3391,712
3392,1094
3393,233
3394,1273
3395,276
3396,7143
3397,2598
3398,2661
3399,594
3400,432
3401,595
3402,124
3403,210
3404,1735
3405,807
3406,444
3407,25
3408,21645
3409,9113
3410,49
3411,5
3412,1103
3413,55
3414,242
3415,1266
3417,395
3418,13685
3419,53
3420,1322
3421,13334
3422,1059
3423,381
3424,7226
3425,502
3426,1159
3427,389
3428,335
3429,2791
3430,1364
3431,556
3432,506
3433,321
3434,256
3435,6586
3436,833
3437,179
3438,5847
3439,3027
3440,2243
3441,3300
3442,179
3443,66
3444,2408
3445,661
3446,282
3447,382
3448,14376
3449,150
3450,6086
3451,3014
3452,4933
3453,663
3454,438
3455,25
3456,452
3457,601
3458,25
3459,422
3460,15
3461,2888
3462,6051
3463,74
3465,82
3466,1216
3467,1711
3468,4997
3469,2230
3470,1294
3471,17834
3472,115
3473,113
3474,161
3475,904
3476,6198
3477,3195
3478,2125
3479,4059
3480,1090
3481,20240
3483,3995
3484,2663
3485,28
3486,65
3487,612
3488,77
3489,11443
3490,197
3491,217
3492,85
3493,79
3494,2147
3495,61
3496,236
3497,415
3498,3451
3499,12018
3500,729
3501,949
3502,601
3503,3616
3504,6985
3505,2975
3506,727
3507,3414
3508,4066
3509,425
3510,9326
3511,586
3512,2938
3513,2845
3514,255
3515,1141
3516,1011
3517,23
3518,258
3519,1098
3520,140
3521,1787
3522,62
3523,50
3524,3160
3525,2072
3526,5425
3527,20776
3528,1795
3529,1105
3530,54
3531,136
3533,82
3534,5357
3535,18868
3536,4551
3537,285
3538,1268
3539,456
3540,149
3541,11
3542,19
3543,3769
3544,474
3545,3712
3546,1901
3547,471
3548,1432
3549,1798
3550,1195
3551,4091
3552,11006
3553,693
3554,1189
3555,7900
3556,8104
3557,713
3558,14
3559,485
3560,70
3561,1
3562,164
3563,496
3564,1786
3565,2126
3566,1531
3567,183
3568,102
3569,1128
3570,43
3571,648
3572,391
3573,170
3574,145
3575,55
3576,1373
3577,311
3578,57449
3579,314
3580,193
3581,1027
3582,3
3583,5
3584,569
3585,88
3586,116
3587,459
3588,242
3589,29
3590,295
3591,3177
3592,125
3593,5010
3594,1466
3595,66
3596,379
3597,413
3598,1239
3599,575
3600,465
3601,40
3602,189
3603,25
3604,571
3605,233
3606,1062
3607,15
3608,6463
3609,71
3610,109
3611,188
3612,158
3613,362
3614,2161
3615,3403
3616,1675
3617,9947
3618,2287
3619,288
3620,249
3621,691
3622,373
3623,22254
3624,11026
3625,68
3626,300
3627,899
3628,332
3629,2901
3630,69
3631,45
3632,503
3633,3429
3634,1013
3635,5185
3636,55
3637,303
3638,5591
3639,4708
3640,137
3641,104
3642,46
3643,294
3644,66
3645,637
3646,3632
3647,9
3648,105
3649,1518
3650,61
3651,41
3652,245
3653,782
3654,3844
3655,421
3656,47
3657,50
3658,471
3659,178
3662,356
3663,252
3664,240
3665,184
3666,120
3667,139
3668,3017
3669,441
3670,101
3671,13664
3672,882
3673,252
3674,230
3675,2216
3676,4545
3677,2175
3678,481
3679,493
3680,357
3681,6977
3682,1796
3683,6467
3684,1909
3685,2354
3686,4330
3687,116
3688,2624
3689,979
3690,802
3691,241
3692,392
3693,1390
3694,423
3695,357
3696,601
3697,6714
3698,8371
3699,4491
3700,1106
3701,2419
3702,11801
3703,11672
3704,6824
3705,2320
3706,3338
3707,1900
3708,1626
3709,758
3710,813
3711,157
3712,1545
3713,421
3714,221
3715,314
3716,231
3717,13937
3718,402
3719,333
3720,651
3721,115
3722,61
3723,2112
3724,869
3725,422
3726,1347
3727,1419
3728,911
3729,1332
3730,5693
3731,265
3732,495
3733,1622
3734,359
3735,5250
3736,929
3737,236
3738,474
3739,566
3740,6746
3741,3182
3742,2386
3743,695
3744,4917
3745,6608
3746,397
3747,851
3748,30
3749,144
3750,4
3751,22822
3752,12467
3753,18624
3754,1812
3755,12771
3756,259
3757,151
3758,451
3759,276
3760,1617
3761,488
3762,18
3763,3452
3764,1040
3765,359
3766,839
3767,492
3768,389
3769,799
3770,1384
3771,652
3772,56
3773,746
3774,347
3775,163
3776,198
3777,212
3778,26
3779,14
3780,137
3781,125
3782,160
3783,2277
3784,1860
3785,14648
3786,2472
3787,523
3788,2543
3789,711
3790,298
3791,4215
3792,273
3793,40334
3794,849
3795,267
3796,167
3797,284
3798,7437
3799,1384
3800,78
3801,2368
3802,1623
3803,47
3804,159
3805,159
3806,196
3807,481
3808,286
3809,6424
3810,357
3811,1877
3812,2370
3813,699
3814,2136
3816,336
3817,81
3818,48
3819,2152
3820,213
3821,4089
3822,713
3823,408
3824,1623
3825,6158
3826,8822
3827,6266
3828,6
3829,46
3830,377
3831,1684
3832,272
3833,362
3834,539
3835,990
3836,2430
3837,521
3838,287
3839,247
3840,718
3841,1757
3843,584
3844,3674
3845,224
3846,455
3847,212
3848,110
3849,331
3850,50
3851,436
3852,1907
3853,55
3854,335
3855,384
3856,6
3857,817
3858,911
3859,446
3860,65
3861,3385
3862,297
3863,9750
3864,1468
3865,1029
3866,32
3867,91
3868,10237
3869,6012
3870,225
3871,2060
3872,554
3873,1400
3874,114
3875,197
3876,65
3877,1334
3878,71
3879,1601
3880,101
3881,69
3882,6698
3883,60
3884,256
3885,204
3886,211
3887,28
3888,67
3889,1438
3890,9
3891,32
3892,382
3893,4907
3894,162
3895,859
3896,1788
3897,24024
3898,488
3899,63
3900,156
3901,796
3902,91
3903,257
3904,9
3905,149
3906,555
3907,21
3908,1261
3909,687
3910,5070
3911,12835
3912,277
3913,127
3914,375
3915,820
3916,11927
3917,3853
3918,1687
3919,941
3920,383
3921,156
3922,120
3923,360
3924,86
3925,1519
3926,588
3927,1821
3928,1066
3929,741
3930,1307
3931,188
3932,1750
3933,166
3934,89
3936,586
3937,716
3938,287
3939,192
3940,122
3941,131
3942,126
3943,815
3944,88
3945,585
3946,1293
3947,867
3948,25370
3949,29235
3950,1488
3951,220
3952,2655
3953,1433
3954,55
3955,1171
3956,633
3957,652
3958,136
3959,3190
3960,166
3961,568
3962,293
3963,511
3964,865
3965,288
3966,574
3967,10736
3968,5829
3969,7766
3970,377
3971,174
3972,3410
3973,1654
3974,350
3975,531
3976,69
3977,21392
3978,3467
3979,5064
3980,4657
3981,4178
3982,201
3983,3164
3984,5481
3985,841
3986,6371
3987,1941
3988,9507
3989,620
3990,894
3991,2114
3992,1397
3993,3040
3994,20917
3995,33
3996,33343
3997,2477
3998,2726
3999,3835
4000,722
4001,180
4002,8694
4003,872
4004,24
4005,2665
4006,2966
4007,6409
4008,4468
4009,877
4010,2082
4011,32509
4012,593
4013,41
4014,15269
4015,7579
4016,11437
4017,2310
4018,14132
4019,7299
4020,3106
4021,1080
4022,32200
4023,5994
4024,670
4025,15462
4026,67
4027,29593
4028,382
4029,3075
4030,1421
4031,1100
4032,86
4033,3832
4034,19788
4035,343
4036,2728
4037,2204
4038,138
4039,2641
4040,2127
4041,4070
4042,681
4043,425
4044,67
4045,175
4046,351
4047,1783
4048,65
4049,92
4050,48
4051,67
4052,2234
4053,355
4054,4015
4055,781
4056,1879
4057,14
4058,26
4059,23
4060,102
4061,1286
4062,2254
4063,687
4064,242
4065,283
4066,1170
4067,924
4068,832
4069,5964
4070,36
4071,4
4072,148
4073,101
4074,90
4075,8
4076,32
4077,759
4078,131
4079,922
4080,829
4081,248
4082,885
4083,163
4084,5339
4085,13714
4086,1501
4087,61
4088,44
4089,533
4090,1753
4091,1599
4092,529
4093,113
4094,94
4095,692
4096,53
4097,162
4098,294
4099,57
4100,214
4101,51
4102,2427
4103,4026
4104,1140
4105,7663
4106,159
4107,49
4108,108
4109,491
4110,238
4111,236
4112,38
4113,236
4114,45
4115,186
4116,540
4117,1312
4118,100
4119,240
4120,53
4121,3529
4122,246
4123,561
4124,1407
4125,473
4126,686
4127,337
4128,6979
4129,171
4130,464
4131,312
4132,1961
4133,1590
4134,21
4135,691
4136,78
4137,87
4138,124
4139,88
4140,89
4141,627
4142,540
4143,787
4144,4146
4145,24
4146,599
4147,167
4148,11444
4149,2547
4150,22
4151,431
4152,222
4153,1007
4154,466
4155,2004
4156,68
4157,76
4158,1128
4159,1746
4160,359
4161,5383
4162,234
4163,37
4164,286
4165,84
4166,663
4167,1865
4168,654
4169,332
4170,16
4171,32
4172,25
4173,51
4174,732
4175,263
4176,125
4177,188
4178,1015
4179,224
4180,75
4181,264
4182,81
4183,323
4184,743
4185,117
4186,470
4187,914
4188,400
4189,266
4190,613
4191,801
4192,82
4193,92
4194,305
4195,577
4196,81
4197,220
4198,355
4199,215
4200,761
4201,192
4202,30
4203,743
4204,162
4205,1337
4206,238
4207,1114
4208,96
4209,143
4210,2391
4211,1337
4212,810
4213,442
4214,3745
4215,1133
4216,489
4217,341
4218,1015
4219,529
4220,1296
4221,611
4222,374
4223,11246
4224,935
4225,1926
4226,53658
4227,171
4228,2047
4229,553
4230,17
4231,1275
4232,6811
4233,766
4234,1736
4235,7703
4236,138
4237,367
4238,3872
4239,11146
4240,500
4241,759
4242,231
4243,107
4244,70
4245,82
4246,18623
4247,3318
4248,1623
4249,86
4250,172
4251,981
4252,161
4253,53
4254,2059
4255,2105
4256,268
4257,15
4258,21
4259,313
4260,45
4261,65
4262,19546
4263,699
4265,1402
4266,306
4267,1102
4268,236
4269,21
4270,13542
4271,124
4272,166
4273,379
4274,666
4275,1430
4276,808
4277,388
4278,694
4279,276
4280,2902
4281,81
4282,467
4283,303
4284,164
4285,969
4286,120
4287,156
4288,96
4289,157
4290,361
4291,2301
4292,1253
4293,687
4294,391
4295,65
4296,1133
4297,393
4298,1135
4299,10077
4300,214
4301,77
4302,73
4303,73
4304,1087
4305,1002
4306,54844
4307,55
4308,17506
4309,10
4310,13699
4311,18
4312,332
4313,329
4314,61
4315,25
4316,292
4317,1105
4318,860
4319,72
4320,114
4321,7751
4322,1905
4323,237
4324,71
4325,498
4326,4685
4327,4723
4328,159
4329,1753
4330,190
4331,236
4332,407
4333,2578
4334,983
4335,108
4336,593
4337,501
4338,726
4339,719
4340,2520
4341,448
4342,221
4343,6965
4344,8656
4345,1041
4346,30
4347,245
4348,36
4349,1578
4350,409
4351,5034
4352,232
4353,379
4354,585
4355,459
4356,1716
4357,964
4358,35
4359,1718
4360,251
4361,9122
4362,52
4363,73
4364,8
4365,18
4366,5113
4367,11388
4368,2604
4369,12641
4370,17225
4371,392
4372,1454
4373,615
4374,19
4375,68
4376,75
4377,33
4378,3315
4379,28
4380,1140
4381,813
4382,41
4383,1245
4384,133
4385,21
4386,3050
4387,1925
4388,6028
4389,494
4390,446
4391,173
4392,478
4393,316
4394,272
4395,217
4396,1826
4397,670
4398,263
4399,225
4400,72
4401,298
4402,77
4403,381
4404,422
4405,406
4406,2425
4407,877
4408,175
4409,420
4410,973
4411,441
4412,158
4413,53
4414,287
4415,499
4416,176
4417,177
4418,77
4419,446
4420,224
4421,41
4422,1037
4423,144
4424,1159
4425,225
4426,659
4427,1852
4428,381
4429,498
4430,107
4431,52
4432,1170
4433,285
4434,139
4435,57
4436,213
4437,2275
4438,658
4439,382
4440,624
4441,363
4442,361
4443,1240
4444,835
4445,117
4446,8137
4447,16274
4448,5386
4449,26
4450,1074
4451,103
4452,1135
4453,162
4454,321
4455,10
4456,18
4457,9
4458,200
4459,89
4460,30
4461,32
4462,334
4463,144
4464,1375
4465,1865
4466,787
4467,3912
4468,210
4469,98
4470,322
4471,460
4472,94
4473,351
4474,1515
4475,211
4476,415
4477,882
4478,1159
4479,390
4480,1071
4481,80
4482,353
4483,794
4484,264
4485,295
4486,309
4487,2746
4488,1182
4489,7193
4490,159
4491,66
4492,1004
4493,434
4494,321
4495,590
4496,614
4497,237
4498,1173
4499,4991
4500,424
4501,561
4502,829
4503,168
4504,218
4505,188
4506,1321
4507,55
4508,1551
4509,1203
4510,73
4511,216
4512,163
4513,70
4514,155
4515,461
4516,304
4517,342
4518,639
4519,3060
4520,595
4521,194
4522,171
4523,525
4524,350
4525,153
4526,1105
4527,170
4528,60
4529,746
4530,72
4531,1258
4532,501
4533,1714
4534,290
4535,1161
4536,53
4537,612
4538,60
4539,42
4540,134
4541,950
4542,58
4543,334
4544,1816
4545,4429
4546,1940
4547,97
4548,69
4549,40
4550,99
4551,45
4552,840
4553,3476
4554,23
4555,469
4556,60
4557,1031
4558,4021
4559,398
4560,151
4561,302
4562,402
4563,918
4564,1213
4565,649
4566,303
4567,199
4568,357
4569,164
4570,315
4571,10845
4572,1429
4573,199
4574,456
4575,75
4576,97
4577,884
4578,492
4579,70
4580,679
4581,133
4582,92
4583,106
4584,287
4585,536
4586,133
4587,1683
4588,144
4589,553
4590,135
4591,635
4592,77
4593,331
4594,70
4595,350
4596,41
4597,356
4598,159
4599,648
4600,351
4601,72
4602,542
4603,446
4604,21
4605,498
4606,56
4607,91
4608,153
4609,147
4610,282
4611,169
4612,605
4613,989
4614,961
4615,227
4616,1837
4617,257
4618,764
4619,464
4620,350
4621,4251
4622,335
4623,4363
4624,955
4625,392
4626,427
4627,203
4628,734
4629,352
4630,220
4631,56
4632,241
4633,308
4634,244
4635,429
4636,760
4637,244
4638,11545
4639,4453
4640,713
4641,8228
4642,3000
4643,12420
4644,647
4645,465
4646,431
4647,31
4648,22
4649,1496
4650,65
4651,71
4652,241
4653,112
4654,1580
4655,189
4656,43
4657,86
4658,639
4659,199
4660,100
4661,1263
4662,1096
4663,218
4664,516
4665,384
4666,183
4667,53
4668,60
4669,162
4670,464
4671,144
4672,366
4673,2573
4674,93
4675,503
4676,843
4677,3066
4678,2168
4679,3586
4680,455
4681,2407
4682,785
4683,477
4684,61
4685,237
4686,1099
4687,214
4688,599
4689,143
4690,620
4691,112
4692,373
4693,37
4694,57
4695,118
4696,430
4697,470
4698,57
4699,1055
4700,6701
4701,9895
4702,72
4703,1808
4704,371
4705,952
4706,175
4707,57
4708,209
4709,621
4710,810
4711,255
4712,184
4713,1961
4714,635
4715,119
4716,168
4717,146
4718,13139
4719,1742
4720,16578
4721,480
4722,194
4723,850
4724,65
4725,1544
4726,14
4727,1175
4728,5181
4729,147
4731,144
4732,1200
4733,1480
4734,8839
4735,1709
4736,633
4737,182
4738,591
4739,39
4740,135
4741,1108
4742,7
4743,559
4744,3229
4745,987
4746,86
4747,23
4748,1161
4749,668
4750,492
4751,99
4752,230
4753,160
4754,2654
4755,147
4756,812
4757,1579
4758,303
4759,157
4760,23
4761,130
4762,4
4763,65
4764,67
4765,561
4766,132
4767,421
4768,223
4769,239
4770,1173
4771,588
4772,268
4773,180
4774,701
4775,757
4776,14680
4777,163
4778,78
4779,125
4780,135
4781,81
4782,485
4783,693
4784,844
4785,279
4786,371
4787,1435
4788,529
4789,533
4790,137
4791,84
4792,799
4793,97
4794,338
4795,687
4796,125
4797,60
4798,404
4799,1854
4800,176
4801,375
4802,746
4803,1021
4804,174
4805,120
4806,255
4807,161
4808,717
4809,1267
4810,99
4811,482
4812,826
4813,386
4814,1910
4815,1435
4816,14824
4817,61
4818,50
4819,117
4820,3
4821,1536
4822,290
4823,5356
4824,115
4825,124
4826,676
4827,88
4828,149
4829,94
4830,558
4831,127
4832,67
4833,884
4834,543
4835,1328
4836,195
4837,343
4838,85
4839,103
4840,288
4841,99
4842,285
4843,11
4844,2969
4845,880
4846,1457
4847,382
4848,16635
4849,391
4850,280
4851,51
4852,252
4853,100
4854,87
4855,7827
4856,73
4857,3576
4858,49
4859,35
4860,58
4861,47
4862,572
4863,350
4864,114
4865,5952
4866,2072
4867,1747
4868,124
4869,91
4870,161
4871,256
4872,254
4873,4544
4874,10219
4875,109
4876,2951
4877,112
4878,35452
4879,102
4880,2676
4881,5237
4882,5
4883,36
4884,121
4885,628
4886,46036
4887,3662
4888,826
4889,2210
4890,7572
4891,11
4892,52
4893,302
4894,139
4895,133
4896,34825
4897,127
4898,649
4899,1368
4900,373
4901,7477
4902,2032
4903,2847
4904,12
4905,25
4906,13
4907,139
4908,119
4909,325
4910,27
4911,790
4912,1008
4913,53
4914,2802
4915,1051
4916,612
4917,120
4918,175
4919,354
4920,597
4921,657
4922,69
4923,86
4924,49
4925,146
4926,72
4927,303
4928,884
4929,819
4930,203
4931,51
4932,924
4933,50
4934,149
4935,67
4936,1340
4937,69
4938,82
4939,671
4940,48
4941,2002
4942,105
4943,101
4944,157
4945,829
4946,99
4947,524
4948,39
4949,241
4950,249
4951,1402
4952,103
4953,101
4954,2152
4955,74
4956,759
4957,805
4958,4074
4959,172
4960,75
4961,277
4962,133
4963,41217
4964,147
4965,365
4966,714
4967,2227
4968,66
4969,931
4970,1144
4971,761
4972,184
4973,43459
4974,3726
4975,13471
4976,850
4977,254
4978,1527
4979,20357
4980,4522
4981,473
4982,113
4983,72
4984,67
4985,205
4986,110
4987,220
4988,117
4989,909
4990,1836
4991,466
4992,4536
4993,73122
4994,2321
4995,41139
4996,311
4997,90
4998,384
4999,257
5000,160
5001,244
5002,568
5003,192
5004,1068
5005,178
5006,68
5007,395
5008,2641
5009,2434
5010,17083
5011,365
5012,625
5013,7180
5014,4849
5015,5935
5016,1568
5017,880
5018,54
5019,26
5020,46
5021,1225
5022,350
5023,245
5024,87
5025,2930
5026,3499
5027,1491
5028,170
5029,147
5030,33
5031,38
5032,32
5033,465
5034,983
5035,125
5036,247
5037,56
5038,259
5039,1033
5040,2298
5041,238
5042,157
5043,41
5044,111
5045,82
5046,781
5047,1927
5048,921
5049,4868
5050,19
5051,1054
5052,31
5053,552
5054,722
5055,1977
5056,670
5057,74
5058,154
5059,424
5060,13455
5061,128
5062,682
5063,208
5064,7844
5065,3634
5066,3360
5067,13
5068,173
5069,489
5070,7
5071,192
5072,1797
5073,489
5074,1031
5075,214
5076,499
5077,287
5078,180
5079,78
5080,586
5081,762
5082,27
5083,83
5084,58
5085,140
5086,82
5087,116
5088,145
5089,31
5090,173
5091,76
5092,1192
5093,2097
5094,1074
5095,451
5096,792
5097,97
5098,55
5099,423
5100,104
5101,298
5102,998
5103,4567
5104,67
5105,1428
5106,1153
5107,1371
5108,2760
5109,565
5110,5453
5111,1022
5112,326
5113,101
5114,365
5115,42
5116,77
5117,255
5118,248
5119,228
5120,1730
5121,523
5122,410
5123,125
5124,45
5125,468
5126,93
5127,926
5128,2249
5129,36
5130,40
5131,148
5132,14
5133,29
5134,475
5135,3011
5136,166
5137,442
5138,19
5139,1522
5140,244
5141,234
5142,266
5143,78
5144,29
5145,233
5146,1914
5147,2828
5148,49
5149,23
5150,42
5151,3465
5152,4745
5153,165
5154,35
5155,101
5156,44
5157,109
5158,94
5159,1578
5160,73
5161,180
5162,71
5163,125
5164,211
5165,467
5166,32
5167,137
5168,259
5169,388
5170,266
5171,5142
5172,415
5173,57
5174,101
5175,67
5176,16
5177,897
5178,40
5179,176
5180,104
5181,100
5182,83
5183,60
5184,247
5185,68
5186,59
5187,390
5188,55
5189,156
5190,58
5192,120
5193,237
5194,68
5195,60
5196,86
5197,183
5198,607
5199,251
5200,54
5201,42
5202,168
5203,79
5204,63
5205,273
5206,91
5207,52
5208,140
5210,78
5211,179
5212,177
5213,318
5214,958
5215,114
5216,89
5217,88
5218,24005
5219,9097
5220,1642
5221,154
5222,1666
5223,123
5224,145
5225,6719
5226,543
5227,122
5228,88
5229,30
5230,183
5231,239
5232,176
5233,121
5234,116
5235,239
5236,112
5237,839
5238,244
5239,53
5240,165
5241,324
5242,46
5243,163
5244,386
5245,68
5246,642
5247,1746
5248,387
5249,99
5250,772
5251,117
5252,28
5253,33
5254,8648
5255,628
5256,111
5257,6
5258,354
5259,51
5260,21
5261,11
5262,63
5263,98
5264,848
5265,2416
5266,10957
5267,2588
5268,184
5269,1451
5270,22
5271,11
5272,248
5273,33
5274,42
5275,125
5276,169
5277,64
5278,66
5279,346
5280,37
5281,28
5282,1064
5283,3176
5284,239
5285,60
5286,45
5287,194
5288,597
5289,149
5290,149
5291,6039
5292,2211
5293,3124
5294,3194
5295,82
5296,1802
5297,494
5298,908
5299,15762
5300,674
5301,95
5302,67
5303,2107
5304,747
5305,343
5306,78
5307,185
5308,3705
5309,1575
5310,412
5311,261
5312,1749
5313,4614
5314,135
5315,89
5316,1197
5317,43
5318,46
5319,1774
5320,6
5321,82
5322,41
5323,1435
5324,779
5325,1183
5326,18
5327,68
5328,71
5329,1189
5330,4
5331,77
5332,85
5333,468
5334,545
5335,192
5336,52
5337,318
5338,24
5339,1308
5340,144
5341,736
5342,67
5343,163
5344,83
5345,52
5346,431
5347,149
5348,702
5349,38627
5350,52
5351,82
5352,255
5353,228
5354,246
5355,105
5356,88
5357,403
5358,195
5359,307
5360,141
5361,519
5362,81
5363,1144
5364,2459
5365,96
5366,121
5367,799
5368,214
5369,84
5370,41
5371,31
5372,305
5373,429
5374,64
5375,159
5376,142
5377,12969
5378,27415
5379,1029
5380,2238
5381,103
5382,724
5383,479
5384,113
5385,1156
5386,51
5387,1000
5388,9510
5389,1671
5390,266
5391,1117
5392,305
5393,39
5394,96
5395,146
5396,105
5397,319
5398,296
5399,156
5400,4896
5401,1716
5402,12
5403,16
5404,561
5405,21
5406,108
5407,37
5408,48
5409,190
5410,1103
5411,37
5412,113
5413,89
5414,1059
5415,1543
5416,139
5417,675
5418,37489
5419,4124
5420,2301
5421,1099
5422,249
5423,279
5424,149
5425,202
5426,89
5427,241
5428,353
5429,66
5430,42
5431,171
5432,67
5433,573
5434,432
5435,294
5436,119
5437,397
5438,884
5439,198
5440,471
5441,36
5442,426
5443,296
5444,9472
5445,38446
5446,2673
5447,492
5448,258
5449,5542
5450,679
5451,538
5452,2465
5453,246
5454,389
5455,90
5456,225
5457,78
5458,545
5459,18809
5460,642
5461,141
5462,435
5463,4591
5464,11605
5465,224
5466,191
5467,49
5468,184
5469,71
5470,740
5471,157
5472,495
5473,130
5474,73
5475,893
5476,878
5477,1147
5478,1963
5479,1969
5480,1547
5481,13934
5482,261
5483,643
5484,106
5485,510
5486,145
5487,34
5488,92
5489,1179
5490,109
5491,42
5492,39
5493,384
5494,62
5495,90
5496,129
5497,500
5498,678
5499,382
5500,3210
5501,1039
5502,17526
5503,154
5504,2233
5505,2765
5506,1226
5507,7344
5508,1754
5509,144
5510,41
5511,33
5512,62
5513,136
5514,27
5515,575
5516,380
5517,85
5518,55
5519,56
5520,36
5521,291
5522,1051
5523,889
5524,1653
5525,705
5526,310
5527,670
5528,6425
5529,567
5530,1817
5531,287
5532,141
5533,8
5534,41
5535,26
5536,18
5537,37
5538,411
5539,199
5540,1963
5541,4230
5542,80
5543,207
5544,947
5545,33
5546,188
5547,17
5548,949
5549,64
5550,137
5551,47
5552,126
5553,1142
5554,26
5555,323
5556,714
5557,92
5558,18
5559,61
5560,203
5561,186
5562,26
5563,688
5564,821
5565,3
5566,8
5567,61
5568,749
5569,631
5570,886
5571,17
5572,1883
5573,588
5574,7768
5575,73
5576,26
5577,2909
5579,23
5580,167
5581,241
5582,803
5583,68
5584,573
5585,566
5586,21
5587,115
5588,607
5589,341
5590,57
5591,190
5592,55
5593,96
5595,71
5596,256
5597,347
5598,238
5599,115
5600,194
5601,258
5602,1237
5603,788
5604,533
5605,300
5606,343
5607,363
5608,2740
5609,779
5610,861
5611,845
5612,447
5613,1037
5614,104
5615,134
5616,8
5617,5981
5618,33333
5619,197
5620,5519
5621,2827
5622,54
5623,20
5624,41
5625,621
5626,20
5627,40
5628,998
5629,403
5630,9011
5631,22
5632,712
5633,590
5634,33
5635,205
5636,312
5637,493
5638,515
5639,144
5640,412
5641,73
5642,397
5643,445
5644,519
5645,79
5646,586
5647,235
5649,891
5650,1703
5651,468
5652,59
5653,388
5654,18
5655,174
5656,43
5657,173
5658,52
5659,57
5660,159
5661,28
5662,154
5663,436
5664,226
5665,597
5666,1601
5667,890
5668,1240
5669,16169
5670,686
5671,34
5672,581
5673,8268
5674,26
5675,306
5676,4
5677,337
5678,736
5679,16246
5680,716
5681,52
5682,321
5683,16
5684,281
5685,791
5686,656
5687,66
5688,142
5689,323
5690,6817
5691,690
5692,334
5693,3150
5694,503
5695,60
5696,545
5697,159
5698,30
5699,107
5700,76
5701,55
5702,17
5703,78
5704,31
5705,590
5706,66
5707,734
5708,40
5709,48
5710,101
5711,30
5712,1129
5713,25
5714,68
5715,192
5716,29
5717,135
5718,84
5719,33
5721,255
5722,182
5723,252
5724,36
5725,68
5726,182
5727,59
5728,74
5729,173
5730,90
5731,278
5732,423
5733,94
5734,209
5735,323
5736,201
5737,177
5738,153
5739,172
5740,125
5741,116
5742,77
5743,206
5744,35
5745,274
5746,112
5747,2093
5748,47
5749,324
5750,22
5751,25
5752,522
5753,73
5754,160
5755,120
5756,48
5757,4
5758,25
5759,70
5760,109
5761,70
5762,72
5763,156
5764,200
5765,374
5766,48
5767,109
5768,191
5769,190
5770,188
5771,302
5772,1181
5773,250
5774,47
5775,38
5776,35
5777,312
5778,123
5779,207
5780,433
5781,87
5782,4835
5783,91
5784,2347
5785,5492
5786,93
5787,466
5788,374
5789,59
5790,39
5791,3859
5792,1053
5793,33
5794,279
5795,56
5796,1033
5797,516
5798,55
5799,430
5800,181
5801,566
5802,181
5803,1473
5804,1653
5805,2
5806,55
5807,24
5808,220
5809,998
5810,10093
5811,12
5812,2408
5813,62
5814,4
5815,242
5816,29900
5817,236
5818,333
5819,57
5820,494
5821,107
5822,94
5823,23
5824,175
5825,487
5826,449
5827,48
5828,31
5829,235
5830,222
5831,11
5832,166
5833,1361
5834,70
5835,24
5836,328
5837,24
5838,118
5839,394
5840,370
5841,586
5842,84
5843,797
5844,83
5845,61
5846,73
5847,393
5848,51
5849,27
5850,81
5851,36
5852,184
5853,1736
5854,174
5855,144
5856,62
5857,57
5858,134
5859,290
5860,25
5861,39
5862,116
5863,70
5864,180
5865,27
5866,48
5867,783
5868,91
5869,167
5870,26
5871,6
5872,8376
5873,719
5874,535
5875,320
5876,1925
5877,4
5878,4476
5879,950
5880,109
5881,4040
5882,3633
5883,313
5884,77
5885,85
5886,16
5887,60
5888,716
5889,107
5890,817
5891,482
5892,48
5893,1104
5894,26
5895,20
5896,194
5897,17
5898,245
5899,1240
5900,2963
5901,210
5902,13719
5903,13539
5904,9
5905,1
5906,34
5907,88
5908,48
5909,467
5910,40
5911,64
5912,115
5913,77
5914,254
5915,275
5916,118
5917,49
5918,86
5919,99
5920,36
5921,30
5922,34
5923,165
5924,79
5925,76
5926,83
5927,573
5928,108
5929,67
5930,90
5931,58
5932,461
5933,160
5934,18
5935,154
5936,167
5937,196
5938,685
5939,67
5940,502
5941,1399
5942,1900
5943,3564
5944,4988
5945,7009
5946,67
5947,246
5948,28
5949,421
5950,9
5951,327
5952,67463
5953,96
5954,6332
5955,1582
5956,13844
5957,4042
5958,416
5959,1913
5960,207
5961,373
5962,447
5963,360
5964,63
5965,534
5966,91
5967,18
5968,369
5969,767
5970,2529
5971,13556
5972,61
5973,24
5974,385
5975,193
5976,19
5977,113
5978,59
5979,71
5980,636
5981,441
5982,36
5983,225
5984,159
5985,117
5986,183
5987,75
5988,155
5989,38652
5990,264
5991,12378
5992,5176
5993,228
5994,513
5995,22683
5996,58
5997,39
5998,110
5999,554
6000,60
6001,2814
6002,396
6003,3636
6004,25
6005,685
6006,2113
6007,17
6008,309
6009,50
6010,105
6011,56
6012,557
6013,1081
6014,951
6015,34
6016,25688
6017,96
6018,18
6019,58
6020,119
6021,397
6022,253
6023,792
6024,66
6025,312
6026,28
6027,551
6028,31
6029,55
6030,77
6031,414
6032,267
6033,78
6034,25
6035,214
6036,135
6037,121
6038,72
6039,501
6040,809
6041,263
6042,140
6043,28
6044,116
6045,138
6046,35
6047,153
6048,23
6049,101
6050,79
6051,304
6052,23
6053,49
6054,101
6055,61
6056,96
6057,249
6058,3486
6059,4186
6060,593
6061,22
6062,1166
6063,876
6064,196
6065,124
6066,162
6067,275
6068,44
6069,19
6070,102
6071,25
6072,81
6073,70
6074,21
6075,73
6076,61
6077,313
6078,753
6079,9
6080,38
6081,92
6082,191
6083,65
6084,123
6085,18
6086,43
6087,50
6088,43
6089,56
6090,49
6091,82
6092,174
6093,1429
6094,271
6095,53
6096,61
6097,32
6098,44
6099,89
6100,549
6101,577
6102,106
6103,28
6104,2793
6105,162
6106,15
6107,154
6108,38
6109,131
6110,28
6111,49
6112,20
6113,48
6114,169
6115,159
6116,171
6117,25
6118,205
6119,173
6120,180
6121,120
6122,607
6123,439
6124,151
6125,299
6126,205
6127,125
6128,76
6129,46
6130,44
6131,47
6132,150
6133,48
6134,81
6135,86
6136,83
6137,34
6138,22
6139,64
6140,439
6141,156
6142,31
6143,391
6144,73
6145,40
6146,20
6147,62
6148,178
6149,29
6150,31
6151,83
6152,103
6153,321
6154,154
6155,7738
6156,4641
6157,8254
6158,403
6159,477
6160,78
6161,55
6162,406
6163,602
6164,25
6165,5
6166,1536
6167,14
6168,130
6169,118
6170,996
6171,28
6172,54
6173,108
6174,62
6175,22
6176,157
6177,92
6178,277
6179,66
6180,137
6181,161
6182,94
6183,908
6184,1514
6185,519
6186,399
6187,3088
6188,9275
6189,3
6190,86
6191,38
6192,205
6193,380
6194,46
6195,150
6196,769
6197,1297
6198,82
6199,10
6200,100
6201,293
6202,152
6203,245
6204,270
6205,43
6206,55
6207,53
6208,111
6209,6
6210,129
6211,148
6212,1423
6213,2321
6214,2421
6215,678
6216,719
6217,169
6218,10725
6219,831
6220,635
6221,61
6222,422
6223,946
6224,17
6225,88
6226,156
6227,24
6228,268
6229,282
6230,346
6231,128
6232,361
6233,237
6234,207
6235,1062
6236,70
6237,357
6238,1451
6239,790
6240,135
6241,237
6242,3550
6243,466
6244,366
6245,200
6246,24
6247,219
6248,70
6249,479
6250,2573
6251,286
6252,788
6253,3
6254,778
6255,74
6256,67
6257,131
6258,101
6259,104
6260,194
6261,93
6262,41
6263,1344
6264,2910
6265,625
6266,1739
6267,94
6268,481
6269,377
6270,961
6271,696
6272,56
6273,784
6274,25
6275,24
6276,47
6277,55
6278,22
6279,459
6280,655
6281,9092
6282,9
6283,4342
6284,42
6285,143
6286,1448
6287,7500
6288,563
6289,185
6290,1527
6291,1428
6292,24
6293,129
6294,2202
6295,92
6296,3682
6297,4995
6298,575
6299,1446
6300,385
6301,1485
6302,44
6303,2249
6304,228
6305,1898
6306,307
6307,51
6308,520
6309,24
6310,33
6311,142
6312,93
6313,95
6314,239
6315,435
6316,610
6317,24
6318,154
6319,299
6320,216
6321,67
6322,1248
6323,7675
6324,105
6325,226
6326,127
6327,285
6328,55
6329,230
6330,163
6331,3177
6332,918
6333,24680
6334,196
6335,371
6336,31
6337,627
6338,1798
6339,461
6340,10
6341,466
6342,58
6343,18
6344,518
6345,538
6346,123
6347,100
6348,206
6349,211
6350,7539
6351,141
6352,120
6353,32
6354,52
6355,60
6356,420
6357,561
6358,369
6365,29835
6366,117
6367,2169
6368,270
6369,33
6370,1433
6371,411
6373,20141
6374,529
6375,226
6376,86
6377,46128
6378,17009
6379,1398
6380,2135
6381,9
6382,164
6383,6777
6384,52
6385,4111
6386,103
6387,255
6388,56
6390,118
6391,59
6392,302
6393,7
6394,250
6395,275
6396,156
6397,24
6398,132
6400,196
6401,218
6402,32
6403,255
6404,120
6405,436
6406,90
6407,89
6408,97
6409,142
6410,242
6411,46
6412,400
6413,344
6414,77
6415,50
6416,184
6417,54
6419,166
6420,21
6421,42
6422,309
6423,157
6424,511
6425,385
6426,113
6427,162
6428,808
6429,380
6430,192
6431,40
6432,88
6433,859
6434,50
6435,38
6436,958
6437,85
6438,51
6439,55
6440,5617
6441,396
6442,479
6443,38
6445,63
6446,137
6447,49
6448,734
6449,58
6450,222
6451,146
6452,278
6453,111
6454,231
6455,152
6456,53
6457,269
6458,163
6459,162
6460,712
6461,1203
6462,75
6463,56
6464,704
6465,61
6466,442
6467,151
6468,128
6469,106
6470,175
6471,56
6472,38
6473,78
6474,47
6475,183
6476,237
6477,215
6478,286
6479,42
6480,292
6481,203
6482,2233
6483,472
6484,899
6485,364
6486,96
6487,54
6488,176
6489,10
6490,20
6491,4
6492,55
6493,661
6494,16
6495,95
6496,9
6497,77
6498,112
6499,59
6500,112
6501,6
6502,21390
6503,6587
6504,8
6505,76
6506,261
6507,13
6508,154
6509,609
6510,93
6511,40
6512,52
6513,84
6514,13
6515,115
6516,279
6517,415
6518,209
6519,208
6520,60
6521,126
6522,86
6523,389
6524,161
6525,227
6526,134
6527,125
6528,135
6529,19
6530,1051
6531,168
6532,37
6533,831
6534,8865
6535,3457
6536,1127
6537,14509
6538,1757
6539,48722
6540,49
6541,8195
6542,524
6543,20
6544,89
6545,344
6546,35
6547,263
6548,5926
6549,321
6550,4437
6551,63
6552,2613
6553,29
6554,103
6555,34
6556,29
6557,67
6558,712
6559,548
6560,109
6561,594
6562,109
6563,87
6564,5540
6565,6055
6566,1549
6567,804
6568,314
6569,48
6570,37
6571,242
6572,99
6573,165
6574,126
6575,86
6576,79
6577,168
6578,83
6579,478
6580,16
6581,336
6582,596
6583,201
6584,587
6585,78
6586,4498
6587,838
6588,69
6589,8
6590,17
6591,1180
6592,327
6593,5829
6594,12
6595,3954
6596,464
6597,154
6598,363
6599,165
6600,58
6601,89
6602,232
6603,64
6604,75
6605,40
6606,3
6607,18
6608,11
6609,304
6610,126
6611,648
6612,422
6613,123
6614,437
6615,2408
6616,159
6617,1711
6618,3591
6619,994
6620,4488
6621,11
6622,19
6623,47
6624,1311
6625,291
6626,42
6627,18
6628,167
6629,473
6630,187
6631,125
6632,32
6633,13
6634,16
6635,69
6636,1044
6637,51
6638,541
6639,1439
6640,14
6641,237
6642,240
6643,1439
6644,204
6645,1783
6646,256
6647,40
6648,53
6649,84
6650,1216
6651,65
6652,217
6653,211
6654,23
6655,43
6656,59
6657,129
6658,827
6659,4464
6660,901
6661,10
6662,3032
6663,1548
6664,3185
6665,240
6666,1498
6667,384
6668,421
6669,2069
6670,103
6671,238
6672,242
6673,46
6674,10
6675,9
6676,95
6677,10
6678,467
6679,243
6680,94
6681,66
6682,89
6683,156
6684,328
6685,61
6686,940
6687,588
6688,49
6689,118
6690,108
6691,21
6692,78
6693,12
6694,17
6695,1188
6696,146
6697,7
6698,15
6699,93
6700,93
6701,107
6702,482
6703,405
6704,57
6705,391
6706,44
6707,1718
6708,6976
6709,4788
6710,364
6711,26273
6712,13
6713,1194
6714,164
6715,21
6716,42
6717,69
6718,210
6719,42
6720,303
6721,1050
6722,437
6723,226
6724,1699
6725,329
6726,20
6727,237
6728,44
6729,58
6730,287
6731,1906
6732,546
6733,29
6734,626
6735,271
6736,83
6737,29
6738,25
6739,43
6740,83
6741,117
6742,48
6743,887
6744,486
6745,64
6746,108
6747,124
6748,672
6749,150
6750,655
6751,447
6752,136
6753,3077
6754,8612
6755,2554
6756,133
6757,151
6758,2
6759,61
6760,103
6761,83
6762,146
6763,1211
6764,2603
6765,2376
6766,4
6767,9
6768,426
6769,161
6770,754
6771,124
6772,450
6773,4399
6774,3371
6775,91
6776,949
6777,1289
6778,20
6779,354
6780,585
6781,87
6782,348
6783,1123
6784,239
6785,1032
6786,869
6787,6274
6788,100
6789,343
6790,744
6791,1432
6792,152
6793,2028
6794,1149
6795,124
6796,4731
6797,708
6798,372
6799,21
6800,1095
6801,145
6802,150
6803,584
6804,113
6805,177
6806,142
6807,11412
6808,1574
6809,282
6810,1457
6811,680
6812,499
6813,229
6814,136
6815,247
6816,386
6817,204
6818,1498
6819,36
6820,1250
6821,70
6822,56
6823,61
6824,45
6825,84
6826,122
6827,371
6828,94
6829,123
6830,64
6831,15
6832,1100
6833,10
6834,52
6835,62
6836,34
6837,132
6838,4
6839,120
6840,190
6841,78
6842,116
6843,42
6844,143
6845,40
6846,32
6847,10
6848,108
6849,260
6850,585
6851,261
6852,1098
6853,30
6854,107
6855,45
6856,595
6857,2316
6858,729
6859,184
6860,108
6861,33
6862,1061
6863,19044
6864,178
6865,19
6866,38
6867,4334
6868,580
6869,430
6870,14774
6871,107
6872,558
6873,3436
6874,45135
6875,83
6876,66
6877,34
6878,18
6879,4074
6880,2332
6881,1479
6882,378
6883,271
6884,438
6885,575
6886,308
6887,1332
6888,4428
6889,2624
6890,2462
6891,29
6892,188
6893,2553
6894,35
6895,75
6896,352
6897,57
6898,362
6899,89
6900,209
6901,21
6902,1244
6903,55
6905,44
6906,61
6907,26
6908,43
6909,610
6910,184
6911,48
6912,42
6913,49
6914,35
6915,11
6916,34
6917,23
6918,469
6919,36
6920,698
6921,90
6923,95
6924,80
6925,71
6926,50
6927,648
6928,70
6929,3
6930,27
6931,28
6932,1510
6933,9
6934,23699
6935,271
6936,11360
6937,21
6938,39
6939,152
6940,90
6941,3
6942,18272
6943,4
6944,3963
6945,248
6946,742
6947,9808
6948,174
6949,129
6950,804
6951,1696
6952,3228
6953,8496
6954,1374
6955,20
6956,35
6957,6235
6958,1204
6959,1297
6960,26
6961,265
6962,17
6963,465
6964,67
6965,59
6966,1784
6967,285
6968,68
6969,149
6970,603
6971,564
6972,87
6973,213
6974,986
6975,1888
6976,274
6977,638
6978,918
6979,6656
6980,128
6981,371
6982,270
6983,290
6984,255
6985,1375
6986,760
6987,2283
6988,219
6989,669
6990,482
6991,566
6992,562
6993,3168
6994,295
6995,280
6996,1434
6997,494
6998,165
6999,550
7000,1418
7001,2435
7002,118
7003,380
7004,4464
7005,657
7006,117
7007,2070
7008,1199
7009,724
7010,427
7011,258
7012,319
7013,2474
7014,238
7015,223
7016,615
7017,1159
7018,1434
7019,341
7020,387
7021,155
7022,7535
7023,941
7024,887
7025,465
7026,569
7027,1531
7028,807
7029,368
7030,409
7031,171
7032,183
7033,745
7034,2104
7035,296
7036,1496
7037,301
7038,205
7039,385
7040,872
7041,230
7042,594
7043,751
7044,2533
7045,1287
7046,2381
7047,218
7048,687
7049,108
7050,137
7051,247
7052,44
7053,62
7054,250
7055,448
7056,612
7057,139
7058,288
7059,371
7060,1056
7061,298
7062,679
7063,2313
7064,1279
7065,522
7066,90
7067,444
7068,678
7069,398
7070,724
7071,687
7072,1286
7073,1334
7074,318
7075,900
7076,2233
7077,74
7078,305
7079,470
7080,393
7081,80
7082,348
7083,84
7084,1229
7085,209
7086,365
7087,541
7088,575
7089,1110
7090,9744
7091,1046
7092,173
7093,231
7094,73
7095,235
7096,322
7097,53
7098,13
7099,7392
7100,27
7101,1281
7102,931
7103,84
7104,825
7105,16
7106,41
7107,593
7108,135
7109,79
7110,58
7111,127
7112,81
7113,32
7114,294
7115,825
7116,1761
7117,618
7118,330
7119,172
7120,31
7121,1181
7122,358
7123,2058
7124,277
7125,77
7126,338
7127,75
7128,229
7129,21
7130,123
7131,58
7132,1989
7133,65
7134,241
7135,674
7136,335
7137,1828
7138,28
7139,2603
7140,10
7141,89
7142,657
7143,20186
7144,6
7145,5
7146,21
7147,22072
7148,109
7149,4574
7150,1465
7151,2601
7152,93
7153,67449
7154,3062
7155,1544
7156,3275
7157,230
7158,2937
7159,18
7160,5238
7161,2760
7162,4609
7163,4122
7164,1936
7165,264
7166,30
7167,202
7168,96
7169,675
7170,54
7171,345
7172,156
7173,4666
7174,77
7175,418
7176,94
7177,360
7178,722
7179,238
7180,47
7181,126
7182,44
7183,67
7184,62
7185,85
7186,82
7187,36
7188,53
7189,84
7190,119
7191,89
7192,71
7193,667
7194,93
7195,83
7196,53
7197,59
7198,227
7199,256
7200,43
7201,87
7202,230
7203,54
7204,57
7205,221
7206,770
7207,106
7208,287
7209,739
7210,595
7211,169
7212,338
7213,47
7214,30
7215,1214
7216,573
7217,491
7218,615
7219,166
7220,99
7221,74
7222,328
7223,439
7224,74
7225,605
7226,95
7227,222
7228,905
7229,85
7230,66
7231,35
7232,51
7233,9
7234,1502
7235,1530
7236,679
7237,87
7238,392
7239,107
7240,50
7241,221
7242,17
7243,299
7244,86
7245,30
7246,18
7247,1718
7248,46
7249,92
7250,291
7251,60
7252,71
7253,81
7254,20839
7255,978
7256,2851
7257,432
7258,559
7259,357
7260,329
7261,376
7262,182
7263,2759
7264,33
7265,2111
7266,195
7267,53
7268,23
7269,30
7270,68
7271,13
7272,189
7273,19
7274,52
7275,74
7276,46
7277,14
7278,43
7279,25
7280,159
7281,81
7282,30
7283,148
7284,160
7285,2769
7286,184
7287,56
7288,61
7289,66
7290,40
7291,20
7292,138
7293,14774
7294,578
7295,36
7296,5
7297,353
7298,13
7299,398
7300,510
7301,303
7302,221
7303,748
7304,202
7305,347
7306,121
7307,334
7308,374
7309,56
7310,452
7311,546
7312,66
7313,155
7314,73
7315,164
7316,765
7317,4824
7318,5434
7319,608
7320,608
7321,412
7322,12
7323,6905
7324,2443
7325,5664
7326,169
7327,2694
7328,197
7329,35
7330,27
7331,89
7332,37
7333,268
7334,320
7335,393
7336,97
7337,28
7338,212
7339,20
7340,395
7341,107
7342,47
7343,42
7344,24
7345,525
7346,4698
7347,4955
7348,1081
7349,129
7350,8
7351,49
7352,357
7353,166
7354,478
7355,183
7356,22
7357,112
7358,48
7359,80
7360,7053
7361,44430
7362,1445
7363,9
7364,465
7365,303
7366,1761
7367,3122
7368,56
7369,1388
7370,20
7371,4850
7372,331
7373,12169
7374,574
7375,1135
7376,1509
7377,501
7378,120
7379,536
7380,2292
7381,1414
7382,477
7383,209
7384,77
7385,88
7386,2298
7387,4559
7388,98
7389,228
7390,49
7391,115
7392,46
7393,38
7394,264
7395,491
7396,806
7397,28
7398,31
7399,52
7400,19
7401,24
7402,88
7403,38
7404,11
7405,100
7406,96
7407,53
7408,66
7409,10
7410,196
7411,38
7412,15
7413,34
7414,115
7415,116
7416,240
7417,92
7418,59
7419,2281
7420,105
7422,39
7423,55
7437,225
7438,37301
7439,3150
7440,190
7441,10
7442,266
7443,19
7444,6864
7445,9935
7446,43
7447,10
7448,738
7449,561
7450,674
7451,13543
7452,3
7453,374
7454,7468
7455,59
7456,134
7457,77
7458,14150
7459,398
7460,2251
7461,43
7474,114
7475,70
7477,133
7478,434
7479,66
7480,125
7481,1536
7482,3677
7483,19
7484,646
7485,265
7486,658
7487,364
7488,52
7489,241
7490,57
7491,91
7492,244
7493,430
7505,504
7521,36
7523,113
7528,21
7537,18
7541,517
7560,1095
7561,157
7562,319
7563,45
7564,577
7565,33
7566,897
7567,8
7568,3
7569,3324
7570,2289
7571,75
7572,659
7573,1533
7574,148
7577,222
7578,117
7579,610
7580,128
7581,223
7582,35
7583,50
7584,473
7585,177
7586,203
7587,1506
7613,140
7614,731
7615,178
7616,576
7617,296
7618,1115
7619,824
7620,217
7621,31
7622,12
7623,12
7624,706
7625,61
7626,177
7627,21
7636,308
7637,222
7638,75
7639,8
7644,12
7645,27
7646,532
7647,398
7648,19
7650,226
7657,144
7669,3088
7675,93
7697,106
7698,1251
7699,18
7700,1299
7701,1865
7702,247
7703,44
7704,318
7705,297
7706,1123
7707,235
7708,505
7713,591
7714,350
7716,181
7719,89
7720,626
7723,63
7724,89
7725,362
7726,12
7727,104
7728,753
7730,200
7738,12
7739,53
7742,115
7743,609
7745,357
7748,856
7749,411
7750,15
7751,24
7752,11
7753,130
7754,8
7756,335
7757,977
7758,53
7759,603
7761,100
7763,124
7764,108
7765,7
7766,1724
7767,600
7768,30
7769,42
7770,115
7771,523
7772,32
7773,556
7774,59
7775,38
7781,451
7782,446
7783,15
7784,112
7785,96
7786,214
7787,126
7789,130
7790,206
7791,409
7792,669
7802,1910
7808,15
7809,314
7813,31
7814,83
7815,312
7816,3
7817,696
7818,89
7820,841
7821,65
7822,84
7823,5
7824,23
7826,358
7827,1154
7828,18
7831,446
7832,262
7833,356
7834,656
7835,228
7836,1196
7837,46
7838,8
7839,64
7840,475
7842,1859
7844,415
7845,713
7846,472
7847,122
7850,10
7872,24
7878,68
7879,211
7880,44
7881,191
7882,72
7883,329
7884,124
7885,98
7886,65
7887,28
7888,321
7889,408
7890,61
7891,389
7892,120
7893,58
7894,535
7895,424
7896,274
7897,206
7898,76
7899,189
7900,64
7901,68
7912,46
7913,57
7914,95
7915,226
7916,116
7917,55
7918,198
7919,253
7920,204
7921,67
7922,54
7923,164
7924,602
7925,1463
7926,1260
7928,46
7930,419
7931,16
7932,567
7933,276
7934,1633
7935,87
7936,292
7937,547
7938,659
7939,732
7940,261
7941,474
7942,299
7943,629
7944,304
7945,32
7946,85
7947,96
7948,127
7949,131
7950,10
7951,448
7952,41
7954,72
7958,50
7959,108
7976,450
7979,339
7980,1476
7981,3041
7982,1253
7983,918
7984,566
7985,13
7986,145
7987,144
7988,185
7989,41
7990,320
7991,784
7992,56
7993,147
7994,43
7995,56
8003,68
8004,110
8007,81
8008,452
8009,31
8010,504
8011,482
8012,731
8013,93
8014,2678
8015,257
8016,680
8017,187
8019,923
8024,119
8025,115
8033,1028
8035,127
8037,15
8038,7
8039,560
8040,119
8041,17
8042,2305
8043,89
8044,377
8045,509
8055,36
8056,165
8057,92
8062,179
8063,69
8068,37
8069,31
8070,31
8092,91
8093,176
8094,720
8095,6
8117,416
8118,118
8119,298
8120,24
8121,255
8122,20
8123,80
8124,38
8125,868
8126,268
8127,72
8128,1063
8129,86
8130,144
8131,730
8132,3654
8133,103
8134,244
8136,47
8137,68
8138,82
8139,47
8140,75
8141,30
8142,194
8143,129
8147,605
8148,26
8149,46
8153,181
8154,2178
8157,890
8158,493
8167,560
8168,78
8169,2008
8183,748
8187,56
8188,401
8189,143
8190,167
8191,330
8194,120
8195,865
8196,287
8197,818
8198,78
8199,666
8201,114
8202,64
8203,26
8206,97
8207,2187
8208,121
8220,29
8221,162
8222,130
8224,20
8225,863
8227,102
8228,3323
8232,92
8235,643
8236,63
8237,13
8239,599
8240,82
8241,71
8252,33
8253,1644
8254,831
8255,38
8256,138
8257,93
8258,123
8259,120
8260,123
8261,586
8262,15
8263,73
8264,529
8265,109
8266,676
8267,31
8268,569
8269,48
8270,280
8272,86
8273,221
8275,155
8290,90
8291,251
8292,101
8293,32
8294,41
8295,260
8302,112
8327,502
8329,18
8330,207
8331,160
8332,149
8334,280
8335,187
8336,134
8337,1207
8338,679
8339,15
8340,3364
8341,571
8359,4
8360,26102
8361,14428
8362,779
8363,443
8364,328
8365,130
8366,2938
8367,181
8368,31427
8369,992
8370,2176
8371,7576
8372,2157
8373,2881
8374,63
8375,85
8376,14216
8377,87
8378,183
8379,286
8380,62
8381,55
8382,100
8383,152
8384,42
8385,190
8387,1122
8388,43
8391,97
8392,43
8393,43
8394,6
8395,176
8397,37
8398,28
8399,27
8400,104
8401,321
8402,37
8403,32
8404,421
8405,511
8407,63
8410,134
8411,7
8420,36
8421,59
8422,67
8423,75
8424,45
8425,79
8426,170
8427,46
8444,66
8446,244
8447,211
8448,63
8450,22
8451,326
8452,24
8453,43
8454,56
8455,18
8456,239
8457,7
8458,21
8459,365
8460,153
8461,9
8462,60
8463,85
8464,13770
8465,22
8469,17
8477,1532
8478,73
8480,33
8481,97
8482,455
8483,48
8484,226
8485,265
8486,88
8487,154
8488,53
8491,875
8492,843
8493,1549
8494,277
8495,227
8496,282
8499,230
8500,67
8501,1053
8502,143
8503,114
8504,110
8505,102
8506,102
8507,1749
8511,219
8512,429
8516,564
8518,56
8519,17
8520,286
8521,362
8522,92
8524,66
8525,94
8526,1565
8527,226
8528,10974
8529,13939
8530,1002
8531,2965
8532,509
8533,12215
8534,216
8535,370
8536,6
8537,140
8540,67
8541,9
8542,1040
8543,73
8544,35
8545,6
8571,200
8572,57
8573,225
8574,210
8575,219
8576,574
8577,66
8578,277
8580,574
8581,1345
8582,572
8583,66
8584,212
8585,96
8586,27
8587,74
8589,613
8591,574
8592,16
8593,229
8594,8
8595,77
8596,1293
8597,47
8598,104
8600,550
8601,230
8602,237
8603,26
8604,1521
8605,640
8606,26
8607,1616
8608,155
8609,340
8610,1083
8611,74
8612,145
8613,30
8614,1527
8615,66
8616,70
8617,121
8618,346
8619,50
8620,868
8621,21
8622,10946
8623,2943
8624,21
8625,27
8626,89
8627,4
8628,22
8629,75
8630,13
8631,123
8632,14
8633,1916
8634,149
8635,37
8636,26989
8637,12
8638,6417
8639,292
8640,3320
8641,13409
8642,242
8643,1828
8644,23382
8645,2585
8646,12
8647,25
8648,30
8649,59
8650,165
8651,189
8652,28
8653,28
8654,33
8655,68
8656,733
8657,77
8658,76
8659,35
8660,60
8661,288
8662,101
8663,59
8664,91
8665,25836
8666,2969
8667,345
8668,9
8669,62
8670,397
8671,32
8672,20
8673,13
8674,106
8675,216
8676,95
8677,57
8678,63
8679,15
8680,90
8681,76
8682,32
8683,57
8684,677
8685,37
8686,46
8687,50
8688,34
8689,138
8690,763
8691,14
8692,56
8693,21
8694,58
8695,246
8696,53
8697,17
8698,99
8699,6
8700,99
8701,109
8702,68
8703,32
8704,21
8705,31
8706,17
8707,4
8708,3
8709,79
8710,151
8711,502
8712,401
8713,199
8714,50
8715,34
8716,40
8718,174
8719,25
8720,205
8721,38
8722,63
8723,15
8724,468
8725,108
8726,154
8727,121
8728,42
8729,42
8730,185
8731,302
8732,156
8733,81
8734,42
8735,25
8736,56
8737,4
8738,393
8739,258
8740,143
8741,19
8742,29
8743,56
8744,38
8745,49
8746,73
8747,57
8748,101
8749,140
8750,19
8751,334
8752,191
8753,115
8754,419
8755,98
8756,32
8757,42
8758,50
8759,26
8760,57
8761,96
8762,52
8763,21
8764,8
8765,283
8766,50
8767,252
8768,175
8769,53
8770,53
8771,64
8772,700
8773,157
8774,75
8775,43
8776,19
8777,30
8778,103
8779,133
8780,74
8781,3755
8782,311
8783,8984
8784,13860
8785,228
8786,197
8787,81
8788,42
8789,44
8790,24
8792,36
8793,86
8794,62
8795,195
8796,481
8797,257
8798,13937
8799,434
8800,688
8801,85
8802,11
8803,65
8804,63
8805,144
8806,13
8807,7269
8808,2414
8809,366
8810,6212
8811,312
8812,30
8813,305
8814,1302
8815,769
8816,44
8817,21
8818,52
8819,29
8820,34
8821,47
8822,53
8823,61
8824,22
8825,48
8826,67
8827,1246
8828,63
8829,39
8830,793
8831,448
8832,153
8833,708
8834,40
8835,242
8836,794
8837,22
8838,705
8839,145
8840,122
8841,112
8842,20
8843,36
8844,185
8845,58
8846,97
8847,59
8848,370
8849,85
8850,100
8851,87
8852,68
8853,15
8854,215
8855,147
8856,34
8857,33
8858,43
8859,257
8860,1951
8861,4735
8862,291
8863,2
8864,425
8865,4420
8866,1867
8867,89
8868,162
8869,518
8870,1786
8871,90
8872,253
8873,5413
8874,26914
8875,108
8876,18
8877,14
8878,48
8879,1596
8880,1524
8881,56
8882,150
8883,19
8884,429
8885,146
8886,84
8887,43
8888,6
8889,50
8890,29
8891,46
8892,70
8893,105
8894,246
8895,30
8896,59
8897,24
8898,79
8899,195
8900,75
8901,40
8902,47
8903,114
8904,17
8905,515
8906,811
8907,4336
8908,1056
8909,3
8910,4821
8911,425
8912,878
8913,69
8914,6111
8915,340
8916,1275
8917,8475
8918,297
8919,236
8920,129
8921,76
8922,107
8923,359
8924,103
8925,17
8926,44
8927,134
8928,549
8929,105
8930,424
8931,141
8932,154
8933,260
8934,207
8935,74
8936,29
8937,1905
8938,210
8939,935
8940,8
8941,139
8942,10
8943,475
8944,27
8945,5
8946,332
8947,3426
8948,1474
8949,10928
8950,12200
8951,957
8952,33
8953,10
8954,35
8955,235
8956,187
8957,12829
8958,6152
8959,668
8960,20
8961,41463
8962,33
8963,126
8964,50
8965,5073
8966,2353
8967,610
8968,1020
8969,4013
8970,9420
8971,155
8972,12517
8973,2010
8974,1745
8975,6
8976,10
8977,2590
8978,722
8979,64
8980,74
8981,5600
8982,259
8983,5665
8984,13348
8985,4430
8986,105
8987,105
8988,98
8989,218
8990,42
8991,70
8992,45
8993,53
8994,92
8995,47
8996,42
8997,34
8998,402
8999,207
9000,114
9001,57
9002,64
9003,37
9004,443
9005,511
9006,9
9007,24
9008,71
9009,11
9010,1127
9011,100
9012,13
9013,100
9014,61
9015,29
9016,17
9017,29
9018,758
9019,20
25735,16
25736,67
25737,116
25738,70
25739,35
25741,215
25742,66
25743,19
25744,270
25745,3
25746,109
25747,15
25748,37
25749,11
25750,936
25751,58
25752,151
25753,252
25755,323
25757,142
25759,106
25760,2
25762,137
25763,275
25764,289
25765,68
25766,150
25767,79
25768,9
25769,518
25770,17
25771,1435
25773,287
25774,329
25775,31
25777,518
25778,42
25782,99
25783,40
25785,68
25786,151
25787,9
25788,951
25789,125
25792,101
25793,387
25794,18
25795,182
25796,21
25797,155
25798,146
25800,33
25801,79
25802,74
25803,22
25804,16
25805,468
25806,18
25807,155
25808,45
25809,6
25810,22
25811,26
25812,62
25814,18
25816,8
25817,1
25818,69
25819,41
25820,69
25822,59
25824,40
25825,228
25826,225
25827,536
25828,264
25829,17
25830,49
25831,29
25832,22
25833,144
25834,192
25835,122
25837,27
25839,150
25840,80
25841,209
25842,121
25843,5
25846,19
25850,604
25851,10
25852,137
25854,22
25855,249
25856,397
25858,44
25859,38
25860,22
25861,23
25864,14
25865,249
25866,177
25868,304
25869,38
25870,160
25871,10
25872,10
25874,35
25875,26
25878,41
25879,37
25881,25
25882,13
25884,10
25886,179
25887,15
25888,38
25890,16
25891,293
25892,3
25893,94
25894,21
25897,5
25898,260
25899,79
25900,111
25901,148
25902,34
25903,31
25904,133
25905,124
25906,69
25907,10
25908,57
25910,8
25911,234
25912,16
25913,56
25914,134
25915,41
25916,127
25918,122
25919,20
25920,88
25921,33
25922,26
25923,588
25924,53
25926,59
25927,445
25928,8
25929,194
25930,186
25931,40
25932,33
25934,86
25935,1
25936,10
25937,262
25938,269
25940,700
25941,181
25942,25
25943,216
25944,50
25945,157
25946,88
25947,163
25948,35
25950,43
25951,54
25952,212
25954,380
25956,18
25957,4
25959,77
25960,60
25961,163
25962,119
25963,318
25964,47
25965,51
25966,41
25970,10
25971,186
25972,61
25974,29
25975,87
25976,27
25977,107
25979,5
25980,51
25981,6
25984,15
25986,35
25987,41
25989,31
25990,33
25991,42
25993,148
25994,42
25995,242
25996,286
25998,38
25999,287
26000,13
26001,34
26002,147
26003,591
26005,147
26006,12
26007,377
26008,11
26009,94
26010,91
26012,151
26013,58
26016,2
26018,3
26019,39
26021,76
26022,15
26025,96
26026,24
26027,19
26028,8
26030,19
26033,14
26034,26
26035,10
26038,85
26042,5
26043,112
26044,10
26046,9
26047,11
26048,150
26049,75
26050,12
26051,106
26052,540
26055,241
26056,37
26058,18
26059,67
26062,26
26063,8
26064,367
26066,12
26067,20
26068,31
26070,42
26072,68
26073,142
26074,35
26076,51
26078,220
26079,43
26080,44
26082,1270
26083,153
26084,965
26085,371
26088,6
26090,137
26093,19
26094,467
26095,37
26096,37
26098,23
26099,26
26100,30
26101,282
26104,51
26106,15
26107,45
26108,18
26109,77
26110,35
26111,472
26112,23
26113,77
26116,276
26117,121
26119,163
26122,465
26123,62
26124,149
26125,81
26127,9
26128,69
26130,31
26131,1883
26133,1649
26134,139
26136,22
26137,33
26138,142
26139,108
26140,24
26141,48
26142,54
26144,56
26146,40
26147,89
26148,285
26150,1320
26151,529
26152,1042
26153,78
26155,101
26156,50
26157,153
26158,273
26159,191
26160,148
26162,13
26163,365
26164,93
26167,46
26169,184
26170,121
26171,704
26172,551
26174,88
26175,24
26176,100
26177,16
26178,225
26180,18
26181,143
26183,270
26184,344
26185,49
26187,115
26188,59
26189,57
26191,37
26194,12
26195,56
26197,69
26198,220
26199,153
26202,4
26203,388
26204,79
26205,35
26206,28
26207,24
26208,293
26209,24
26210,31
26211,40
26213,33
26214,27
26215,25
26216,10
26219,73
26220,26
26221,11
26222,143
26223,10
26225,195
26226,86
26227,19
26228,103
26229,28
26230,95
26231,223
26232,29
26235,13
26236,191
26237,242
26240,235
26241,288
26242,1468
26243,8
26245,65
26246,301
26247,27
26248,91
26249,304
26251,56
26252,150
26253,45
26254,5
26256,80
26257,72
26258,758
26259,78
26263,7
26264,6
26265,98
26266,30
26267,5
26268,132
26269,234
26270,167
26271,118
26274,12
26277,46
26280,161
26282,130
26283,230
26285,681
26287,8
26288,49
26289,70
26290,25
26291,20
26294,426
26295,27
26297,30
26299,161
26301,67
26302,225
26303,328
26304,22
26306,187
26307,36
26308,55
26309,39
26312,13
26313,207
26314,62
26315,18
26316,52
26317,137
26318,297
26320,68
26321,32
26322,218
26323,40
26324,113
26325,128
26326,1181
26327,43
26333,41
26334,63
26336,120
26338,26
26339,78
26340,385
26341,48
26342,118
26343,20
26344,164
26345,66
26346,68
26347,331
26349,398
26350,544
26353,14
26354,15
26356,59
26359,358
26360,96
26361,2
26362,19
26364,29
26365,131
26366,279
26368,30
26369,31
26370,103
26371,121
26372,22
26375,660
26377,30
26378,73
26379,144
26380,51
26383,122
26386,523
26387,46
26388,53
26389,10
26391,222
26392,21
26393,387
26394,128
26395,170
26397,5
26398,443
26399,122
26400,249
26401,19
26402,8
26404,16
26409,27
26410,31
26411,46
26413,190
26414,92
26416,14
26417,81
26418,65
26422,637
26424,37
26425,410
26429,32
26430,34
26431,177
26432,36
26433,31
26435,26
26438,10
26446,4
26448,56
26450,9
26459,45
26462,395
26463,125
26464,291
26465,79
26467,231
26468,34
26470,38
26471,881
26472,205
26475,19
26476,366
26479,177
26481,47
26483,62
26484,12
26485,582
26486,15
26487,130
26488,156
26490,34
26491,202
26492,681
26493,112
26494,89
26495,149
26496,32
26497,109
26498,44
26501,57
26504,194
26505,37
26507,10
26509,134
26512,118
26513,338
26514,29
26519,8
26520,58
26521,85
26523,158
26524,333
26526,5
26527,191
26529,130
26530,19
26532,7
26536,11
26538,35
26539,138
26540,185
26544,49
26546,37
26547,752
26550,272
26551,5
26553,22
26554,618
26555,1152
26558,260
26559,37
26560,96
26561,143
26562,154
26564,210
26565,194
26566,71
26567,102
26569,53
26571,32
26574,38
26577,47
26578,604
26580,8
26581,60
26582,49
26585,444
26587,654
26589,77
26593,76
26599,260
26600,8
26602,50
26603,634
26606,342
26608,31
26610,7
26611,28
26612,109
26613,33
26615,23
26616,145
26617,29
26622,39
26628,25
26629,546
26630,136
26631,363
26634,12
26638,33
26641,5
26643,34
26644,131
26645,34
26647,10
26662,6855
26663,195
26670,8
26672,15
26675,74
26676,70
26677,14
26680,1199
26681,175
26682,19
26684,119
26685,8
26686,292
26688,398
26689,45
26690,25
26691,118
26694,268
26695,125
26696,278
26698,82
26699,388
26700,197
26702,135
26703,35
26704,386
26707,26
26708,6
26710,68
26712,474
26713,500
26714,25
26717,142
26719,27
26720,35
26723,7
26726,185
26728,63
26729,1287
26731,127
26732,111
26734,82
26736,217
26737,92
26738,14
26741,79
26744,83
26745,217
26746,242
26749,106
26750,407
26751,31
26752,14
26755,67
26756,31
26757,41
26758,180
26759,12
26760,131
26762,58
26764,106
26765,90
26766,11
26769,1
26770,139
26774,90
26775,48
26776,4077
26777,21
26778,138
26782,142
26784,25
26788,171
26791,116
26792,131
26793,19
26796,137
26797,71
26801,29
26802,66
26803,73
26804,16
26809,54
26812,127
26813,23
26815,1
26818,27
26819,448
26822,22
26825,4
26826,22
26827,19
26828,147
26831,27
26834,64
26838,222
26840,687
26841,87
26842,148
26843,27
26850,112
26851,24
26858,60
26861,82
26863,2
26865,782
26868,5
26870,538
26871,107
26873,53
26875,185
26880,1
26886,34
26889,15
26898,24
26901,57
26903,1745
26908,31
26911,19
26914,95
26915,129
26925,216
26933,13
26938,67
26939,375
26940,77
26941,48
26944,9
26945,5
26947,589
26949,45
26962,9
26964,6
26965,280
26966,55
26968,12
26969,5
26970,16
26974,707
26975,26
26976,24
26978,8
26980,13
26981,30
26982,42
26985,142
26989,63
26991,12
26994,22
26996,50
26998,42
27003,150
27004,65
27005,281
27006,109
27011,9
27016,32
27018,28
27020,682
27022,286
27027,24
27031,37
27032,471
27033,283
27040,95
27044,67
27050,58
27067,99
27070,9
27073,185
27077,5
27078,9
27081,9
27087,57
27093,10
27094,38
27095,75
27096,67
27109,330
27112,58
27124,69
27132,5
27134,211
27135,15
27136,15
27147,43
27152,105
27156,1727
27158,20
27162,82
27163,179
27164,17
27166,44
27170,107
27171,26
27172,56
27178,260
27180,122
27186,294
27189,32
27192,55
27193,859
27197,10
27198,66
27204,11
27205,9
27212,14
27213,17
27215,23
27216,109
27217,44
27221,18
27223,42
27232,8
27234,3
27235,7
27236,22
27238,60
27239,17
27246,92
27249,13
27255,156
27261,54
27263,33
27266,1728
27268,32
27271,151
27273,8
27274,18
27276,45
27277,10
27291,2
27292,34
27297,30
27298,36
27302,50
27304,71
27305,48
27306,39
27307,6
27309,92
27310,6
27313,12
27315,46
27316,76
27317,2166
27321,6
27322,16
27326,126
27327,86
27328,25
27329,283
27332,14
27334,30
27338,480
27343,18
27344,59
27345,12
27347,60
27348,13
27351,170
27356,18
27357,68
27359,6
27360,5
27362,213
27365,47
27366,308
27368,715
27369,242
27370,90
27372,25
27373,249
27376,242
27378,15
27391,256
27392,93
27397,780
27402,305
27408,374
27411,10
27416,515
27420,17
27423,266
27426,149
27431,31
27432,102
27434,308
27436,18
27441,373
27447,27
27449,4
27450,136
27454,10
27455,56
27456,107
27458,23
27461,94
27469,76
27472,10
27473,211
27474,14
27475,6
27477,3
27478,979
27480,44
27482,1308
27484,5
27485,29
27488,38
27491,419
27496,14
27497,48
27506,34
27509,85
27513,92
27515,71
27518,202
27523,617
27524,67
27525,8
27526,15
27528,52
27530,26
27537,139
27539,44
27544,52
27548,33
27549,29
27550,57
27555,153
27563,371
27564,75
27571,59
27573,15
27584,366
27587,41
27592,1901
27595,38
27598,15
27603,35
27604,517
27606,15
27608,432
27616,37
27618,372
27620,78
27624,24
27626,8
27627,119
27631,28
27636,132
27639,34
27640,22
27641,80
27643,106
27644,50
27646,59
27647,137
27648,196
27656,11
27657,40
27658,29
27660,5265
27664,260
27671,95
27674,974
27675,22
27679,16
27684,15
27685,321
27689,295
27692,26
27695,61
27699,48
27700,714
27703,8
27704,263
27706,6979
27711,57
27713,65
27716,287
27717,68
27718,9
27719,40
27721,2464
27722,417
27724,140
27726,2
27727,1010
27728,2124
27729,174
27731,1859
27734,37
27735,74
27736,53
27738,113
27740,34
27741,895
27742,37
27743,32
27744,115
27746,245
27751,187
27752,27
27754,104
27758,77
27759,5
27760,51
27764,46
27765,43
27768,142
27769,30
27771,13
27772,1343
27773,17331
27776,65
27777,5
27778,194
27779,21
27781,25
27783,42
27784,256
27786,18
27787,46
27788,2385
27790,1202
27792,241
27793,545
27797,165
27798,117
27799,13
27800,486
27801,2054
27802,237
27803,2166
27805,36
27808,3559
27811,46
27812,101
27815,1949
27816,430
27820,311
27821,2489
27822,1106
27823,12
27824,30
27826,119
27827,101
27828,181
27829,16
27830,72
27831,5254
27833,136
27834,900
27835,16
27837,997
27838,902
27839,1797
27840,24
27841,42
27843,165
27846,1941
27847,47
27849,10
27850,473
27851,129
27856,93
27857,287
27858,4
27862,31
27864,90
27865,251
27866,202
27869,603
27871,347
27873,949
27874,53
27875,60
27876,142
27878,826
27879,458
27881,19
27882,369
27883,3
27884,123
27888,87
27889,6
27891,35
27899,729
27904,5740
27905,314
27909,42
27911,25
27912,688
27914,3
27919,17
27922,157
30659,88
30695,28
30698,6
30701,185
30707,18458
30712,177
30721,69
30723,49
30742,52
30745,243
30747,125
30749,14276
30764,12
30767,40
30776,11
30781,14
30783,154
30791,153
30793,17186
30798,25
30803,1644
30808,17
30810,10482
30812,11885
30816,3084
30818,322
30820,1161
30822,2161
30825,9341
30846,636
30848,522
30850,849
30854,33
30856,97
30861,18
30863,24
30867,203
30883,383
30890,16
30892,197
30894,1121
30896,46
30898,778
30905,16
30942,18
30949,66
30952,68
30954,43
30970,42
30977,27
30981,28
30991,77
30994,33
30996,65
31000,79
31004,13
31011,15
31026,133
31030,131
31032,78
31035,219
31038,70
31040,12
31042,65
31045,28
31047,27
31049,48
31053,18
31060,9
31079,126
31083,49
31086,97
31090,13
31101,204
31104,60
31107,156
31109,46
31112,21
31114,240
31116,484
31123,272
31133,105
31140,9
31148,150
31150,265
31152,33
31154,15
31156,130
31158,48
31160,68
31162,362
31165,24
31184,945
31188,84
31193,788
31195,44
31201,34
31205,9
31221,2317
31223,335
31225,2305
31247,50
31251,194
31255,252
31258,5
31260,162
31263,85
31267,14
31270,429
31284,107
31290,41
31297,27
31309,297
31337,43
31340,20
31342,6
31347,118
31349,128
31351,6
31353,18
31359,104
31362,54
31364,2860
31367,270
31374,145
31408,172
31410,7328
31413,29
31420,1624
31422,611
31424,611
31427,1503
31429,94
31431,535
31433,1223
31435,450
31437,710
31445,229
31447,33
31467,81
31469,11
31485,248
31487,41
31494,26
31502,359
31522,307
31524,145
31528,196
31535,5
31539,108
31545,360
31547,204
31549,65
31553,220
31555,207
31577,8
31584,59
31588,99
31590,178
31594,47
31598,12
31600,14
31606,8
31610,28
31613,47
31617,201
31619,23
31628,58
31636,38
31638,8
31645,15
31647,44
31649,14
31655,16
31658,16009
31660,930
31664,91
31672,41
31680,12
31682,45
31685,11066
31687,254
31689,314
31692,10
31694,866
31696,11347
31698,832
31700,280
31702,234
31705,81
31724,161
31737,145
31742,11
31747,66
31750,11
31770,272
31785,183
31793,19
31797,1
31804,1678
31807,173
31826,12
31847,36
31851,96
31854,108
31856,23
31867,357
31869,36
31878,6335
31881,24
31889,91
31892,88
31894,69
31900,44
31903,168
31909,102
31915,19
31921,102
31923,753
31925,9
31930,256
31932,53
31934,178
31945,1
31948,71
31950,201
31952,647
31954,33
31956,183
31960,30
31963,104
31973,185
31975,33
31983,50
31991,63
31998,61
32002,20
32009,232
32011,442
32013,36
32015,7
32017,1782
32019,1342
32022,140
32025,237
32029,1785
32031,4368
32049,41
32056,14
32058,185
32060,54
32062,7
32074,26
32076,135
32078,158
32082,14
32084,54
32088,19
32090,10
32109,33
32116,215
32120,17
32122,10
32124,71
32126,18
32128,66
32139,197
32141,26
32149,51
32151,35
32153,109
32156,18
32158,15
32160,203
32162,56
32166,19
32168,13
32170,74
32172,20
32174,138
32179,564
32181,13
32196,209
32199,31
32203,137
32211,96
32213,1135
32225,17
32230,11
32234,151
32239,218
32243,19
32250,60
32261,122
32263,59
32277,11
32280,52
32285,32
32289,607
32291,782
32294,9
32296,2030
32298,875
32300,357
32302,291
32314,98
32316,124
32318,11
32325,38
32329,33
32333,16
32335,29
32342,23
32345,28
32347,32
32349,127
32352,129
32354,19
32357,6
32361,26
32369,153
32371,184
32375,45
32381,82
32383,109
32385,63
32387,344
32389,21
32392,84
32395,64
32419,26
32433,7
32440,40
32442,103
32444,46
32452,229
32460,1002
32464,61
32469,259
32471,15
32478,6
32483,43
32485,32
32493,81
32497,57
32501,47
32509,67
32511,119
32515,42
32518,48
32520,26
32525,243
32535,6
32551,49
32560,49
32562,222
32567,17
32582,295
32584,207
32587,28015
32589,328
32591,172
32593,42
32596,2461
32598,1419
32600,78
32602,36
32605,18
32617,47
32620,27
32625,33
32627,131
32632,100
32646,41
32649,164
32653,27
32655,32
32657,344
32659,73
32666,71
32668,75
32674,34
32677,28
32686,80
32689,20
32691,6
32705,20
32707,56
32716,15
32719,30
32721,157
32724,10
32728,190
32735,83
32737,46
32741,46
32743,145
32770,195
32773,13
32777,15
32779,6
32781,62
32783,22
32788,34
32792,280
32797,22
32799,50
32811,52
32825,311
32830,46
32834,80
32836,18
32840,799
32844,78
32851,14
32853,166
32860,12
32862,72
32864,43
32866,22
32875,117
32882,95
32890,17
32892,755
32898,1069
32902,54
32906,184
32914,282
32917,45
32928,57
32935,10
32941,24
32943,244
32952,29
32954,28
32957,27
32959,7
32966,36
32968,6
32972,7
32974,35
32976,2
32988,79
32994,3
32999,18
33001,13
33004,12859
33019,147
33021,66
33027,16
33036,310
33049,9
33051,13
33072,478
33081,76
33085,1564
33090,19
33092,3
33098,28
33110,50
33113,58
33117,19
33119,78
33124,195
33126,137
33129,10
33132,13
33134,50
33136,135
33138,471
33140,7
33142,3
33145,971
33148,36
33150,31
33152,14
33154,1839
33158,1452
33160,6
33162,5210
33164,1600
33166,13969
33168,59
33171,1630
33188,92
33191,34
33193,62
33201,21
33229,3
33235,11
33237,75
33245,72
33247,39
33251,49
33253,7
33255,37
33261,35
33264,182
33267,12
33270,170
33288,334
33292,15
33294,241
33296,57
33310,19
33312,313
33316,58
33318,21
33321,51
33328,17
33340,75
33342,22
33358,178
33363,26
33376,9
33380,19
33389,16
33393,21
33397,14
33401,58
33410,81
33415,31
33421,208
33424,33
33426,10
33435,73
33437,1905
33445,22
33451,189
33454,146
33463,244
33480,28
33487,154
33493,24773
33495,738
33499,1226
33507,19
33524,18
33533,20
33539,139
33555,24
33558,149
33564,302
33567,34
33573,5
33579,5
33585,444
33587,143
33592,155
33603,112
33608,6
33610,13
33615,9708
33621,141
33624,18
33629,73
33639,623
33641,14
33644,192
33646,3235
33649,402
33655,29
33660,7134
33669,1794
33672,864
33675,103
33677,218
33679,17358
33681,665
33683,983
33685,75
33688,59
33709,70
33722,211
33725,342
33743,37
33750,132
33755,68
33760,57
33767,25
33779,626
33781,139
33790,14
33794,41686
33799,29
33801,77
33808,51
33815,394
33817,489
33819,155
33821,25
33823,52
33826,222
33830,1041
33832,66
33834,1836
33836,2400
33838,198
33844,27
33847,35
33852,11
33861,93
33863,13
33880,1598
33893,246
33896,624
33898,38
33903,1200
33905,75
33912,86
33914,28
33917,9
33919,9
33921,9
33928,19
33930,51
33933,45
33940,4
33945,38
33956,12
33958,8
33966,147
33970,8
33972,28
33974,12
33988,43
33994,6
33998,51
34002,114
34004,21
34008,24
34018,128
34026,31
34032,58
34039,22
34045,104
34048,13793
34051,75
34057,70
34063,100
34065,88
34072,4391
34076,10
34099,13
34111,82
34115,11
34129,134
34135,21
34138,14
34143,1002
34148,379
34150,8724
34153,1064
34155,213
34158,11
34162,14627
34164,297
34170,52
34177,80
34185,12
34189,46
34193,28
34198,395
34214,22
34216,7
34224,12
34226,19
34229,32
34231,38
34234,6
34238,42
34240,19
34246,66
34271,1035
34292,290
34299,24
34306,34
34314,78
34319,9298
34321,647
34323,1499
34326,373
34330,64
34332,1969
34334,1059
34336,1195
34338,1539
34353,30
34359,141
34364,11
34369,15
34371,4
34375,93
34378,31
34405,15364
34411,52
34416,19
34426,5
34435,216
34437,4723
34450,42
34464,27
34466,58
34469,109
34473,24
34482,176
34488,28
34499,86
34505,39
34511,31
34517,11
34520,1498
34523,477
34526,23
34528,885
34530,1057
34532,2313
34534,1934
34536,417
34538,67
34540,219
34542,2666
34548,59
34552,327
34579,66
34583,98
34608,31
34624,37
34643,52
34645,90
34648,54
34696,90
34767,115
34800,56
34811,311
35008,3
35015,168
35050,14
35082,36
35331,5
35347,392
35386,25
35629,18
35636,107
35640,9
35681,7
35738,23
35807,17
35826,12
35828,45
35836,20093
35843,12
35853,12
35906,36
35957,2172
36046,10
36056,104
36083,106
36086,237
36152,33
36247,21
36264,22
36276,1594
36286,4
36289,453
36312,7
36326,35
36363,796
36373,53
36392,28
36397,475
36401,3744
36405,4
36426,10
36436,40
36462,26
36477,152
36509,592
36511,35
36513,145
36517,5106
36519,3619
36523,60
36525,2405
36527,1239
36529,12859
36531,130
36533,316
36535,1993
36537,723
36539,52
36541,31
36543,1
36545,18
36553,39
36576,5
36630,29
36683,22
36711,38
36752,39
36799,37
36816,4
36850,308
36883,70
36902,14
37058,13
37113,8
37211,99
37240,872
37257,39
37269,28
37277,43
37287,79
37335,80
37375,33
37380,2309
37382,1402
37384,1771
37386,4259
37475,586
37477,327
37495,292
37545,210
37626,70
37653,27
37663,4
37683,13
37720,2033
37727,3270
37729,10006
37731,2051
37733,6455
37736,523
37739,607
37741,5103
37744,26
37785,82
37824,9
37830,2047
37837,26
37844,85
37846,30
37853,832
37855,275
37857,1336
37949,4
37955,176
37957,42
37960,9
37976,47
37982,20
38001,8
38004,15
38036,38
38038,7414
38046,64
38061,9284
38086,45
38095,664
38097,231
38159,485
38164,40
38188,204
38198,113
38294,246
38304,902
38320,221
38376,38
38384,107
38388,429
38435,9
38473,16
38538,233
38583,135
38600,311
38656,96
38701,127
38713,17
38798,1807
38839,27
38843,61
38849,35
38867,38
38881,103
38884,8
38886,2934
38992,540
38994,94
39048,15
39075,19
39183,10155
39231,1712
39234,789
39244,26
39292,4890
39305,11
39307,290
39364,15
39369,88
39381,1518
39390,26
39394,35
39398,173
39400,589
39402,40
39408,84
39410,30
39412,5
39414,959
39416,32
39419,342
39421,99
39425,9
39427,1192
39429,6
39435,2575
39439,5
39441,76
39444,1891
39446,5518
39449,732
39474,33
39481,47
39516,40
39524,14
39529,71
39615,10
39625,12
39659,150
39703,95
39731,35
39740,18
39768,167
39777,63
39779,54
39786,32
39796,68
39801,32
39818,54
39824,17
39857,11
39869,599
39876,3
39886,203
39896,53
39931,40
39934,52
39941,57
40010,110
40015,25
40033,128
40111,17
40148,1155
40226,67
40275,5
40278,5054
40291,2
40337,98
40339,2604
40342,96
40404,5
40412,724
40414,668
40422,29
40425,50
40436,20
40457,50
40467,44
40478,43
40491,250
40494,33
40559,17
40574,243
40578,31
40581,1566
40583,4311
40586,153
40589,24
40591,106
40597,29
40614,968
40617,227
40629,8196
40699,3
40723,881
40732,4347
40738,61
40752,53
40755,59
40815,26211
40817,79
40819,11478
40826,1320
40828,51
40831,15
40833,55
40851,1789
40870,827
40887,145
40898,15
40946,511
40952,144
40955,439
40959,668
40962,585
40964,27
40966,615
40969,16
40973,140
40988,135
41014,338
41025,175
41058,38
41094,31
41126,22
41130,15
41136,214
41212,12
41226,140
41285,5892
41336,75
41353,23
41402,11
41411,147
41425,66
41434,19
41499,18
41518,6
41523,3
41527,502
41564,13
41566,16536
41569,10934
41571,3372
41573,1523
41575,101
41585,136
41596,4
41602,6
41617,242
41627,272
41644,23
41650,27
41688,41
41691,30
41699,98
41704,29
41706,25
41712,80
41714,35
41716,1363
41721,104
41724,231
41753,59
41762,8
41767,11
41769,173
41792,15
41810,18
41812,18
41815,79
41820,20
41822,18
41824,29
41828,173
41831,82
41863,1009
41880,18
41889,30
41912,77
41914,17
41941,155
41974,22
41997,7477
42002,1208
42004,1341
42007,1083
42009,922
42011,2707
42013,565
42015,870
42018,528
42021,111
42053,77
42094,457
42150,15
42152,40
42163,254
42172,66
42176,32
42189,4
42197,680
42208,37
42213,73
42217,422
42285,107
42312,45
42335,6
42385,132
42413,16
42418,1344
42491,4
42518,141
42543,24
42546,51
42548,49
42550,9
42553,9
42556,105
42559,36
42584,72
42591,22
42602,30
42629,20
42632,1983
42634,104
42636,8
42638,19
42661,3
42677,42
42679,20
42681,90
42698,16
42705,10
42710,69
42718,1766
42721,551
42723,3355
42725,1971
42728,670
42730,723
42732,682
42734,1849
42736,20
42738,4924
42740,105
42761,67
42763,14
42783,122
42794,44
42856,20
42886,9
42900,229
42935,52
42938,54
42943,26
42946,260
42952,19
42956,14
42958,294
42973,25
42984,29
43007,41
43009,108
43011,51
43014,61
43022,122
43039,18
43081,27
43177,82
43244,19
43248,9
43260,30
43267,59
43269,24
43289,53
43292,20
43333,385
43351,22
43376,853
43383,15
43389,58
43391,105
43396,1906
43415,148
43419,487
43444,115
43460,571
43482,48
43497,157
43518,16
43538,5
43549,52
43552,69
43556,313
43558,758
43560,1946
43567,7
43571,19
43589,76
43608,48
43624,8
43626,12
43628,10
43631,6
43633,9
43635,129
43652,269
43675,12
43677,174
43679,2137
43682,9
43684,240
43699,99
43708,413
43710,32
43727,13
43732,2
43744,502
43762,52
43801,25
43803,12
43813,19
43822,12
43828,18
43832,208
43836,1995
43838,103
43853,91
43869,437
43871,1193
43883,60
43892,11
43897,130
43899,102
43904,509
43906,90
43908,213
43910,133
43912,225
43914,227
43917,795
43919,1086
43921,976
43923,141
43926,91
43928,2113
43930,780
43932,395
43934,88
43936,2714
43967,31
43971,43
43983,144
43987,120
43997,10
44004,2004
44022,6540
44041,120
44058,187
44073,90
44100,106
44115,99
44124,28
44153,71
44155,45
44161,29
44168,171
44187,108
44189,114
44191,35173
44193,2839
44195,13226
44197,426
44199,11559
44204,787
44225,622
44234,41
44238,145
44241,99
44243,97
44253,4
44255,28
44295,56
44301,154
44317,107
44392,43
44397,2010
44399,330
44421,65
44427,42
44494,126
44511,43
44555,12273
44568,62
44571,5
44582,76
44585,17
44587,267
44590,115
44595,60
44597,73
44601,15
44611,46
44613,373
44628,18
44633,558
44653,192
44655,72
44657,236
44663,31
44665,11593
44671,70
44674,53
44685,20
44694,3081
44703,4
44709,1158
44719,44
44729,217
44731,352
44752,15
44759,589
44761,3396
44763,50
44777,50
44779,65
44788,1282
44800,91
44815,113
44825,14
44828,1503
44840,919
44844,60
44849,345
44851,23
44856,49
44861,26
44864,638
44881,60
44889,188
44892,9
44900,88
44903,28
44911,129
44929,513
44931,7
44937,385
44943,207
44947,103
44949,128
44966,90
44972,2434
44974,3462
45000,134
45003,592
45028,863
45030,25
45036,27
45038,5
45047,20
45062,928
45068,44
45072,14
45074,404
45079,13
45081,3771
45100,58
45106,552
45134,20
45137,31
45170,24
45172,87
45175,465
45179,61
45183,565
45186,7870
45188,71
45192,77
45194,56
45208,1028
45210,2372
45221,551
45224,30
45259,32
45303,37
45329,35
45335,109
45361,353
45382,280
45412,81
45431,4576
45440,599
45442,1367
45447,13183
45499,13991
45501,2878
45503,427
45506,164
45508,30
45512,20
45517,11703
45521,49
45525,103
45527,16
45533,68
45537,19
45550,42
45578,22
45581,7
45611,64
45635,313
45642,24
45648,29
45652,15
45656,24
45658,75
45662,966
45664,64
45666,2805
45668,2754
45672,7645
45679,127
45689,10
45691,34
45707,9
45720,12386
45722,21481
45726,1845
45728,4606
45730,1958
45732,1769
45756,11
45758,17
45761,17
45837,98
45845,13
45852,227
45880,2151
45891,70
45899,43
45928,1028
45940,36
45942,76
45950,4026
45952,14
45969,163
45987,23
45991,25
45994,14
46008,7
46034,36
46062,1825
46065,4
46083,17
46098,45
46108,37
46115,10
46154,7
46194,64
46199,3
46201,30
46231,31
46258,38
46311,3
46318,7
46322,1786
46325,5
46331,43
46335,3847
46337,599
46347,349
46363,20
46367,34
46372,9
46409,23
46430,85
46441,15
46457,11
46500,11
46525,27
46530,6075
46544,34
46559,243
46561,41
46572,216
46574,135
46578,25057
46581,17
46588,4
46595,6
46604,97
46613,54
46627,21
46634,8
46640,38
46653,137
46664,199
46713,11
46716,25
46723,7437
46748,18
46753,9
46765,46
46770,88
46772,256
46788,34
46790,9
46803,229
46808,16
46839,66
46848,49
46850,720
46855,604
46862,51
46865,602
46869,14
46880,24
46901,12
46910,34
46912,56
46915,39
46919,137
46925,9
46929,30
46948,2707
46952,19
46954,15
46957,31
46959,141
46961,22
46965,3067
46967,1365
46970,5789
46972,8711
46974,971
46976,11865
46979,11
47005,9
47007,13
47044,1860
47047,29
47049,38
47054,16
47063,20
47076,24
47084,56
47092,58
47099,14319
47117,59
47122,1373
47124,723
47129,7
47131,8
47135,20
47146,19
47148,76
47150,174
47152,168
47165,14
47180,38
47196,41
47200,5000
47202,262
47221,43
47237,8
47239,39
47248,11
47250,3
47254,501
47261,260
47264,517
47274,197
47277,12
47285,10
47287,91
47306,137
47330,71
47342,8
47356,24
47382,2042
47384,276
47394,213
47397,9
47404,416
47423,1620
47446,197
47452,29
47455,9
47458,29
47460,33
47465,732
47477,13
47482,57
47484,26
47491,1058
47493,59
47501,9
47503,74
47516,187
47518,2564
47525,104
47538,67
47561,10
47566,61
47571,25
47601,59
47606,13
47610,15298
47615,25
47619,45
47626,9
47629,3174
47634,198
47640,1593
47642,87
47644,1313
47646,101
47665,21
47670,51
47681,10
47701,12
47707,11
47714,83
47719,56
47721,576
47723,110
47725,541
47728,81
47736,29
47740,35
47774,19
47778,163
47793,152
47805,100
47808,52
47810,1215
47815,22
47830,209
47836,62
47868,92
47894,915
47902,24
47904,101
47907,47
47918,30
47927,16
47931,39
47935,34
47937,487
47940,82
47950,547
47952,653
47956,60
47962,16
47970,694
47972,19
47976,119
47978,228
47980,29
47997,6000
47999,1932
48001,112
48030,5
48032,171
48035,62
48043,5875
48045,173
48049,30
48057,22
48059,147
48061,320
48067,2
48082,3222
48084,12
48093,47
48098,27
48123,33
48127,10
48142,1288
48159,95
48161,464
48165,292
48167,55
48177,14
48193,53
48198,29
48214,43
48229,53
48231,265
48239,30
48242,26
48262,247
48264,25
48268,50
48299,9
48301,90
48304,5818
48308,10
48315,16
48319,501
48322,2155
48326,355
48342,247
48374,7
48381,15
48385,19566
48389,33
48394,26258
48407,11
48412,1090
48414,1379
48416,436
48458,12
48501,95
48516,35236
48518,880
48520,997
48522,209
48528,15
48530,35
48536,13
48543,138
48555,28
48560,593
48567,18
48575,119
48584,50
48591,657
48593,750
48596,309
48598,237
48600,92
48626,12
48638,100
48642,7
48647,11
48649,18
48660,111
48673,78
48678,422
48682,117
48696,2029
48698,425
48700,24
48704,46
48711,195
48713,5
48715,8
48738,7130
48741,203
48744,995
48770,16
48774,20686
48780,32965
48783,1967
48791,134
48817,36
48825,228
48833,42
48851,29
48856,403
48863,39
48872,434
48877,3549
48879,186
48883,180
48895,28
48899,5
48901,18
48909,67
48957,32
48970,36
48972,66
48982,2471
48997,3575
49007,114
49013,625
49035,47
49037,25
49050,39
49060,183
49063,4
49079,22
49082,8
49085,59
49098,24
49110,99
49115,7
49130,1076
49132,305
49183,35
49200,113
49205,137
49220,553
49225,170
49263,142
49265,138
49272,27689
49274,3940
49276,325
49278,6871
49280,553
49282,288
49284,503
49286,5408
49291,39
49299,46
49312,256
49314,502
49330,70
49347,611
49355,148
49359,111
49371,11
49379,15
49389,227
49394,227
49396,2259
49402,13
49412,132
49422,402
49435,55
49464,26
49494,13
49518,20
49524,180
49526,310
49528,349
49530,16325
49571,71
49591,22
49593,18
49615,103
49642,132
49644,27
49647,914
49649,2599
49651,2612
49663,12
49666,181
49668,39
49688,147
49691,8
49735,85
49739,10
49746,14
49752,26
49754,11
49757,25
49759,8
49766,69
49769,17
49772,1399
49793,963
49815,251
49817,147
49822,2055
49824,1243
49856,135
49872,31
49899,16
49902,121
49910,1103
49917,155
49926,24
49929,27
49932,1452
49951,33
49953,67
49955,5
49957,420
49961,1677
49973,35
49985,13
49994,23
50003,420
50005,763
50011,453
50059,40
50064,404
50066,201
50068,3646
50076,5
50147,276
50149,213
50151,75
50153,141
50158,219
50160,676
50162,599
50165,29
50183,134
50208,15
50229,194
50253,26
50259,200
50271,30
50274,346
50279,1
50347,21
50349,18
50354,50
50356,68
50379,12
50382,12
50440,124
50442,1211
50445,445
50447,239
50477,51
50488,20
50514,579
50517,183
50533,54
50541,59
50550,18
50572,31
50574,29
50583,102
50585,14
50589,38
50594,322
50601,2617
50610,19
50613,15
50615,122
50628,17
50630,29
50641,684
50651,177
50658,513
50685,1417
50703,204
50705,75
50740,575
50742,362
50754,14
50774,47
50792,538
50794,2306
50796,277
50798,1492
50800,425
50802,679
50804,1576
50806,1009
50821,12
50828,14
50842,299
50851,733
50858,143
50872,28187
50886,69
50892,37
50898,113
50912,1692
50923,473
50940,28
50944,113
50949,35
50954,485
50970,38
50977,21
51004,34
51007,180
51014,11
51019,8
51037,413
51044,120
51053,5
51060,28
51063,211
51077,4264
51080,1670
51082,95
51084,2725
51086,3673
51088,498
51091,1445
51094,118
51103,11
51106,8
51111,19
51119,6
51127,123
51167,123
51174,296
51182,51
51185,35
51187,123
51194,10
51203,12
51207,83
51209,33
51246,27
51249,12
51251,24
51255,20655
51265,8
51277,448
51287,101
51300,9
51302,12
51312,207
51314,51
51317,25
51321,59
51341,14
51354,41
51357,296
51372,236
51380,102
51402,27
51412,2997
51418,258
51433,9
51455,68
51457,16
51471,700
51486,34
51498,129
51503,58
51520,138
51528,19
51535,4
51540,12549
51545,230
51559,29
51573,318
51575,1692
51577,5
51579,49
51605,21
51617,19
51619,61
51638,93
51660,308
51662,24833
51666,156
51678,199
51686,13
51689,2
51691,3
51694,394
51698,632
51705,518
51709,2243
51773,41
51800,19
51809,6
51817,16
51820,31
51834,1169
51847,131
51857,72
51884,614
51886,13
51891,14
51894,52
51903,223
51905,3
51911,59
51917,56
51921,7
51925,988
51927,818
51931,1417
51933,73
51935,6419
51937,680
51939,1083
51991,95
52005,111
52009,23
52016,28
52033,14
52037,78
52042,1257
52078,30
52088,24
52101,38
52104,72
52106,11
52108,13
52118,6
52153,16
52170,89
52173,9
52180,11
52182,8
52189,33
52202,30
52227,188
52237,36
52241,1232
52245,4375
52265,12
52273,2
52279,260
52281,6739
52283,499
52285,74
52287,2701
52299,78
52319,1455
52321,283
52326,10
52328,6520
52352,22
52356,89
52365,10
52375,366
52378,41
52413,78
52418,24
52424,85
52427,21
52435,2285
52443,98
52448,248
52456,482
52458,3333
52460,382
52462,442
52489,7
52495,126
52528,162
52545,60
52548,21
52551,50
52561,39
52570,13
52572,36
52579,1145
52581,22
52589,33
52591,243
52604,3898
52606,435
52617,22
52634,8
52644,982
52666,270
52668,418
52690,7
52694,1782
52709,31
52712,392
52715,115
52717,388
52722,11399
52724,188
52730,99
52742,29
52767,542
52773,7
52781,15
52784,69
52796,11
52804,6
52806,529
52813,63
52831,168
52838,143
52845,46
52858,25
52865,33
52867,238
52872,20
52885,3909
52891,34
52913,34
52922,15
52927,94
52929,152
52938,53
52942,15
52950,839
52952,2089
52956,12
52967,597
52973,11104
52975,2906
52980,20
53000,7871
53002,296
53004,166
53022,148
53024,406
53038,73
53052,29
53066,41
53084,8
53121,6368
53123,3760
53125,15453
53127,421
53129,2818
53131,95
53133,61
53138,285
53140,335
53143,95
53152,27
53154,40
53161,576
53187,8
53189,630
53207,999
53226,40
53282,34
53318,1942
53322,10379
53326,305
53342,23
53349,108
53352,72
53355,61
53370,69
53373,72
53375,71
53379,45
53382,10
53406,65
53416,17
53435,985
53443,83
53447,487
53450,68
53453,87
53460,1770
53464,5041
53466,295
53468,809
53476,25
53498,39
53519,6248
53548,34
53550,1615
53554,12
53561,5
53569,60
53574,113
53578,171
53582,38
53592,69
53600,11
53651,8
53737,104
53741,28
53752,31
53766,62
53769,203
53774,32
53788,146
53827,220
53833,33
53835,153
53837,27
53839,9
53841,13
53843,21
53845,10
53847,8
53849,12
53851,8
53853,40
53855,29
53857,5
53859,149
53873,30
53880,80
53883,275
53885,23
53887,175
53894,3132
53916,25
53919,98
53921,340
53953,5355
53956,2389
53963,11
53967,45
53972,8504
53974,632
53988,178
53993,3550
53996,13390
53999,228
54001,21073
54004,2025
54010,11
54020,32
54049,47
54056,5
54067,23
54075,254
54094,153
54116,144
54121,76
54144,27
54171,53
54176,35
54185,97
54190,2950
54193,123
54196,96
54198,14
54220,25
54229,191
54239,11
54241,36
54243,25
54248,40
54251,20
54254,22
54256,1917
54259,8800
54262,44
54268,51
54270,131
54272,12517
54274,267
54276,1142
54278,297
54281,1308
54284,33
54286,26934
54290,253
54318,28
54326,3
54328,134
54331,348
54341,20
54349,46
54354,11
54372,1234
54378,59
54406,41
54419,47
54426,90
54445,34
54455,39
54480,18
54491,42
54493,22
54501,20
54503,19565
54505,43
54510,128
54513,203
54519,34
54536,22
54542,12
54554,31
54561,6
54580,22
54605,87
54607,16
54612,185
54614,1
54617,70
54621,82
54648,2819
54652,25
54686,309
54725,14
54732,981
54734,519
54736,2211
54738,135
54745,500
54758,13
54768,216
54771,962
54775,797
54778,18
54780,754
54783,38
54785,1111
54787,563
54796,686
54833,80
54872,62
54875,20
54878,39
54881,2191
54908,272
54910,382
54922,16
54934,170
54958,60
54962,643
54964,16
54967,94
54972,4
54978,102
54986,77
54988,4
54995,5105
54997,8614
54999,2684
55020,251
55040,38
55050,47
55052,4374
55061,49
55063,243
55067,154
55069,1224
55071,374
55078,49
55080,781
55094,1130
55098,353
55106,99
55110,114
55112,41
55116,258
55118,6228
55132,22
55147,11
55154,47
55156,115
55159,109
55167,592
55176,374
55178,38
55190,132
55205,229
55207,285
55209,74
55223,40
55226,43
55232,3694
55241,576
55245,1172
55247,14477
55250,693
55253,864
55255,195
55257,219
55259,236
55261,806
55267,2239
55269,7174
55272,796
55274,1003
55276,5081
55278,362
55280,3905
55282,2771
55284,565
55286,377
55288,265
55290,5987
55292,115
55294,31
55298,31
55324,20
55329,50
55343,28
55360,83
55363,3624
55369,57
55373,25
55389,44
55391,101
55402,75
55406,24
55408,19
55417,96
55419,93
55434,2
55440,39
55442,4278
55444,1428
55451,578
55460,7
55462,26
55467,14
55469,18
55476,5
55485,16
55487,44
55489,22
55492,95
55498,110
55507,33
55512,3
55517,68
55549,30
55553,668
55555,497
55566,119
55577,2514
55603,107
55620,170
55626,10
55628,15
55652,127
55659,38
55668,25
55671,26
55681,13
55684,41
55687,255
55691,28
55705,105
55713,37
55721,2174
55726,88
55729,366
55732,413
55740,10
55757,21
55765,9697
55768,3233
55782,24
55805,2039
55814,2627
55820,27384
55826,18
55830,2637
55844,85
55851,86
55854,49
55856,53
55872,1547
55875,30
55888,8
55895,148
55901,373
55908,4306
55926,52
55946,484
55955,480
55995,3419
55999,1016
56001,219
56003,642
56006,18
56009,11
56015,108
56022,44
56028,22
56030,15
56051,10
56060,146
56067,6
56079,295
56093,202
56095,158
56098,51
56141,103
56145,5635
56152,5427
56156,2318
56158,57
56165,277
56167,213
56169,615
56171,4095
56174,20415
56176,1665
56274,395
56286,876
56313,8
56331,52
56333,976
56339,2904
56350,60
56367,24094
56370,74
56372,59
56379,133
56389,716
56432,108
56449,11
56474,72
56477,3
56479,79
56485,21
56490,29
56508,133
56511,66
56513,1
56515,31
56548,3
56551,10
56561,31
56563,504
56570,12
56574,11
56587,5668
56599,14
56602,19
56607,1337
56614,35
56616,21
56620,124
56626,36
56631,28
56633,203
56651,25
56671,135
56693,28
56700,75
56702,4
56715,1765
56719,107
56744,79
56748,15
56757,8791
56775,6217
56779,25
56782,15494
56786,76
56788,3352
56797,30
56801,2689
56805,1640
56835,30
56837,57
56846,179
56848,130
56869,59
56874,1
56885,762
56888,5
56908,185
56915,478
56931,52
56941,3091
56945,81
56949,4401
56956,4
56959,11
56995,32
57017,22
57023,9
57027,27
57038,12
57041,102
57044,49
57069,63
57147,567
57179,19
57183,636
57209,26
57223,291
57236,14
57243,413
57269,8
57274,2994
57276,35
57282,24
57291,19
57326,405
57353,406
57357,13
57368,8984
57370,249
57393,94
57401,403
57418,30
57421,217
57426,17
57430,13
57432,38
57439,6
57453,57
57464,395
57468,9
57473,27
57476,55
57478,14
57480,18
57482,4
57484,24
57499,19
57502,384
57504,2752
57509,51
57513,28
57520,312
57522,70
57526,548
57528,3715
57530,21
57532,1139
57534,507
57536,278
57538,254
57543,127
57550,70
57637,247
57640,6321
57648,14
57655,66
57669,15472
57690,33
57692,41
57695,76
57706,76
57709,4
57754,26
57772,197
57774,9
57776,41
57778,19
57792,186
57805,10
57811,12
57843,65
57845,162
57848,19
57854,65
57865,88
57868,13
57873,99
57910,650
57940,22
57942,22
57946,66
57949,95
57951,1113
57960,18
57964,45
57970,22
57980,151
57991,45
57996,11
58003,30
58007,50
58025,5964
58029,50
58033,5
58047,3113
58059,48
58061,8
58078,344
58081,4
58084,37
58094,15
58103,1965
58105,1644
58107,1003
58111,166
58120,3
58123,75
58130,6
58136,7
58146,103
58154,1449
58156,1370
58162,1249
58174,10
58180,3
58185,45
58191,329
58207,17
58223,155
58228,9
58246,166
58269,3
58274,18
58282,5
58287,81
58291,192
58293,3119
58295,3563
58297,949
58299,2922
58301,1351
58303,1416
58306,771
58309,39
58315,925
58324,77
58332,549
58334,205
58347,1339
58351,413
58365,45
58367,48
58373,13
58376,940
58379,89
58381,64
58409,10
58411,21
58418,146
58422,57
58425,320
58432,234
58434,35
58437,17
58439,70
58452,13
58485,168
58490,691
58492,213
58494,126
58509,17
58520,59
58530,9
58534,7
58554,224
58559,59334
58564,6
58576,79
58578,16
58589,2
58595,29
58598,10
58610,24
58622,162
58627,660
58632,28
58641,4
58649,64
58652,182
58655,689
58661,4
58706,138
58709,114
58718,33
58722,32
58740,39
58743,95
58760,22
58774,29
58783,120
58785,4
58803,6820
58806,456
58808,63
58810,5
58812,22
58816,28
58839,444
58847,10
58850,66
58870,60
58874,108
58876,219
58879,208
58881,36
58889,47
58895,29
58898,55
58904,23
58920,13
58922,12
58933,41
58937,92
58939,30
58941,7
58945,21
58964,418
58972,400
58975,735
58992,102
58994,13
58998,9638
59000,110
59014,855
59016,856
59018,1248
59022,2799
59026,531
59031,11
59037,1163
59040,97
59044,11
59053,40
59065,102
59074,7
59103,1418
59105,104
59107,156
59114,17
59116,29
59118,862
59126,1727
59129,129
59131,33
59136,7
59138,26
59141,716
59143,434
59154,25
59157,19
59159,50
59173,61
59178,18
59180,24
59182,16
59184,19
59188,109
59216,28
59220,344
59256,344
59258,1291
59260,112
59273,90
59290,41
59295,166
59302,14
59306,317
59313,34
59315,36468
59327,3
59333,1148
59336,428
59339,155
59362,90
59366,7
59369,16133
59376,33
59382,76
59387,3203
59399,73
59404,227
59418,369
59421,2066
59426,5
59435,57
59440,186
59447,9
59463,16
59465,4
59478,9
59485,44
59501,4514
59519,202
59527,33
59547,78
59549,273
59590,220
59594,333
59602,35
59604,335
59607,124
59615,11152
59621,60
59625,19
59641,13
59655,17
59665,29
59667,6
59669,18
59680,34
59684,123
59705,27
59709,368
59715,274
59721,118
59725,2502
59727,1368
59729,114
59731,525
59738,288
59753,73
59784,16390
59795,36
59799,6
59801,34
59805,19
59810,417
59814,118
59832,101
59834,63
59836,10
59838,34
59840,15
59842,24
59844,17
59846,39
59850,19
59852,11
59854,13
59858,10
59861,4
59865,5
59867,7
59888,8
59893,41
59895,28
59900,3720
59905,13
59908,211
59910,82
59912,71
59915,151
59922,6
59938,52
59942,27
59945,47
59947,36
59954,8
59960,42
59974,12
59976,119
59985,469
59988,18
59995,703
60007,186
60020,156
60030,46
60032,58
60037,2714
60040,7884
60044,93
60046,87
60059,12
60069,39993
60072,7047
60074,10948
60086,22
60096,46
60103,67
60106,12
60110,24
60124,16
60126,4652
60128,221
60133,57
60135,46
60137,81
60141,292
60145,18
60147,43
60150,21
60179,42
60183,9
60189,35
60193,16
60198,100
60201,235
60223,8
60225,11
60227,17
60229,7
60231,6
60234,2
60237,8
60240,7
60243,20
60256,26
60259,135
60284,11
60286,36
60289,123
60291,481
60293,588
60295,117
60303,103
60309,19
60311,51
60314,25
60316,18
60322,58
60333,728
60336,113
60338,75
60341,129
60343,17
60353,59
60356,7
60363,276
60376,28
60382,206
60384,53
60389,71
60391,27
60393,20
60397,4208
60405,61
60408,560
60411,45
60418,126
60421,11
60436,30
60450,23
60461,50
60463,64
60469,38
60471,246
60475,18
60479,49
60482,148
60484,36
60487,1072
60490,3
60494,13
60503,192
60508,20
60514,2008
60516,578
60522,178
60524,41
60526,68
60530,205
60538,147
60544,18
60546,35
60551,71
60566,101
60568,20
60579,99
60585,40
60590,24
60599,55
60609,484
60616,3
60618,26
60625,48
60641,37
60647,723
60649,220
60654,54
60666,19
60684,17016
60688,30
60702,43
60707,29
60728,13
60735,188
60737,56
60743,13
60745,69
60753,888
60756,6584
60758,219
60760,1388
60763,162
60766,2485
60768,15
60803,106
60825,46
60827,22
60832,306
60857,105
60880,9
60885,46
60887,14
60894,133
60896,7
60930,10
60937,2191
60939,272
60941,643
60943,581
60946,27
60948,311
60950,4496
60990,66
60992,151
61004,17
61009,65
61011,44
61013,44
61018,83
61024,8332
61026,600
61031,10
61035,49
61037,102
61041,8
61071,512
61073,140
61075,349
61083,4
61100,80
61110,22
61116,35
61123,1064
61132,10818
61136,67
61160,2284
61167,209
61206,33
61210,253
61215,58
61236,1975
61240,7318
61246,389
61248,2483
61250,1278
61253,31
61255,472
61257,127
61262,989
61264,32
61267,91
61269,41
61279,35
61285,30
61289,289
61301,20
61312,54
61317,32
61319,76
61323,10946
61348,715
61350,1377
61352,904
61354,122
61357,69
61361,213
61373,79
61396,27
61398,63
61401,850
61406,458
61414,14
61434,21
61449,143
61451,21
61465,700
61467,14
61470,34
61473,40
61475,6
61493,110
61553,11
61560,2
61567,44
61569,1
61586,26
61628,9
61634,13
61638,7
61646,122
61678,204
61692,117
61695,7
61697,734
61705,563
61707,20
61724,145
61729,1504
61742,69
61768,22
61816,90
61818,84
61862,40
61868,1
61913,26
61931,48
61934,46
61937,110
61941,90
61948,128
61950,59
61967,190
61986,634
61991,153
61994,25
62000,85
62010,46
62014,13
62049,558
62054,53
62081,2711
62113,848
62115,165
62137,279
62153,41
62155,2303
62157,23
62198,49
62203,1103
62206,12
62208,32
62213,6
62235,194
62237,5
62245,89
62250,717
62254,29
62265,349
62277,20
62293,1093
62299,47
62304,24
62334,10
62344,922
62374,2771
62376,1622
62378,68
62383,81
62385,31
62390,24
62394,1522
62420,14
62434,4412
62437,817
62439,497
62467,7
62474,19
62511,2745
62514,13
62526,72
62553,443
62577,229
62586,97
62644,1492
62660,19
62662,51
62669,19
62718,293
62721,16
62726,49
62729,56
62733,905
62761,11
62764,111
62781,4
62788,126
62792,490
62796,47
62799,256
62801,160
62803,143
62834,159
62836,144
62847,19
62849,3909
62851,10
62912,871
62916,12
62920,4
62925,34
62953,5
62972,29
62974,42
62999,3354
63001,83
63007,5
63033,966
63062,3489
63072,4979
63082,25745
63113,9919
63119,36
63121,21
63131,4966
63134,3
63141,1
63179,198
63181,173
63187,5
63189,187
63194,60
63222,512
63226,19
63229,3
63237,41
63239,219
63271,2
63273,42
63276,108
63278,11
63280,8
63283,20
63310,23
63312,95
63327,12
63329,98
63332,24
63339,5
63391,30
63393,459
63436,1776
63446,118
63458,81
63468,8
63479,1240
63481,83
63483,28
63515,302
63540,372
63544,26
63617,18
63629,22
63645,41
63662,7
63676,209
63688,3
63692,5
63698,145
63758,10
63760,26
63768,23
63772,6
63781,13
63788,43
63793,34
63806,8
63808,552
63810,3
63826,455
63828,78
63836,34
63840,4
63853,1594
63859,4900
63862,13
63876,4949
63989,56
63992,8882
64010,137
64030,2386
64032,872
64034,4132
64037,192
64099,12
64114,260
64116,433
64153,17
64167,125
64197,1069
64229,231
64231,557
64234,87
64241,74
64243,18
64245,25
64249,646
64273,66
64275,18
64278,291
64280,18
64283,20
64285,1004
64288,10
64321,57
64325,10
64327,3
64338,40
64365,4
64368,36
64385,9
64408,13
64410,3
64418,20
64424,7
64427,8
64497,2767
64499,581
64501,379
64511,68
64517,4
64519,43
64522,25
64524,46
64548,9
64550,10
64552,6
64575,2946
64614,18810
64620,3471
64622,3092
64645,16
64650,152
64652,29
64658,8
64660,34
64695,234
64701,402
64704,4
64716,5637
64750,40
64754,3
64784,7
64839,8689
64845,26
64895,13
64897,6
64918,11
64921,12
64923,6
64930,90
64942,24
64944,2
64957,14997
64969,8294
64976,15
64979,2
64983,3298
64986,54
64990,13
64993,1410
64997,519
65001,26
65011,12
65025,7
65027,11
65033,6
65037,263
65051,14
65063,15
65078,1
65088,1693
65091,43
65111,12
65126,742
65130,2287
65133,442
65142,294
65155,68
65181,77
65188,1312
65193,500
65204,10
65216,1804
65225,416
65227,15
65230,2963
65235,44
65238,20
65243,26
65259,93
65261,5236
65263,15
65267,5
65277,1
65288,24
65290,17
65293,18
65300,54
65304,11
65310,130
65315,45
65350,11
65352,8
65357,46
65359,108
65370,3
65381,15
65400,39
65418,429
65435,335
65465,380
65468,5
65514,4227
65518,24
65521,26
65538,11
65552,113
65556,6
65558,6
65567,314
65577,646
65585,1400
65588,136
65596,480
65601,415
65603,22
65612,224
65614,10
65621,4
65631,132
65633,6
65642,1958
65651,20
65660,82
65665,38
65667,20
65669,18
65672,49
65682,2967
65685,961
65696,2
65698,3
65702,11
65709,72
65729,3
65731,90
65738,91
65740,78
65762,4
65764,31
65770,19
65772,154
65780,3
65796,72
65802,1816
65810,285
65813,372
65817,112
65845,44
65866,15
65868,519
65878,7
65882,594
65894,65
65899,130
65907,16
65909,3
65930,4
65932,5
65935,16
65939,125
65974,14
65982,868
65984,8
65986,5
66006,5
66008,1
66015,56
66019,59
66025,20
66036,2
66051,9
66053,24
66057,3
66059,39
66066,186
66068,31
66090,758
66092,38
66097,9671
66105,37
66118,24
66130,373
66140,47
66152,78
66156,157
66171,1893
66198,1124
66200,378
66203,2890
66234,48
66246,46
66250,1
66252,19
66268,1
66279,105
66282,6
66284,13
66289,39
66295,16
66304,302
66306,2
66310,183
66317,109
66320,85
66323,23
66330,94
66335,297
66337,42
66339,64
66344,32
66352,12
66365,107
66369,32
66371,1338
66385,205
66389,5
66427,270
66437,8
66440,11
66491,1
66503,17
66506,43
66509,1888
66511,98
66537,13
66539,5
66544,124
66547,128
66549,11
66553,3
66579,9
66584,25
66590,4
66592,15
66596,181
66618,47
66620,2
66622,4
66639,225
66655,16
66659,142
66662,3
66665,1351
66667,5
66686,21
66691,244
66701,6
66718,29
66720,15
66744,238
66758,30
66762,137
66773,6
66783,737
66785,677
66789,86
66798,755
66801,62
66808,99
66813,29
66815,3
66854,21
66857,25
66859,12
66861,14
66866,14
66868,17
66870,97
66897,6
66904,1
66915,160
66927,8
66932,7
66934,5158
66943,105
66947,30
66977,18
66979,12
66981,5
66983,6
67009,11
67068,82
67073,249
67087,5312
67096,30
67098,37
67135,12
67138,71
67140,58
67168,147
67186,563
67193,794
67197,3503
67223,135
67233,10
67247,2
67252,280
67255,7580
67267,1314
67298,3
67300,3
67314,22
67316,15
67354,20
67356,30
67359,15
67361,199
67363,18
67365,87
67370,38
67405,48
67408,3406
67420,36
67422,77
67424,24
67429,243
67457,26
67459,20
67464,32
67501,18
67504,62
67508,615
67534,273
67536,15
67603,16
67607,46
67620,335
67624,50
67657,11
67665,634
67667,22
67675,15
67695,836
67702,14
67704,5
67706,23
67734,3999
67744,47
67748,46
67784,92
67788,1445
67792,82
67799,451
67801,245
67803,3
67809,6
67839,106
67845,7
67847,20
67850,17
67852,2
67865,16
67867,745
67869,34
67873,5
67876,2
67878,2
67881,2
67888,15
67890,13
67892,15
67894,15
67896,5
67898,77
67900,13
67907,79
67923,3807
67925,40
67927,41
67929,68
67931,24
67949,38
67957,79
67980,38
67983,39
67997,1844
67999,98
68028,88
68033,3
68039,16
68044,33
68067,12
68069,60
68073,2142
68099,329
68115,33
68135,3678
68137,27
68153,67
68157,34888
68159,1958
68161,2
68163,9
68168,19
68173,93
68175,19
68177,1
68180,21
68194,669
68201,19
68205,2442
68214,22
68216,8
68222,5
68226,43
68233,2
68237,15744
68242,5
68254,5
68259,42
68263,123
68265,7
68269,895
68271,16
68273,25
68288,122
68314,8
68319,10164
68324,274
68326,6
68329,4
68337,5
68339,12
68347,763
68349,11
68358,21229
68392,31
68411,10
68442,117
68444,216
68462,19
68472,105
68474,5
68480,16
68482,62
68486,395
68489,8
68495,19
68498,15
68511,81
68515,5
68517,21
68519,262
68522,504
68524,10
68533,4
68536,281
68539,4
68541,6
68544,3
68548,48
68552,189
68554,5795
68572,6
68574,12
68576,2
68590,10
68593,13
68597,48
68612,70
68614,19
68645,6
68647,5
68650,147
68653,31
68659,794
68662,20
68664,7
68667,27
68674,35
68676,7
68685,81
68690,94
68749,213
68791,5805
68793,3333
68831,18
68833,8
68835,115
68838,78
68848,1144
68853,4
68855,3
68858,62
68865,5
68868,39
68872,111
68874,216
68884,29
68886,85
68890,12
68892,24
68897,7
68899,13
68901,77
68915,34
68919,43
68921,14
68932,652
68941,713
68943,7
68952,3035
68954,36382
68956,98
68959,323
68963,269
68965,98
68967,118
68974,15
68976,40
69005,17
69007,18
69027,265
69039,8
69042,6
69061,24
69069,458
69072,21
69075,45
69088,125
69095,7
69118,156
69122,23372
69131,150
69134,2290
69136,70
69140,304
69155,10
69159,9
69169,24
69187,37
69195,2
69199,11
69201,7
69203,10
69217,12
69219,115
69222,27
69227,62
69231,18
69233,16
69241,78
69243,20
69251,112
69253,396
69255,11
69269,44
69275,861
69278,995
69280,39
69284,47
69299,22
69302,15
69304,166
69306,2052
69310,36
69324,266
69332,5
69336,11
69354,25
69356,42
69358,33
69361,31
69370,19
69372,77
69374,27
69381,60
69387,19
69394,227
69406,6648
69419,16
69421,46
69429,25
69436,1618
69438,62
69442,16
69444,15
69446,11
69448,43
69453,86
69458,312
69460,17
69466,58
69469,50
69475,5
69481,11402
69483,74
69485,3
69487,3
69489,34
69493,3
69495,49
69498,69
69500,13
69503,15
69509,55
69516,365
69518,10
69521,20
69524,1312
69526,5626
69529,498
69542,85
69545,6
69552,54
69559,20
69569,13
69574,195
69604,1316
69606,1041
69609,5
69611,16
69626,27
69640,3380
69644,4183
69652,8
69654,273
69666,35
69670,11
69674,12
69677,31
69685,246
69687,2
69689,24
69699,88
69704,42
69706,2
69708,10
69712,846
69714,39
69729,14
69744,16
69746,306
69753,7
69755,6
69757,15977
69761,89
69766,10
69768,13
69771,48
69773,16
69784,3633
69786,17
69792,28
69800,1
69805,258
69809,67
69818,219
69821,23
69830,68
69834,3
69842,96
69844,21033
69849,546
69856,14
69860,24
69873,122
69878,6
69904,102
69906,13
69908,29
69911,49
69919,16
69926,29
69928,19
69931,9
69934,170
69945,89
69947,30
69949,23
69951,2667
69953,34
69957,9
69964,12
69971,43
69979,8
69981,8
69986,25
69988,160
69995,191
70008,7
70015,194
70032,165
70046,73
70048,25
70050,11
70088,29
70093,93
70121,27
70126,5
70130,38
70133,111
70146,5
70148,5
70155,11
70157,13
70159,2292
70173,7
70175,50
70181,3
70183,2711
70186,36
70188,48
70197,4
70201,79
70204,3
70206,600
70208,576
70223,24
70227,34
70229,35
70235,17
70237,8
70282,298
70286,24808
70293,3510
70295,75
70301,194
70305,947
70315,17
70318,10
70331,7
70334,587
70336,2689
70342,99
70344,206
70355,4
70361,325
70366,72
70370,13
70372,2
70374,5
70377,24
70418,30
70421,18
70423,36
70425,26
70432,98
70439,4
70451,298
70465,52
70488,30
70490,9
70492,7
70495,21
70497,70
70500,5
70507,33
70511,6
70513,10
70517,12
70531,6
70533,866
70535,19
70537,13
70541,29
70543,18
70545,22
70549,15
70565,227
70567,644
70571,18
70587,48
70591,5
70595,33
70597,147
70599,2581
70607,88
70609,3
70611,2
70629,24
70637,66
70641,190
70643,142
70649,62
70656,33
70661,33
70663,445
70670,72
70678,14
70682,34
70684,10
70687,191
70689,21
70695,63
70697,592
70703,14
70706,147
70708,123
70712,13
70722,11
70724,25
70726,59
70728,1561
70730,9
70740,14
70742,33
70751,4
70762,30
70769,211
70789,12
70792,7
70795,9
70797,8
70800,2
70802,120
70804,48
70806,34
70819,3
70821,9
70824,37
70828,25
70831,11
70833,22
70837,5
70839,8
70843,10
70846,129
70849,200
70862,415
70869,12
70871,114
70877,19
70880,19
70889,11
70891,7
70898,138
70912,121
70914,6
70920,3
70924,1
70927,75
70932,207
70948,15
70958,32
70961,35
70964,24
70968,33
70970,50
70976,19
70978,66
70984,396
70992,166
70994,445
71007,14
71011,83
71014,32
71027,38
71029,35
71033,3143
71047,14
71057,4403
71065,4
71067,24
71094,2
71096,30
71102,10
71104,7
71106,958
71108,1260
71110,15
71114,13
71116,40
71129,412
71131,469
71133,13
71135,2871
71139,13
71141,42
71143,16
71147,46
71154,28
71156,3312
71158,3
71164,22
71168,23
71170,56
71178,48
71180,31
71182,44
71184,46
71187,36
71189,47
71199,74
71205,1567
71211,1672
71216,8
71237,4
71239,90
71241,18
71243,23
71246,65
71248,818
71252,1368
71254,2211
71264,5429
71268,48
71276,5
71278,4
71280,11
71282,1602
71285,32
71300,3
71302,90
71304,748
71318,147
71322,42
71325,314
71327,397
71341,89
71343,14
71348,4
71350,32
71357,8
71361,16
71363,4
71372,106
71374,137
71376,22
71379,3735
71382,8
71384,5
71386,8
71390,109
71402,6
71404,24
71409,13
71413,25
71416,48
71418,53
71426,26
71429,671
71433,64
71438,287
71442,47
71444,38
71446,40
71448,27
71450,894
71453,39
71458,10
71460,180
71462,1072
71464,3666
71466,679
71472,55
71482,27
71484,224
71488,25
71490,67
71494,103
71497,23
71500,1112
71518,1556
71520,2499
71522,20
71525,12
71530,3764
71533,65
71535,19908
71537,166
71542,216
71545,12
71550,177
71558,21
71560,39
71571,190
71573,318
71575,80
71579,2284
71591,25
71606,13
71619,467
71634,32
71638,17
71640,48
71650,71
71664,28
71668,1199
71670,426
71675,4
71677,17
71685,12
71688,232
71691,133
71693,50
71695,70
71697,17
71700,212
71702,3
71705,5
71707,23
71709,17
71717,32
71719,12
71730,7
71732,181
71736,20
71738,21
71740,40
71743,16
71745,2656
71748,9
71750,15
71755,42
71760,27
71762,29
71779,20
71792,52
71795,4
71804,12
71806,5
71808,25
71817,34
71821,64
71823,396
71838,4117
71840,25
71851,11
71865,6
71867,114
71876,183
71878,242
71888,3
71902,250
71910,259
71926,119
71928,129
71931,5
71933,5
71936,27
71938,33
71940,17
71942,14
71970,19
71973,18
71976,17
71978,22
71980,23
71986,13
71989,21
71991,62
71999,47
72001,9
72011,8486
72013,17
72016,3
72018,53
72022,4
72027,9
72030,23
72032,7
72035,115
72037,74
72039,90
72041,53
72043,205
72045,16
72090,7
72092,24
72094,8
72096,25
72102,52
72104,200
72113,77
72117,66
72124,8
72129,1443
72131,380
72153,11
72156,21
72159,62
72161,29
72163,10
72165,475
72167,1120
72169,194
72171,823
72176,257
72178,96
72204,16
72209,601
72212,21
72216,13
72224,184
72226,9818
72228,198
72235,3
72249,87
72258,24
72261,114
72263,24
72265,12
72267,2
72273,27
72276,15
72281,12
72283,27
72287,25
72290,25
72292,22
72294,1439
72298,28
72302,11
72304,16
72310,29
72315,12
72321,7
72325,10
72327,44
72330,129
72332,5
72334,40
72336,7
72340,14
72342,6
72344,5
72356,1369
72360,53
72363,4
72369,55
72378,8099
72380,1139
72386,599
72388,5
72391,1
72393,787
72395,1643
72400,5
72405,1102
72407,4038
72479,502
72485,76
72489,901
72491,63
72512,2
72514,4
72516,6
72524,13
72552,30
72557,78
72559,26
72571,5
72583,44
72585,6
72587,7
72589,10
72591,147
72601,92
72603,160
72605,948
72607,8
72609,4
72612,51
72618,9
72621,9
72624,22
72626,13
72628,35
72630,119
72632,6
72637,2
72641,10723
72643,15
72645,8
72647,18
72649,8
72651,12
72653,2
72657,10
72672,53
72674,17
72678,8
72681,15
72683,26
72692,171
72694,255
72696,353
72701,882
72703,198
72712,111
72718,51
72720,2047
72726,65
72731,1656
72733,2367
72735,28
72737,3491
72741,509
72751,33
72762,265
72764,35
72777,88
72781,8
72784,22
72787,167
72822,18
72833,24
72840,7
72842,5
72844,36
72846,14
72848,15
72850,45
72852,48
72854,9
72856,30
72866,10
72870,6
72872,11
72874,51
72876,18
72878,13
72880,21
72883,15
72885,6
72897,5
72899,31
72901,1
72904,19
72906,7
72908,1
72910,3
72913,22
72915,33
72919,489
72921,44
72923,4
72927,19
72931,40
72934,19
72936,6
72947,50
72949,30
72953,26
72956,1
72958,43
72960,5
72980,146
72995,58
72998,35043
73000,406
73010,17
73015,1434
73017,20352
73023,1634
73027,177
73031,10
73042,607
73049,61
73051,85
73060,15
73064,55
73086,13
73089,125
73099,6
73101,220
73109,23
73111,24
73114,25
73117,109
73125,13
73133,9
73135,22
73137,9
73139,7
73141,13
73143,12
73145,4
73152,15
73154,9
73158,6
73160,42
73165,3
73168,527
73170,34
73183,203
73185,3
73188,11
73194,12
73196,3
73198,4
73200,2
73202,10
73204,4
73208,88
73211,965
73226,2
73232,28
73240,12
73245,16
73256,11
73261,9
73266,1367
73268,2042
73270,70
73276,97
73290,1780
73317,3
73319,1405
73321,8038
73323,2161
73328,22
73330,17
73334,10
73339,15
73344,2074
73355,3
73359,21
73370,75
73386,42
73390,22
73392,158
73399,14
73401,23
73413,91
73416,12
73447,1
73449,17
73453,1
73457,30
73460,19
73462,79
73469,42
73472,2
73475,2
73480,3
73488,166
73492,9
73494,38
73499,38
73501,18
73504,16
73511,167
73513,254
73515,58
73523,41
73526,2
73529,10
73531,15
73533,12
73569,109
73572,159
73581,10
73587,498
73590,31
73608,99
73614,70
73630,26
73641,61
73664,154
73668,7
73678,28
73681,181
73708,8
73710,17
73713,84
73718,73
73730,35
73741,90
73744,14
73754,5
73772,52
73774,19
73776,23
73778,22
73780,9
73782,4
73790,18
73804,308
73808,960
73813,18
73818,26
73820,50
73822,51
73824,57
73826,11
73829,138
73831,24
73851,7
73854,855
73858,33
73860,324
73862,14
73868,26
73870,117
73872,10
73879,53
73881,2147
73885,63
73900,66
73912,14
73914,43
73919,8
73929,1200
73954,18
73967,11
73978,20
73981,52
73983,52
73987,2
73989,8
74014,32
74017,7
74056,3
74061,6
74064,14
74089,175
74095,135
74097,30
74099,14
74107,4
74109,15
74111,110
74113,4
74115,46
74127,9
74129,17
74131,159
74135,21
74137,6
74139,95
74141,17
74144,16
74148,55
74150,34
74152,372
74154,846
74156,861
74159,5
74161,11
74164,46
74204,116
74226,23
74228,1922
74230,4
74255,16
74257,30
74261,14
74263,16
74266,20
74271,15
74275,1470
74284,2
74287,15
74297,12
74300,12
74302,6
74306,37
74310,28
74317,3
74327,108
74330,1
74332,5
74337,14
74339,24
74342,13
74355,83
74370,655
74382,22
74404,14
74406,9
74416,936
74426,96
74428,27
74431,41
74434,23
74436,122
74438,55
74446,23
74448,3
74450,1406
74452,802
74456,43
74458,29096
74473,8
74475,80
74480,36
74484,133
74486,85
74488,322
74493,16
74504,94
74508,408
74510,2123
74512,23
74530,2933
74532,805
74538,14
74541,144
74545,2655
74547,7
74553,1167
74573,149
74575,26
74580,573
74582,73
74588,24
74590,16
74595,8
74613,16
74619,16
74621,44
74624,697
74630,21
74641,61
74647,29
74649,24
74653,77
74668,661
74675,5
74677,316
74679,2
74681,15
74683,51
74685,1543
74688,1234
74696,89
74698,739
74701,29
74706,23
74727,682
74731,107
74733,37
74738,49
74740,306
74748,14
74750,676
74754,1179
74787,441
74789,9384
74791,235
74795,1996
74799,17
74818,60
74820,48
74827,70
74851,1324
74857,20
74859,26
74864,109
74868,710
74870,18
74886,28
74916,665
74937,28
74944,401
74946,1858
74948,1019
74967,18
75335,14
75341,1046
75345,46
75349,25
75351,81
75362,10
75367,9
75370,32
75386,30
75389,98
75392,28
75395,593
75397,10
75402,7
75404,34
75406,6
75414,39
75423,50
75425,197
75428,9
75434,8
75436,23
75443,5
75446,63
75803,29
75805,1418
75808,22
75813,399
75816,60
75820,10
75823,16
75825,28
75831,13
75927,5
75929,56
75938,35
75940,16
75947,57
75950,17
75962,16
75977,1
75979,5
75981,25
75983,186
75985,1711
75990,39
75992,12
75994,8
76022,10
76030,666
76049,3
76051,47
76054,197
76056,41
76060,146
76063,38
76066,5
76077,4203
76079,648
76082,6
76085,23
76087,33
76089,24
76091,1051
76093,20142
76108,121
76111,481
76117,47
76119,69
76127,78
76130,230
76132,61
76134,32
76137,34
76143,49
76145,13
76147,62
76149,4
76151,58
76156,8
76158,100
76160,2
76163,4
76169,29
76171,32
76173,748
76175,3281
76185,1
76187,25
76208,176
76210,494
76217,7
76238,13
76241,14
76244,47
76251,15783
76255,6
76258,11
76269,30
76272,111
76277,19
76279,6
76288,8
76291,37
76293,2861
76298,35
76303,26
76312,33
76317,307
76533,1
76680,50
76692,11
76695,17
76699,6
76709,52
76714,20
76716,21
76720,10
76722,15
76729,20
76731,4
76736,4
76738,178
76743,26
76747,33
76751,17
76753,81
76758,30
76763,539
76770,5
76772,83
76776,38
76778,31
76808,24
76811,33
76814,14
76816,29
76818,13
76823,43
76827,22
76832,11
76836,22
76860,61
76862,42
76864,5
76866,82
76873,24
77141,14
77143,20
77146,36
77149,12
77154,105
77156,16
77162,25
77177,116
77181,15
77184,21
77189,11
77191,474
77201,771
77204,42
77206,471
77208,36
77210,22
77212,17
77217,15
77223,15
77229,6
77233,113
77238,19
77240,272
77259,15
77264,92
77266,71
77291,21
77293,108
77296,18
77298,16
77307,1817
77312,46
77316,102
77318,30
77326,53
77328,240
77330,195
77332,23
77336,2
77339,11
77344,7
77353,60
77355,6
77357,20
77359,169
77362,1
77364,948
77414,682
77416,16
77421,450
77427,1159
77433,29
77435,8
77444,2
77449,33
77451,2
77455,3785
77463,14
77479,17
77481,22
77491,6
77493,19
77496,65
77509,17
77517,20
77540,713
77550,17
77561,17099
77596,125
77613,7
77615,1
77629,170
77665,153
77667,634
77672,59
77680,15
77682,41
77688,33
77707,17
77709,116
77711,25
77715,20
77719,23
77721,50
77729,49
77731,97
77734,1
77736,26
77738,5
77742,8
77744,3
77770,44
77772,21
77774,20
77776,3
77778,3
77780,54
77783,7
77788,56
77795,455
77798,880
77800,1586
77804,4
77808,31
77810,72
77816,7
77818,50
77820,122
77829,48
77831,8
77833,172
77835,11
77837,402
77841,65
77843,339
77846,1046
77854,244
77866,3231
77875,32
77881,27
77883,7
77891,26
77893,66
77896,11
77899,11
77907,42
77910,27
77917,6
77919,12
77921,7
77941,13
77944,38
77947,14
77951,5
77966,21
77968,9
77979,28
77981,25
77983,35
77985,19
77990,18
78000,7
78003,89
78006,28
78009,65
78011,38
78014,22
78016,21
78019,33
78032,92
78034,250
78037,10
78039,2617
78041,957
78043,2
78045,3
78049,1
78054,15
78057,6
78059,15
78062,19
78064,18
78068,1
78071,2
78073,6
78081,64
78084,32
78088,1588
78090,2
78093,4
78095,14
78097,12
78099,19
78101,7
78103,32
78105,4236
78111,42
78116,202
78122,91
78124,11
78128,74
78130,20
78132,11
78140,7
78142,47
78145,3
78157,45
78168,17
78170,18
78174,912
78181,14
78184,5
78186,29
78192,5
78201,4
78207,77
78209,3152
78211,6
78218,877
78222,11
78224,10
78235,23
78245,55
78247,60
78249,2
78251,53
78264,515
78266,1420
78268,58
78270,22
78272,54
78276,46
78278,52
78290,32
78295,42
78308,36
78313,66
78316,1400
78329,10
78332,73
78335,70
78337,10
78340,11
78342,28
78344,72
78349,2093
78358,26
78360,7
78366,2
78370,20
78376,20
78379,3
78381,19
78405,21
78408,22
78410,19
78413,9
78416,6
78418,9
78420,37
78422,10
78438,25
78442,4
78445,61
78459,35
78461,4
78463,10
78465,9
78467,562
78469,4165
78483,6
78488,2
78490,19
78499,20327
78517,165
78519,31
78528,11
78534,22
78536,18
78557,23
78559,2
78574,2940
78579,41
78583,4
78585,47
78606,50
78612,45
78614,26
78618,32
78620,22
78626,110
78629,20
78633,68
78635,21
78637,3381
78640,23
78642,6
78646,23
78649,6
78651,6
78653,57
78658,3
78666,12
78677,2
78679,325
78681,32
78684,3
78690,18
78698,4
78701,18
78703,387
78713,2
78715,7
78717,6
78721,14
78723,13
78727,6
78729,334
78737,9
78739,16
78742,24
78746,178
78748,10
78757,24
78759,101
78765,9
78772,4060
78774,222
78776,5
78827,34
78829,11
78832,6
78834,4
78836,1574
78838,32
78856,44
78858,8
78860,15
78873,1
78885,4
78893,2036
78895,58
78898,44
78903,56
78905,30
78909,11
78913,41
78916,19
78919,17
78921,24
78934,41
78941,27
78944,26
78946,10
78951,4
78955,27
78957,8
78959,14
78961,18
78967,83
78974,5
78976,27
78978,26
78980,4
78982,13
78984,1
78986,21
78991,26
78993,22
79003,13
79006,195
79010,3
79022,5
79029,58
79035,22
79038,12
79043,4
79045,10
79057,2613
79060,23
79063,6
79065,5
79067,7
79073,218
79077,5
79081,10
79083,7
79091,14136
79094,12
79104,3
79106,2
79109,10
79111,8
79124,5
79127,7
79132,57931
79134,2608
79136,12
79139,2876
79163,7
79166,51
79185,3204
79187,56
79191,36
79195,11
79197,15
79203,50
79207,37
79213,14
79222,28
79224,2771
79226,85
79228,36
79230,81
79232,7
79234,1
79236,9
79238,17
79242,1916
79244,3
79247,8
79249,6
79251,771
79254,44
79259,51
79276,25
79278,2
79285,3
79287,87
79293,5686
79299,56
79303,13
79318,265
79321,20
79327,11
79329,14
79333,126
79335,2
79337,7
79339,3
79346,6
79357,4606
79368,13
79388,28
79395,7
79397,10
79402,13
79424,3
79428,1764
79430,34
79458,14
79461,10
79463,281
79467,56
79469,38
79471,5
79473,13
79475,13
79477,54
79494,45
79496,9
79498,67
79501,12
79505,35
79507,48
79515,22
79519,28
79521,10
79523,43
79525,38
79528,44
79533,137
79539,10
79541,156
79543,17
79545,40
79547,13
79551,14
79553,1831
79561,2
79568,2
79570,13
79572,166
79575,1
79578,38
79580,7
79588,516
79590,321
79592,4833
79596,43
79599,111
79601,10
79603,18
79607,14
79610,17
79617,22
79627,17
79633,29
79636,5
79638,15
79642,6
79644,7
79647,15
79651,19
79653,10
79656,6
79663,56
79667,14
79681,20
79684,237
79686,7
79692,11
79695,4991
79702,14772
79709,6
79711,24
79718,15
79720,930
79723,34
79725,18
79731,10
79736,4
79739,10
79741,4
79760,89
79765,15
79767,10
79769,62
79771,16
79773,25
79775,16
79794,38
79796,703
79798,343
79800,128
79802,19
79805,35
79807,37
79809,41
79824,185
79828,16
79830,25
79832,57
79835,12
79838,11
79842,9
79844,5
79846,28
79848,15
79850,19
79855,9
79860,358
79863,105
79866,2
79868,97
79870,16
79872,13
79874,59
79879,828
79884,12
79895,206
79897,392
79901,10
79910,76
79912,29
79914,24
79916,37
79918,8
79920,10
79923,12
79925,9
79927,71
79929,49
79936,17
79946,357
79953,7
79955,30
79972,22
79974,15
79977,13
79980,11
79987,123
79994,42
79996,32
80004,7
80020,7
80022,3
80026,211
80033,12
80044,17
80049,19
80054,15
80072,18
80074,12
80076,16
80083,112
80086,31
80094,508
80097,52
80100,14
80102,10
80104,17
80107,33
80109,18
80111,93
80122,20
80124,51
80126,1335
80129,12
80132,13
80135,6
80137,17
80141,32
80144,14
80146,22
80152,9
80154,3
80160,3
80162,111
80166,1305
80179,7
80181,65
80183,8
80185,382
80189,8
80191,139
80193,1
80195,8
80204,19
80206,17
80208,8
80210,11
80214,14
80219,3430
80222,461
80224,10
80230,2
80233,10
80235,12
80241,440
80243,2
80258,21
80260,9
80264,8
80267,7
80269,7
80271,2
80281,51
80283,13
80285,4
80288,14
80290,7
80292,8
80295,15
80311,1
80313,4
80315,31
80321,12
80328,27
80337,21
80339,31
80344,5
80346,10
80348,13
80350,435
80352,4
80354,29
80358,7
80361,54
80363,2370
80368,5
80374,66
80376,5
80398,355
80400,21
80402,13
80405,20
80408,7
80417,9
80419,14
80421,18
80424,19
80428,14
80430,23
80432,32
80442,1
80444,8
80447,42
80449,11
80451,30
80454,43
80456,44
80463,21335
80465,6
80472,2
80476,37
80487,45
80489,6877
80491,12
80494,32
80498,5
80500,17
80549,8888
80551,1246
80553,191
80557,11
80560,22
80562,7
80566,4
80568,3
80570,12
80572,242
80574,11
80582,8
80584,101
80586,849
80588,63
80590,1133
80592,3
80599,11
80611,7
80615,1356
80617,195
80619,16
80622,5
80639,19
80641,6
80646,49
80648,79
80650,7
80653,15
80655,6
80659,5
80661,9
80667,6
80677,29
80680,9
80685,1
80693,2161
80695,1
80701,15
80713,13
80715,7
80717,31
80719,6
80725,5
80727,178
80729,64
80731,8
80733,24
80742,4
80744,5
80746,1
80748,122
80759,21
80761,17
80763,28
80768,1
80775,200
80777,22
80779,34
80781,1
80789,24
80792,3
80797,14
80799,4
80806,13
80808,46
80810,20
80812,26
80816,49
80818,4
80820,60
80825,7
80827,3
80831,1570
80834,80
80836,52
80839,656
80844,361
80846,1764
80848,5
80858,388
80860,1476
80862,795
80864,483
80870,16
80880,299
80891,46
80893,17
80899,14
80901,5
80903,20
80906,2912
80908,25
80917,1206
80924,20
80928,138
80933,15
80939,288
80947,20
80950,3
80952,10
80954,16
80967,7
80969,2066
80980,15
80984,3
80986,2
80990,21
81000,9
81014,25
81018,755
81020,104
81027,22
81029,11
81031,27
81041,9
81046,26
81049,6
81051,17
81054,31
81059,35
81061,21
81064,3
81069,7
81072,11
81075,16
81080,34
81083,156
81085,13
81087,32
81090,48
81094,9
81100,2
81102,12
81104,7
81107,9
81109,10
81111,33
81117,3
81123,2
81125,2
81130,10
81132,685
81138,43
81140,208
81142,16
81145,35
81147,17
81156,1135
81158,682
81162,17
81164,161
81172,2
81180,182
81182,91
81191,403
81193,11
81195,56
81198,6
81200,8
81204,9
81214,10
81216,7
81225,9
81229,7308
81238,2
81243,5
81248,8
81250,11
81257,403
81270,127
81274,2
81276,40
81281,11
81305,41
81312,50
81314,2
81316,25
81322,2
81328,12
81330,5
81347,4
81349,2
81351,20
81355,56
81357,9
81359,12
81364,50
81366,41
81371,26
81381,40
81383,256
81385,196
81387,5
81389,5
81391,10
81396,20
81403,79
81405,2
81411,27
81413,24
81417,1287
81427,25
81429,6
81441,10
81443,14
81445,12
81447,11
81451,14
81453,7
81456,327
81495,59
81497,17
81499,33
81512,682
81516,437
81518,23
81520,158
81524,13
81535,1094
81537,3319
81546,8
81548,4
81562,9128
81564,8179
81566,3
81568,102
81574,19
81583,6
81585,12
81587,8
81589,6
81591,19149
81610,8
81613,4
81615,6
81617,12
81629,11
81637,52
81639,117
81641,605
81643,5
81646,6
81656,22
81658,15
81660,40
81665,109
81667,21
81669,48
81671,26
81673,31
81676,6
81679,12
81681,25
81684,30
81688,21
81690,16
81698,30
81700,6
81702,22
81704,36
81708,13
81711,127
81725,93
81727,7
81733,31
81736,46
81738,4
81742,6
81744,19
81751,291
81753,13
81755,9
81758,1
81765,4
81768,14
81770,4
81782,2156
81784,1021
81786,348
81788,2217
81791,573
81795,1
81802,5
81804,381
81806,4
81817,296
81819,935
81823,25
81825,18
81831,26
81834,20969
81845,20274
81847,11492
81851,10
81853,33
81857,2
81859,9
81880,9
81898,8
81906,4
81908,2
81910,130
81930,8
81932,6318
81949,89
81952,7
81954,6
81957,22
81959,8
81962,5
81979,20
81981,113
81983,17
81985,5
81987,8
81989,45
81991,5
81993,21
82003,27
82005,53
82007,19
82015,40
82017,1
82022,101
82026,3
82030,17
82032,21
82037,193
82041,437
82043,12
82045,6
82047,7
82049,18
82051,26
82053,207
82055,9
82059,82
82061,10
82063,23
82066,35
82068,22
82070,33
82093,299
82095,837
82097,43
82102,32
82106,5
82108,9
82110,7
82115,4
82119,17
82121,25
82123,3
82129,19
82131,17
82139,8
82141,7
82143,410
82150,103
82152,674
82154,6
82167,2162
82169,2885
82173,260
82175,6
82179,6
82182,17
82184,2
82186,17
82188,9
82194,14
82196,18
82202,2685
82227,10
82235,5
82240,58
82242,638
82244,281
82261,12
82269,20
82271,6
82274,25
82276,20
82280,24
82283,11
82298,13
82300,29
82302,32
82304,24
82306,10
82308,22
82311,14
82313,31
82315,30
82320,15
82322,34
82324,26
82326,5
82328,15
82330,11
82332,30
82335,20
82337,55
82353,7
82356,17
82358,2
82360,58
82362,10
82364,20
82366,103
82368,3
82370,5
82378,407
82380,19
82382,18
82388,8
82390,12
82393,4
82395,5
82420,15
82438,18
82447,200
82449,11
82452,13
82454,7
82459,10677
82461,7458
82463,441
82465,17
82467,8
82469,6
82476,5
82491,3
82499,471
82525,1
82527,410
82529,14
82531,10
82534,384
82536,17
82564,41
82567,8
82581,42
82584,6
82589,126
82591,13
82593,4
82595,1
82597,9
82602,8
82606,4
82608,22
82631,17
82633,151
82635,12
82638,22
82641,40
82643,9
82667,1829
82669,25
82671,10
82673,25
82676,30
82678,15
82680,16
82682,16
82684,91
82705,13
82711,25
82715,3
82722,42
82732,6
82744,693
82747,16
82749,36
82751,1
82753,11
82759,56
82765,137
82767,519
82770,24
82834,21
82836,11
82840,4
82848,167
82850,45
82852,1542
82854,896
82857,29
82902,16
82906,51
82909,6
82911,11
82915,9
82917,10
82920,37
82926,106
82928,47
82931,134
82934,75
82976,69
82978,55
82980,38
82982,12
82984,4
83006,6
83034,14
83038,15
83049,22
83056,12
83059,118
83067,77
83071,7
83082,85
83086,840
83089,4
83096,54
83115,9
83132,2482
83134,5032
83138,11
83140,2
83158,52
83161,1
83163,20
83177,250
83180,45
83184,46
83186,27
83189,14
83193,51
83219,313
83222,29
83225,3
83227,16
83232,17
83241,7
83244,27
83246,30
83248,20
83250,30
83256,5
83258,11
83260,6
83264,115
83266,44
83270,258
83273,5
83275,2
83277,6
83279,3
83281,2
83291,11
83293,161
83295,9
83302,294
83308,10
83310,4
83316,19
83318,80
83320,24
83322,60
83332,102
83334,27
83337,25
83339,17
83343,12
83345,11
83349,2446
83351,7
83357,2
83359,66
83361,46
83369,857
83374,255
83376,10
83381,7
83385,15
83389,2
83411,100
83415,17
83417,4
83424,196
83430,10
83435,8
83437,16
83439,7
83446,3
83448,15
83450,85
83457,65
83464,5
83468,24
83478,101
83480,884
83525,193
83527,16
83529,18
83531,27
83533,8
83535,42
83538,48
83540,57
83556,17
83558,16
83560,24
83562,6
83569,15
83575,11
83577,31
83581,10
83583,14
83585,19
83588,46
83590,12
83592,5
83601,68
83603,3
83607,4
83613,3385
83616,11
83619,7
83652,19
83654,6
83656,3
83658,7
83660,23
83662,3
83664,5
83760,37
83763,34
83765,34
83767,6
83773,2
83777,26
83789,3
83791,8
83796,79
83798,214
83801,21
83803,838
83807,27
83809,14
83819,5
83821,7
83823,9
83825,5
83827,141
83831,3
83833,22
83835,28
83837,33
83842,24
83897,14
83910,385
83912,44
83916,11
83918,4
83920,7
83923,48
83927,1
83956,12
83962,29
83969,13
83972,3
83974,13
83976,555
83978,6
83986,11
84015,12
84017,8
84019,16
84047,24
84090,23
84092,15
84094,28
84096,22
84098,12
84100,32
84103,8
84111,35
84114,22
84116,219
84118,6
84120,52
84122,25
84125,9
84128,49
84131,17
84133,19
84137,92
84140,9
84148,10
84150,29
84152,15946
84156,310
84158,11
84160,34
84162,4
84164,4
84173,35
84176,8
84178,13
84181,8
84183,7
84187,786
84189,586
84223,25
84226,11
84228,17
84230,37
84232,39
84234,80
84236,41
84238,33
84242,173
84246,45
84248,28
84250,11
84252,8
84258,7
84260,30
84262,20
84273,349
84279,10
84281,2
84283,3
84291,6
84293,6
84296,7
84298,6
84300,11
84302,7
84304,52
84312,428
84334,2
84372,3
84374,3010
84387,27
84392,4094
84395,823
84407,100
84436,2
84444,32
84446,18
84448,6
84450,17
84453,6
84455,17
84467,10
84469,15
84471,29
84473,4
84475,7
84477,14
84479,16
84481,9
84483,10
84485,20
84496,20
84498,14
84500,3
84502,7
84504,11
84506,31
84508,8
84510,31
84512,7
84523,33
84529,5
84532,42
84534,5
84551,4
84553,8
84555,3
84557,91
84559,9
84565,4
84567,3
84570,147
84601,2753
84613,346
84615,550
84619,5
84621,83
84637,876
84639,16
84641,8
84643,8
84646,4
84648,10
84660,1
84663,81
84665,5
84667,7
84669,5
84671,9
84680,5
84682,4
84686,10
84689,2
84691,6
84696,240
84714,18
84730,33
84732,175
84734,3
84736,1
84738,26
84740,14
84764,16
84766,8
84768,3
84770,79
84772,4686
84775,166
84777,37
84779,29
84781,14
84792,22
84794,11
84796,44
84799,31
84801,20
84805,25
84807,30
84829,17
84832,8
84834,52
84836,3
84838,6
84844,471
84852,10
84855,107
84857,44
84859,8
84861,1
84863,18
84871,14
84876,6
84880,71
84884,44
84886,2
84890,6
84894,8
84942,638
84944,5605
84948,5
84950,371
84952,552
84954,6681
84957,71
84961,6
84963,6
84972,36
84974,1
84976,7
84978,7
84983,9
84985,18
84987,11
84989,40
84996,9
85007,261
85010,4
85012,44
85014,19
85016,185
85020,2618
85022,1186
85025,574
85056,2356
85070,6
85072,70
85106,19
85108,2
85129,43
85131,2193
85133,32
85143,7
85175,6
85177,42
85179,1024
85190,42
85203,3
85205,8
85209,22
85211,144
85213,464
85215,15
85226,4
85231,27
85259,187
85261,262
85268,131
85270,21
85273,15
85275,3
85278,26
85284,6
85291,18
85293,8
85295,89
85298,65
85305,47
85307,40
85309,4
85312,302
85316,206
85319,19
85323,3
85325,14
85327,13
85332,13
85334,62
85342,1987
85354,406
85358,23
85362,21
85365,21
85367,2341
85369,5
85372,145
85374,7
85378,5
85387,13
85389,8
85392,28
85394,568
85397,943
85399,152
85401,1136
85403,8
85412,1360
85414,13580
85438,1078
85440,13
85442,4
85450,3
85453,2
85476,1
85503,2
85505,1
85510,3439
85527,13
85538,35
85540,65
85542,29
85544,18
85547,17
85549,17
85552,7
85555,12
85565,241
85567,5
85570,12
85576,9
85585,45
85609,4
85616,10
85618,2
85624,7
85626,30
85689,2
85691,8
85694,1
85728,21
85734,14
85738,6
85740,7
85744,4
85746,1
85763,66
85770,8
85772,4
85774,2190
85777,190
85783,6
85788,3242
85790,280
85792,8
85794,8
85796,620
85861,5
85863,9
85874,93
85881,1028
85883,19
85885,252
85889,2
85892,10
85894,4
85896,8
85910,19
85966,6
85981,6
85983,8
85985,6
85987,42
85994,6
85997,11
86000,494
86002,7
86014,249
86023,12
86028,128
86033,16
86057,41
86059,398
86061,6
86064,6
86066,68
86070,12
86077,1
86079,11
86081,5
86083,38
86085,2
86087,34
86089,26
86091,23
86094,27
86096,47
86137,30
86139,18
86142,1114
86145,19
86148,8
86151,15
86153,18
86166,35
86168,26
86170,9
86173,13
86181,14
86190,3464
86204,14
86206,50
86229,16
86231,16
86233,101
86237,57
86244,117
86246,23
86263,7
86277,36
86279,63
86286,47
86288,10
86290,282
86293,582
86295,1264
86298,3057
86300,33
86308,7
86310,2
86312,7
86314,1
86316,7
86318,9
86320,3577
86330,35
86332,14456
86334,7
86337,4
86343,4
86345,2158
86347,1702
86355,224
86368,16
86372,3
86377,2134
86380,30
86382,26
86399,3
86401,15
86408,51
86410,152
86412,80
86416,14
86418,12
86420,14
86430,16
86432,27
86434,5
86436,30
86438,11
86440,4
86442,5
86449,22
86451,6
86453,11
86455,6
86463,20
86471,6
86474,12
86476,18
86478,68
86487,237
86489,10
86491,23
86493,3
86495,10
86497,2
86500,8
86502,20
86508,6
86510,4
86518,23
86521,6
86536,56
86539,18
86541,36
86548,1074
86550,2
86553,11
86559,38
86572,40
86574,83
86583,14
86590,15
86593,62
86604,27
86620,2
86622,5
86624,37
86626,39
86628,457
86635,10
86642,63
86644,4079
86646,27
86648,10
86651,10
86653,7
86655,13
86657,13
86664,2
86668,72
86671,20
86675,10
86687,5
86689,8
86709,1
86715,80
86717,14
86719,4
86721,49
86723,65
86725,50
86728,35
86748,17
86750,50
86753,15
86756,7
86758,10
86760,9
86762,71
86764,25
86766,9
86768,22
86770,7
86773,7
86781,2162
86785,5
86787,14
86789,5
86791,5
86795,15
86802,23
86815,403
86817,567
86826,9
86833,6322
86835,1271
86837,14
86839,4
86841,19
86844,16
86846,6
86848,13
86852,444
86854,13
86856,5
86858,9
86860,6
86862,7
86864,68
86866,76
86880,7972
86882,10003
86884,293
86892,1074
86894,10
86896,19
86898,2503
86900,11
86902,20
86904,11
86906,7
86911,6175
86922,157
86927,7
86929,5
86931,6
86941,9
86943,7
86947,26
86949,4
86952,3
86970,3
86973,52
86975,1
86977,4
86982,87
86985,19
86988,1
86990,4
87000,24
87002,3
87004,253
87006,16
87008,8
87010,9
87012,7
87016,10
87028,211
87031,27
87033,21
87036,9
87038,19
87040,63
87042,70
87047,15
87049,18
87051,10
87053,3
87055,8
87057,14
87059,5
87061,7
87063,6
87069,22
87071,10
87076,13
87079,298
87081,52
87085,2
87092,14
87094,25
87098,5
87100,35
87103,15
87105,130
87164,41
87166,46
87173,3
87179,11
87181,46
87186,2
87188,7
87190,1
87192,1948
87194,401
87197,85
87205,156
87207,15
87210,7
87216,7
87218,18
87220,16
87222,4814
87225,12
87227,11
87229,14
87232,15387
87234,1882
87256,4
87258,7
87260,5
87262,4
87264,32
87266,1
87270,158
87276,2
87279,26
87287,49
87290,4
87296,6
87298,806
87302,46
87304,1214
87306,6604
87314,47
87316,15
87320,12
87322,7
87325,2
87327,14
87330,5
87332,14
87334,4
87336,5
87354,4
87356,36
87358,4
87360,40
87366,4
87368,4
87370,1
87378,9
87383,26
87385,6
87387,3
87390,10
87392,35
87408,23
87410,9
87413,50
87415,19
87417,13
87420,1
87425,18
87430,3972
87433,68
87435,16
87444,54
87449,9
87469,40
87471,8
87473,1
87483,990
87485,2724
87497,1
87499,46
87505,4
87507,8
87509,6
87511,4
87514,5
87516,4
87518,6
87520,3976
87522,561
87527,10
87529,1042
87547,4
87556,7
87558,10
87560,7
87562,7
87564,1
87566,5
87568,18
87589,24
87595,9
87598,4
87608,28
87618,32
87633,4
87636,15
87642,15
87644,3
87647,41
87660,379
87662,3
87683,6
87685,9
87689,6
87691,12
87693,5
87697,13
87700,8
87702,7
87719,8
87745,8
87751,4
87761,28
87763,18
87766,8
87769,3
87771,3
87773,6
87785,284
87790,36
87792,27
87794,7
87796,7
87798,2
87802,22
87804,16
87808,4
87831,4
87834,12
87843,3
87860,17
87867,563
87869,7067
87874,8
87876,2402
87878,15
87880,11
87882,28
87884,8
87890,7
87909,82
87911,31
87913,18
87915,14
87917,12
87919,8
87923,18
87928,18
87930,96
87948,9
87950,2
87952,9
87954,14
87964,17
87966,6
87971,10
87977,3
87979,8
87984,13
87988,13
87990,23
87992,30
87994,6
87996,9
87999,18
88001,2
88003,9
88005,8
88015,42
88017,2
88022,127
88024,40
88028,10
88031,10
88040,3
88042,14
88044,11
88047,13
88049,17
88051,43
88053,1
88055,5
88059,5
88061,7
88063,9
88065,19
88067,29
88069,119
88071,3
88073,7
88087,2
88092,23
88094,18
88099,9
88106,25
88108,364
88110,15
88114,39
88118,353
88125,20227
88127,191
88129,14327
88131,44
88133,29
88135,20
88138,22
88140,13852
88158,6
88160,6
88163,8538
88166,4
88168,16
88171,8
88173,3
88175,4
88177,4
88179,1238
88192,37
88194,45
88203,12
88205,3
88210,5
88213,3
88224,10
88228,3
88235,1608
88237,69
88248,169
88250,3
88252,8
88267,430
88270,38
88272,171
88274,5
88276,29
88278,13
88280,12
88282,17
88284,15
88299,35
88305,21
88307,12
88310,20
88313,9
88315,13
88317,11
88321,11
88327,16
88329,8
88331,1
88335,1
88339,61
88341,18
88343,16
88352,12
88356,836
88374,16
88376,10
88378,4
88380,109
88382,8
88398,7
88400,7
88405,4766
88411,12
88414,2
88417,8
88419,15
88423,6
88425,33
88427,1
88429,9
88448,4
88452,17
88454,6
88456,15
88466,8
88468,212
88471,2
88473,4
88480,5
88483,12
88485,24
88488,7
88491,6
88493,3
88495,72
88511,6
88513,5
88518,6
88520,16
88543,1
88548,26
88562,13
88564,19
88566,55
88568,14
88570,21
88572,50
88574,28
88576,8
88578,21
88580,11
88589,57
88591,7
88593,216
88595,7
88597,12
88599,15
88601,10
88603,6
88605,14
88607,2
88638,6
88640,24
88642,8
88646,59
88649,7
88652,10
88654,15
88670,19
88672,945
88674,31
88682,9
88688,1
88692,21
88697,13
88704,29
88706,77
88724,52
88740,7
88742,2
88744,11128
88746,164
88748,3
88750,5
88752,2
88754,7
88756,12
88759,7
88761,6
88764,27
88766,8
88785,1264
88788,15
88801,3
88810,8509
88812,1168
88814,4
88816,10
88818,5
88821,2
88823,3
88833,2
88835,65
88837,135
88839,51
88852,5
88857,4
88877,23
88879,107
88886,9
88889,71
88894,3
88899,15
88901,20
88911,99
88925,11
88932,1023
88934,18
88950,256
88954,672
88957,24
88959,7
88961,5
88971,7
88973,11
88975,5
88979,16
88989,3
88991,36
89000,83
89002,377
89007,12
89010,6
89014,9
89016,12
89018,5
89021,33
89023,3
89025,10
89028,299
89030,1020
89039,1491
89043,22
89047,527
89054,9
89056,27
89060,135
89066,1
89069,25
89072,391
89074,274
89083,23
89085,674
89087,1038
89090,216
89098,7
89100,3
89102,226
89104,10
89110,8
89112,10
89114,8
89116,14
89118,2175
89126,21
89133,4
89135,4
89137,8
89139,35
89145,4
89147,2
89162,13
89164,41
89170,80
89190,765
89192,7
89194,80
89203,29
89206,20
89208,37
89213,3
89215,5
89217,60
89219,10
89230,21
89244,14
89246,8
89248,13
89260,197
89268,4
89270,2
89281,204
89285,3
89300,13
89302,180
89305,547
89308,12
89313,8
89315,16
89321,138
89323,2
89325,7
89327,16
89329,5
89337,119
89341,10
89343,687
89347,32
89349,17
89351,11
89354,22
89356,209
89365,2
89367,30
89369,119
89371,31
89373,22
89375,8
89377,79
89386,119
89388,180
89393,7
89398,4
89401,4
89403,4
89406,5
89408,12
89425,4
89427,95
89449,41
89470,4239
89472,124
89474,1
89476,3
89478,24
89480,385
89482,9
89485,10
89490,189
89492,11259
89501,19
89506,16
89516,15
89519,1
89521,8
89527,2
89532,9
89535,308
89537,2
89542,2
89549,2
89551,10
89554,282
89570,136
89580,67
89582,187
89584,29
89588,10
89590,30
89592,44
89594,25
89596,7
89598,11
89607,19
89610,21
89613,7
89616,5
89618,2
89620,13
89623,14
89629,175
89632,24
89635,4
89638,62
89650,235
89658,4
89664,3
89668,2
89670,12
89674,9
89678,264
89701,3
89703,17
89705,4
89707,24
89712,8
89714,10
89718,15
89720,39
89722,29
89726,2
89728,1
89732,6
89745,26315
89747,9
89753,3379
89759,2476
89761,1030
89763,9
89765,17
89767,29
89769,4
89772,3
89774,4486
89778,9
89794,9
89797,18
89800,8
89802,6
89804,2878
89806,3
89819,3
89829,4
89831,1
89833,7
89837,566
89840,863
89844,8
89846,172
89848,27
89850,6
89862,112
89864,6724
89872,26
89877,17
89881,35
89883,2
89896,261
89898,154
89900,354
89904,3725
89908,9
89910,5
89912,8
89924,29
89926,1
89930,25
89932,5
89936,13
89939,22
89941,11
89945,87
89961,77
89963,29
89965,5
89969,32
89971,9
89973,24
89977,6
89979,8
89983,76
89985,85
89988,9
89990,2
89994,12
89997,60
89999,10
90007,4
90009,24
90011,7
90015,33
90017,20
90019,8
90021,7
90035,10
90049,16
90052,36
90057,1763
90059,8
90061,59
90064,8
90066,28
90068,9
90071,62
90084,10
90086,8
90104,11
90106,9
90108,7
90112,7
90114,2
90116,3
90118,2
90127,20
90133,22
90154,132
90167,6
90170,14
90172,4
90183,2
90196,15
90199,11
90201,8
90203,12
90206,23
90208,5
90211,17
90235,8
90237,48
90239,10
90241,26
90243,54
90245,27
90247,12
90249,3982
90252,11
90254,38
90256,20
90262,3
90264,27
90266,132
90268,92
90270,10
90273,4
90279,3
90281,27
90284,1
90292,8
90306,32
90308,2
90310,74
90312,10
90314,4
90319,10
90321,22
90327,6
90339,3
90341,65
90343,420
90345,1760
90350,90
90353,42
90355,3
90357,310
90359,12
90364,25
90371,13
90374,814
90376,2611
90378,158
90380,8
90382,20
90395,1
90397,4
90403,755
90405,7842
90413,42
90419,13
90421,46
90424,44
90426,23
90428,229
90430,1736
90434,102
90439,2676
90458,8
90460,30
90466,1
90469,917
90471,152
90474,157
90476,197
90478,10
90488,6
90497,1
90514,2
90522,1738
90524,497
90526,7
90528,352
90531,2225
90533,18
90535,11
90537,21
90543,7
90545,5
90547,16
90549,8
90554,2
90556,21
90559,10
90561,22
90564,19
90566,5
90570,14
90574,15
90576,761
90578,379
90592,73
90594,5
90596,12
90598,17
90600,1654
90609,17
90620,131
90622,1
90624,269
90630,94
90632,17
90645,297
90647,2642
90649,44
90651,10
90662,45
90664,15
90666,9
90668,3
90671,6
90673,6
90690,3
90697,16
90700,11
90702,13
90704,6
90706,15
90717,1596
90719,945
90730,68
90738,290
90741,15
90744,10
90746,4148
90748,9
90751,59
90753,41
90769,11
90775,2
90777,3
90795,19
90806,4
90809,279
90811,13
90813,7
90815,6
90817,9
90819,11
90821,23
90823,4
90825,3
90827,11
90843,26
90849,1
90853,6
90863,217
90866,5963
90868,46
90870,235
90873,35
90876,37
90878,16
90886,4
90888,1107
90890,733
90895,14
90897,2
90903,14
90907,6
90914,269
90929,80
90931,10
90933,128
90935,3
90937,4
90939,62
90943,321
90947,319
90949,12
90951,9
90953,5
90958,26
90960,4
90963,8
90965,10
91007,6
91010,25
91012,3
91014,121
91026,6
91028,10
91031,13
91035,111
91037,33
91044,10
91048,45
91054,30
91056,30
91058,2
91065,5
91067,11
91069,5
91071,3
91073,14
91075,12
91077,3579
91079,548
91094,1493
91096,16
91104,2703
91106,4
91108,13
91110,5
91112,17
91126,1187
91128,810
91134,640
91137,14
91140,5
91163,1
91167,4
91169,16
91179,2
91181,15
91187,5
91189,22
91191,24
91193,11
91195,2
91199,408
91201,9
91206,29
91208,3
91211,11
91213,3
91216,5
91218,5
91223,7
91227,17
91229,4
91241,101
91243,30
91246,5
91248,5
91250,39
91253,2
91256,8
91261,95
91266,296
91268,3
91271,4
91273,170
91284,6
91286,22
91290,136
91298,11
91302,35
91304,69
91306,9
91309,10
91323,487
91325,800
91331,4
91333,8
91335,88
91337,17
91339,13
91351,108
91353,106
91355,147
91360,10
91362,5
91371,171
91386,396
91388,6
91391,5
91393,11
91395,12
91414,662
91416,72
91419,8
91421,6
91423,10
91425,26
91442,7
91444,4
91446,6
91450,32
91474,215
91483,240
91485,3097
91488,287
91492,8
91494,3
91500,20315
91503,3
91505,158
91509,19
91511,15
91513,16
91515,49
91517,21
91529,30369
91531,3
91533,7
91535,4929
91537,57
91540,42
91542,12627
91548,206
91554,18
91556,10
91558,8
91560,9
91562,6
91564,12
91566,8
91571,271
91573,5
91582,17
91586,5
91589,12
91591,17
91593,4
91595,10
91597,85
91599,8
91601,19
91603,10
91605,6
91610,3
91612,6
91615,7
91617,16
91619,4
91622,1026
91624,3
91626,118
91628,505
91630,9542
91632,16
91634,23
91653,1810
91655,10
91658,12307
91660,423
91662,1
91664,4
91666,21
91671,294
91673,208
91681,258
91683,3
91688,27
91690,322
91692,5
91694,94
91697,29
91707,44
91709,10
91711,13
91713,3
91715,27
91718,9
91727,5
91729,4
91741,8
91743,83
91745,1
91747,4
91749,9
91755,20
91762,48
91766,8
91768,6
91770,11
91782,9
91784,35
91786,25
91789,7
91793,9
91797,10
91799,5
91805,33
91808,124
91821,121
91823,116
91826,46
91829,17
91831,172
91834,17
91840,23
91842,826
91844,231
91852,2
91854,7
91858,43
91860,3
91862,5
91866,35
91869,256
91871,1
91873,66
91880,7
91882,14
91884,5
91886,172
91888,104
91890,992
91894,8
91896,6
91902,195
91904,4
91906,11
91908,15
91911,12
91914,3
91919,17
91921,5
91924,3
91927,17
91929,79
91931,1
91933,2
91935,38
91937,27
91947,123
91952,45
91954,15
91957,26
91960,4
91970,28
91972,208
91974,2236
91976,2393
91978,1154
91981,14
91983,20
91991,9
91993,9
91995,5
91997,8
92001,13
92004,2
92006,13
92008,750
92010,21
92023,7
92025,2
92027,5
92029,5
92032,5
92046,12
92048,272
92058,434
92062,2
92064,11
92079,17
92083,20
92085,26
92094,78
92096,56
92099,10
92102,8
92104,7
92106,22
92118,55
92120,6
92122,59
92124,5
92126,7
92128,9
92130,17
92132,15
92134,2
92136,26
92152,126
92154,53
92156,22
92159,20
92161,15
92163,8
92165,30
92167,2
92169,27
92172,10
92174,11
92176,8
92178,4
92180,6
92182,2
92184,48
92186,13
92188,10
92192,522
92196,6
92198,232
92200,3
92204,42
92210,265
92222,34
92224,8
92229,6
92231,4
92234,186
92240,7
92243,312
92245,9
92250,6
92252,9
92257,6
92259,18416
92262,37
92264,323
92268,3
92270,12
92307,51
92309,399
92314,29
92321,3
92325,12
92335,132
92343,3
92348,11
92352,43
92354,9
92357,26
92371,63
92374,48
92380,3
92382,2
92389,9
92391,520
92393,120
92399,5
92408,4
92410,7
92412,3
92416,15
92420,3837
92422,1523
92424,12
92427,23
92435,3
92437,90
92439,524
92441,10
92446,3
92448,55
92453,16
92455,7
92457,6
92461,36
92471,3
92475,235
92477,2
92479,3
92481,56
92483,8
92507,1966
92509,1351
92511,16
92514,10
92516,6
92518,22
92520,2
92522,6
92593,11
92600,15
92606,53
92609,2
92611,3
92613,15
92633,11
92635,3
92637,82
92639,1
92641,7
92643,361
92646,4
92648,1
92652,9
92658,18
92660,12
92665,140
92672,2
92674,19
92676,17
92681,682
92683,7
92687,28
92691,5
92694,533
92696,73
92702,28
92713,5
92715,12
92719,124
92726,6
92728,15
92730,23
92738,32
92740,39
92749,1
92751,74
92756,14
92758,8
92760,14
92768,47
92781,11
92783,1
92787,3
92789,23
92793,19
92804,52
92817,77
92819,55
92829,108
92836,25
92841,58
92843,2
92845,7
92852,9
92872,3
92874,9
92881,2
92883,4
92885,2
92887,10
92894,28
92904,67
92906,2
92910,28
92918,2
92920,376
92923,52
92925,1
92927,1
92935,5
92938,1099
92944,202
92946,1
92948,3
92951,4
92954,143
92956,5
92963,4
92966,86
92968,4
92980,2
93002,1
93004,3
93014,34
93022,31
93024,83
93029,23
93035,5
93037,6
93040,545
93061,42
93063,10
93070,3
93083,1
93116,31
93126,68
93128,19
93132,19
93136,9
93142,122
93164,336
93168,7
93172,55
93181,2
93183,24
93185,5
93187,4
93189,2
93193,48
93196,20
93201,2
93204,1
93206,2
93208,83
93210,18
93212,142
93217,10
93240,267
93242,260
93263,4
93265,186
93267,31
93270,1694
93272,1698
93287,442
93289,9
93291,5
93295,13
93297,554
93320,91
93322,8
93324,98
93326,1737
93328,33
93330,34
93333,15
93336,18
93344,16
93351,10
93363,3624
93365,19
93367,22
93376,23
93391,2
93393,6
93397,4
93399,1
93404,45
93406,14
93408,23
93418,48
93420,78
93422,189
93432,198
93437,4
93439,2
93441,12
93443,827
93448,2
93450,2
93455,3
93463,14
93467,30
93469,7
93473,53
93475,607
93490,28
93492,11
93496,37
93498,494
93500,2
93502,110
93510,10851
93512,727
93516,10
93520,15
93522,4
93529,1
93533,11
93535,9
93544,7
93547,2
93550,14
93552,29
93563,878
93568,9
93570,141
93572,33
93574,57
93578,143
93583,12
93598,177
93610,98
93612,17
93618,1
93621,6
93628,3
93641,18
93649,26
93652,8
93654,9
93656,1
93659,7
93667,2
93669,2
93672,3
93674,7
93693,176
93700,58
93702,5
93717,33
93719,18
93721,2357
93723,171
93725,11
93729,11
93731,3
93733,10
93740,687
93742,8
93748,86
93750,66
93752,12
93757,3
93766,1351
93775,5
93782,63
93785,14
93792,6
93801,10
93803,62
93805,1181
93816,9
93819,221
93821,50
93831,1651
93834,8
93838,3511
93840,10172
93842,101
93855,1025
93859,2
93865,49
93885,2
93888,12
93890,6
93892,202
93894,6
93900,6
93905,3
93907,11
93909,15
93911,2
93916,22
93918,11
93921,36
93923,21
93928,6
93931,1
93933,105
93939,117
93946,30
93948,21
93952,54
93954,156
93970,9
93980,166
93982,493
93988,463
93991,2
94005,29
94011,24
94015,900
94018,2118
94024,123
94027,7
94041,20
94044,21
94061,34
94068,35
94070,1669
94074,98
94076,1
94083,5
94101,13
94103,14
94107,4
94112,31
94122,45
94126,204
94128,9
94130,111
94142,18
94144,5
94146,5
94148,2
94155,19
94157,18
94184,21
94186,4
94188,3
94190,12
94202,9
94204,8
94218,6
94262,17
94264,17
94266,962
94268,2
94271,34
94278,32
94280,22
94283,6
94289,43
94291,7
94299,23
94301,23
94306,7
94308,1
94310,3
94312,5
94314,37
94323,205
94325,667
94337,2
94339,5
94341,3
94350,4
94352,18
94365,2
94394,10
94401,60
94403,6
94405,878
94410,97
94412,30
94417,10
94419,3
94421,4
94425,3
94427,2
94429,9
94431,6
94433,4
94435,3
94442,3
94444,51
94469,174
94471,6
94473,10
94475,5
94478,2434
94480,165
94482,20
94486,7
94491,15
94494,30
94503,177
94531,1
94537,14
94539,12
94542,27
94545,4
94556,14
94558,324
94573,4
94647,7
94649,51
94653,18
94663,122
94666,1
94668,21
94670,2
94672,8
94675,82
94677,4565
94679,23
94725,1
94727,9
94729,1
94733,28
94739,30
94746,103
94748,16
94750,7
94752,151
94760,5
94762,8
94765,8
94767,1
94769,13
94772,7
94777,7712
94780,2435
94786,3
94788,4
94790,4
94799,427
94801,9
94803,48
94806,9
94808,11
94810,152
94813,320
94815,81
94817,3
94819,7
94833,550
94835,12
94837,60
94839,22
94841,137
94864,11254
94867,226
94891,4
94893,25
94896,1076
94900,38
94902,6
94904,3
94917,25
94919,27
94931,406
94933,1
94939,164
94941,8
94945,4
94953,590
94955,11
94957,13
94959,12136
94965,26
94967,94
94969,332
94978,87
94980,14
94982,8
94985,933
94998,42
95000,16
95002,47
95007,34
95010,14
95012,3
95014,13
95016,3
95018,4
95021,53
95026,44
95028,8
95032,21
95034,54
95036,5
95052,9
95058,482
95067,401
95069,48
95088,2713
95105,1928
95107,2
95109,1
95111,5
95133,60
95135,390
95137,44
95139,25
95157,37
95159,15
95165,82
95167,9582
95182,91
95185,12
95197,79
95199,419
95201,843
95207,1545
95214,1
95218,96
95223,56
95230,1
95232,3
95234,8
95237,138
95288,9
95290,1
95294,15
95296,26
95298,51
95300,34
95302,4
95305,4
95307,474
95309,1868
95311,1023
95375,316
95425,10
95441,8439
95443,167
95449,1154
95461,43
95477,14
95484,22
95486,2
95488,279
95494,3
95504,6
95506,45
95508,98
95510,9198
95521,23
95529,9
95531,29
95533,23
95543,2279
95558,1372
95560,2
95563,2
95565,5
95567,261
95570,28
95572,21
95574,6
95576,3
95578,3
95581,2
95583,577
95591,10
95595,11
95597,2
95600,7
95602,24
95604,81
95611,8
95613,4
95615,40
95617,2
95624,26
95633,3
95650,2
95652,6
95654,1385
95658,10
95668,1
95670,72
95672,13
95688,4
95695,12
95697,8
95717,20
95720,1071
95732,10
95735,17
95742,19
95744,191
95746,12
95748,10
95750,3
95752,11
95754,43
95756,69
95761,783
95767,2
95769,2
95773,57
95784,7
95794,9
95796,52
95804,92
95814,11
95816,94
95830,6
95832,8
95839,98
95843,15
95854,2
95856,347
95858,1720
95873,1465
95875,3891
95890,15
95896,10
95898,19
95926,25
95939,241
95949,16
95969,13
95971,68
95973,60
95975,10
96002,55
96020,248
96022,8
96024,11
96030,10
96052,45
96054,43
96056,5
96058,24
96060,2
96064,33
96066,41
96071,15
96075,102
96079,15512
96084,18
96086,1
96096,32
96098,29
96110,1517
96114,66
96121,329
96131,8
96144,10
96146,5
96148,5
96150,388
96160,6
96176,4
96179,11
96181,35
96193,2
96195,26
96197,44
96212,20
96214,27
96216,10
96218,9
96221,4
96223,5
96225,3
96227,8
96239,35
96242,3
96246,16
96250,5
96252,30
96255,5
96257,10
96259,12
96264,3
96275,3
96277,10
96279,2
96281,1676
96283,177
96288,3
96290,7
96292,2
96294,2
96298,2
96302,105
96304,79
96306,41
96314,382
96316,2
96337,22
96367,227
96373,153
96383,19
96401,40
96407,69
96411,199
96413,108
96415,61
96417,1090
96419,46
96421,26
96423,24
96428,26
96430,282
96432,1553
96435,7
96448,215
96451,18
96456,145
96460,37
96467,260
96471,55
96473,71
96479,7
96481,2
96486,32
96488,1837
96490,287
96498,22
96501,148
96510,76
96512,35
96514,13
96516,1
96518,24
96520,62
96522,4
96524,2
96530,10
96532,2
96535,4
96537,30
96539,1
96543,21
96545,16
96547,8
96563,200
96565,327
96567,416
96569,44
96571,9
96574,9
96576,5
96578,28
96585,2
96588,6101
96590,143
96592,60
96594,12
96596,103
96598,4
96601,1
96603,2
96606,1393
96608,44
96610,14824
96612,405
96616,626
96621,120
96629,75
96631,31
96634,93
96638,21
96640,12
96642,6
96644,35
96651,6
96653,12
96655,1306
96664,76
96667,129
96679,12
96681,8
96687,56
96689,3
96691,1646
96693,440
96695,1
96697,7
96700,96
96702,1
96704,2
96706,1
96710,10
96717,3
96722,3
96724,9
96726,60
96728,3075
96730,2
96732,3
96734,5
96737,5579
96739,4
96751,527
96753,23
96755,10
96757,3
96759,3
96762,40
96769,1
96771,5
96773,10
96775,5
96792,7
96794,13
96796,5
96799,2
96801,29
96803,1
96805,10
96807,9
96811,3137
96813,2
96815,851
96817,11
96821,9680
96829,5009
96832,989
96834,65
96836,11
96840,16
96842,4
96849,36
96853,51
96857,444
96861,2809
96863,209
96865,5
96868,52
96870,14
96872,6
96897,58
96903,2
96907,6
96911,527
96917,391
96921,6
96925,5
96933,20
96935,14
96939,1
96941,40
96943,19
96945,37
96947,8
96950,12
96952,36
96954,6
96960,5
96962,1
96964,242
96966,273
96969,158
96971,11
96973,10
96975,209
96983,7
96985,19
96991,139
96993,5
97002,42
97005,20
97008,6
97024,668
97026,2
97029,13
97031,24
97035,14
97037,3
97039,6
97042,20
97046,38
97051,34
97057,479
97059,46
97061,3
97065,133
97068,5
97070,3
97073,4
97092,4
97096,8
97115,1
97119,4
97124,2
97128,12
97132,70
97134,2
97137,2
97139,7
97146,1
97148,5
97151,2
97153,15
97161,4
97163,2
97165,7
97168,195
97172,1284
97175,42
97177,13
97184,5
97186,29
97188,2451
97194,202
97196,22
97200,15
97220,17
97225,3645
97227,3
97232,149
97234,15
97236,4
97238,6
97240,2
97242,27
97244,26
97246,10
97250,14
97252,7
97254,5
97256,33
97280,86
97283,12
97285,18
97296,21
97302,63
97304,11926
97306,4640
97308,47
97311,248
97319,6
97324,114
97326,58
97328,405
97330,23
97332,5
97334,8
97382,9
97384,17
97386,8
97388,50
97390,33
97393,164
97395,196
97397,27
97401,27
97423,40
97455,39
97457,3
97460,11
97462,180
97464,5
97466,5
97468,8
97470,78
97494,3
97526,16
97533,8
97536,7
97538,6
97540,19
97544,4
97548,2
97550,5
97593,28
97595,9
97597,24
97600,13
97615,8
97639,113
97643,230
97646,1
97660,25
97662,35
97665,134
97667,6
97670,2
97673,236
97680,4
97685,3
97688,6
97690,4
97692,110
97694,38
97697,53
97699,32
97701,458
97703,20
97705,5
97707,4
97709,46
97711,4
97713,10
97715,31
97722,24
97724,17
97726,4
97730,8
97732,7
97740,31
97742,171
97744,102
97752,8065
97755,1
97757,115
97759,1
97765,5
97768,12
97775,8
97779,65
97785,401
97792,14
97797,44
97799,14
97801,5
97806,4
97808,6
97815,4
97817,6
97819,24
97821,3
97823,7
97826,29
97828,19
97832,150
97834,43
97836,707
97845,3
97853,9
97855,3
97858,34
97860,1187
97866,925
97868,37
97870,440
97872,1
97878,1
97880,28
97882,16
97884,5
97886,8
97895,36
97904,126
97906,18
97908,111
97910,2
97913,10694
97915,6
97917,6
97919,2
97921,13576
97923,4138
97933,76
97936,868
97938,11982
97940,5
97946,75
97950,363
97955,1
97957,226
97959,42
97966,80
97968,34
97971,10
97984,260
97986,30
97988,261
97994,6
97998,37
98000,52
98002,12
98004,4
98007,2
98013,67
98015,23
98017,184
98019,82
98022,47
98027,3
98030,5
98032,2
98036,36
98045,9
98052,40
98054,219
98056,1239
98059,4
98061,51
98063,3
98065,36
98067,24
98069,10
98072,5
98078,9
98087,130
98107,28
98109,39
98111,12
98114,8
98116,45
98122,576
98126,48
98131,6
98140,13
98142,9
98144,9
98151,5
98154,3897
98160,16
98162,1
98167,6
98169,5
98171,4
98173,10
98175,73
98183,13
98189,48
98191,4
98193,117
98198,155
98200,15
98203,2362
98211,3
98213,2
98217,19
98219,6
98221,6
98224,3
98228,3
98230,146
98237,28
98239,448
98241,13
98243,2910
98246,40
98248,11
98251,10
98253,5
98261,7
98271,3
98273,10
98275,17
98277,15
98279,171
98284,9
98286,5
98288,6
98294,3
98296,213
98298,20
98304,6
98306,2
98323,2
98325,3
98328,6
98335,2
98339,2
98341,16
98344,3
98346,1
98348,2
98353,7
98358,18
98361,405
98373,357
98376,2
98378,15
98381,66
98385,2
98387,4
98389,1
98394,10
98400,72
98402,31
98409,1
98411,2
98437,4
98439,6
98441,15
98443,13
98449,14
98456,1
98458,6
98460,10
98464,6
98467,7
98469,11
98473,14
98475,6
98477,15
98485,50
98491,3725
98493,6
98497,8
98499,35
98501,15
98503,16
98507,1
98509,12
98511,23
98518,2
98520,12
98552,58
98558,17
98560,7
98566,2
98570,56
98581,1
98583,6
98585,584
98587,53
98589,12
98591,18
98593,4
98595,20
98601,1
98604,765
98607,451
98609,1
98611,9
98613,1
98617,1
98619,1
98621,22
98623,42
98629,42
98631,33
98633,34
98636,19
98643,1
98693,7
98695,16
98697,14
98755,33
98757,7
98759,31
98766,9
98768,12
98783,18
98786,7
98788,2
98797,178
98799,24
98803,6
98805,4
98807,3
98809,16149
98815,1
98819,1
98823,5
98825,16
98829,19
98834,11
98836,110
98838,66
98840,12
98842,11
98845,15
98847,23
98850,9
98852,39
98854,20
98859,4
98861,14
98911,7
98913,12
98922,33
98924,2
98927,13
98929,1
98931,2
98933,21
98936,1
98938,3
98943,1
98949,10
98956,221
98958,3
98961,5540
98963,85
98973,130
98975,209
98981,117
98983,26
98985,76
98989,13
98991,5
98994,28
98996,10
99007,3200
99024,30
99026,16
99028,13
99030,134
99041,36
99043,17
99045,46
99047,122
99050,12
99054,13
99056,16
99058,87
99061,29
99064,15
99068,11
99085,2
99087,132
99089,11
99091,5
99106,237
99108,28
99110,81
99112,4780
99114,32043
99117,1178
99122,12
99124,44
99126,19
99143,50
99145,1553
99149,3455
99169,6
99171,9
99173,5
99178,77
99182,14
99191,29
99210,2
99217,56
99220,205
99222,35
99240,3
99243,1
99246,41
99249,10
99251,5
99258,30
99260,7
99270,3
99273,5
99276,9
99279,10
99285,3
99287,5
99289,1
99294,24
99305,175
99308,5
99314,2
99325,6
99327,16
99337,7
99343,9
99345,2
99347,2
99351,28
99355,9
99364,15
99367,52
99371,177
99373,39
99380,22
99384,7
99387,25
99395,11
99397,16
99400,19
99402,24
99413,70
99415,138
99417,16
99434,29
99437,736
99439,1
99441,20
99444,8
99446,1
99452,10
99468,184
99470,322
99478,16
99487,31
99489,2
99493,11
99495,11
99497,2
99499,17
99502,30
99513,9
99515,3
99517,2
99519,1
99521,3
99523,13
99525,28
99530,210
99537,130
99539,6
99549,25
99560,17
99562,3
99564,4
99566,1
99570,5
99574,285
99591,12
99594,11
99596,5
99598,9
99600,12
99602,35
99607,14
99611,4
99613,28
99615,11
99633,77
99636,115
99638,33
99640,41
99642,56
99644,14
99659,7
99663,7
99665,8
99667,3
99669,37
99671,4
99673,7
99675,28
99677,8
99687,18
99689,7
99691,18
99695,37
99699,4
99706,8
99708,13
99717,2
99721,210
99724,6
99726,3
99728,1256
99731,37
99733,16
99735,3
99737,3
99739,17
99741,200
99744,19
99746,43
99750,440
99758,3
99760,7
99764,706
99768,10
99787,221
99792,7
99795,75
99798,3
99807,6
99809,20
99811,78
99815,6
99820,24
99822,24
99826,19
99839,38
99841,58
99843,33
99846,53
99848,1
99850,5
99853,9
99855,11
99866,3
99889,20
99893,3
99895,9
99901,4
99904,15
99906,37
99910,984
99912,1314
99915,14
99917,1151
99919,1
99922,4
99925,13
99933,2
99939,3
99941,4
99946,5
99957,341
99960,7
99962,23
99964,76
99968,97
99970,5
99986,114
99989,14
99992,88
99996,176
99999,6
100001,6
100003,3
100008,18
100015,3
100017,50
100032,22
100034,42
100036,22
100038,21
100040,4
100042,4
100044,489
100046,42
100048,13
100052,16
100054,7
100056,15
100058,37
100060,61
100062,61
100070,13
100072,11
100075,27
100077,19
100079,8
100081,10
100083,844
100087,34
100091,9
100096,6
100099,8
100101,4
100103,3
100106,345
100108,771
100131,2
100138,41
100143,20
100145,4
100150,39
100155,2
100157,22
100159,349
100161,3
100163,1769
100167,8
100169,118
100171,17
100173,13
100180,8
100183,3
100185,113
100194,90
100196,38
100198,3
100200,8
100203,2
100205,48
100210,15
100229,10
100232,2
100238,33
100240,12
100244,439
100246,3
100248,22
100251,10
100253,8
100255,4
100257,1
100259,3
100264,13
100270,29
100272,111
100275,10
100277,76
100287,16
100289,18
100291,7
100294,1
100302,865
100304,48
100308,16
100315,3
100322,81
100324,10
100326,303
100328,21
100330,2
100334,2
100336,85
100338,3
100344,282
100347,3
100359,112
100361,5
100365,12
100368,19
100370,2
100372,5
100383,2221
100385,12
100387,6
100390,1325
100395,4
100397,192
100401,34
100404,20
100406,14
100411,3
100415,2
100419,6
100421,3
100423,9
100426,50
100436,137
100438,38
100440,177
100442,38
100444,26
100446,2
100448,2
100457,25
100463,5
100465,1
100467,2
100469,167
100483,3
100485,60
100487,658
100490,4
100492,5
100496,6
100498,1559
100503,2
100505,18
100507,446
100509,103
100511,68
100513,43
100515,60
100517,15
100519,1
100521,4
100527,849
100529,47
100534,2
100536,5
100538,30
100540,24
100556,1124
100559,2
100562,13
100567,15
100570,1
100574,8
100577,6
100579,148
100581,348
100583,16
100585,1
100588,10
100591,5
100593,19
100595,4
100611,246
100613,5
100642,1
100647,4
100653,2
100655,1
100714,3119
100717,77
100719,5
100721,7
100725,10
100727,6
100737,385
100739,8
100741,5
100743,11
100745,311
100799,8
100810,572
100823,4
100836,7
100838,2
100843,247
100882,169
100884,3
100904,5
100906,56
100942,4
100944,21
100946,27
100948,21
101003,30
101006,1
101016,10
101018,21
101022,4
101025,1060
101058,3
101060,81
101062,7
101064,7
101068,20
101070,221
101072,14
101074,184
101076,1342
101079,69
101086,10
101088,1130
101097,99
101104,15
101106,243
101112,1955
101123,8
101127,20
101133,1
101137,329
101139,1
101142,2809
101156,3
101158,19
101160,9
101162,8
101168,21
101170,39
101178,3
101180,22
101186,132
101188,6
101197,17
101200,3
101204,5
101207,106
101210,62
101212,8
101214,9
101216,2
101218,56
101220,5
101222,33
101224,11
101226,6
101233,10
101235,18
101239,7
101241,17
101243,55
101245,4
101247,16
101249,8
101258,97
101260,165
101262,159
101264,1
101273,36
101281,205
101283,564
101285,1316
101287,17
101289,8
101294,6
101296,182
101299,5
101301,14
101303,8
101305,13
101307,5
101319,16
101322,18
101329,1
101335,11
101337,11
101339,8
101341,4
101350,21
101352,21
101355,12
101360,699
101362,2358
101371,3
101373,4
101375,6
101379,24
101381,9
101383,7
101388,2
101400,6
101402,6
101405,4
101409,4
101413,32
101415,609
101425,38
101428,21
101431,6
101433,1
101444,1
101446,5
101448,9
101450,10
101456,12
101458,17
101466,10
101470,4
101472,2
101476,9
101481,1
101485,4
101487,2
101489,13
101498,308
101505,4
101510,3
101525,2742
101527,111
101529,195
101531,74
101534,4
101536,14
101577,1039
101579,13
101581,6
101583,10
101585,6
101590,9
101592,9
101595,7
101597,28
101599,34
101606,9
101612,381
101614,16
101616,1
101627,6
101629,17
101634,1
101636,2
101640,103
101642,6
101646,8
101648,22
101650,6
101653,36
101662,8
101664,19
101666,5
101670,38
101674,18
101680,7
101682,1
101685,20
101687,53
101689,11
101692,4
101695,7
101703,9
101706,3
101708,13
101710,46
101715,6
101717,17
101719,86
101726,4
101728,5
101730,1
101732,1
101734,20
101739,1447
101741,975
101747,28
101749,11
101754,5
101756,34
101761,185
101763,76
101765,79
101767,9
101770,16
101782,5
101794,1
101799,5
101801,20
101803,5
101812,13
101820,1
101823,4
101825,5
101827,12
101829,1
101833,7
101835,3
101844,4
101846,6
101848,23
101850,305
101855,5
101857,19
101862,7
101864,8545
101872,13
101878,3
101880,41
101884,28
101887,8
101891,45
101893,222
101895,1022
101897,10
101902,7
101904,80
101916,2
101918,13
101920,2
101935,1
101938,8
101940,10
101942,80
101944,1
101947,12
101950,1
101954,6
101957,2
101962,1192
101964,27
101967,11
101969,37
101971,83
101973,569
101975,14
101979,6
101986,3
101989,12
101991,6
101997,447
101999,10
102005,139
102012,7
102025,21
102028,7
102033,1479
102035,1
102037,13
102039,5
102047,16
102049,7
102062,83
102064,9
102066,348
102070,246
102072,230
102080,1
102088,312
102090,8
102093,5
102109,2
102111,29
102113,13
102115,6
102119,5
102123,4636
102125,12709
102131,10
102133,2
102138,8
102152,26
102156,1
102158,3
102160,186
102171,15
102174,37
102176,2
102178,7
102180,6
102188,21
102192,1
102194,2978
102199,12
102213,11
102219,3
102233,7
102235,15
102245,76
102248,6
102263,35
102273,5
102275,14
102286,58
102292,2
102294,34
102297,1
102303,23
102323,13
102325,12
102327,7
102354,72
102356,37
102373,5
102378,86
102388,9
102396,38
102399,2
102403,6
102407,7741
102411,11
102413,17
102415,16
102417,8
102419,6
102421,4
102425,22
102429,8
102432,14
102436,2
102445,10480
102450,1
102456,1
102469,51
102481,2235
102483,25
102485,38
102487,4
102495,8
102499,2
102509,6
102514,23
102517,30
102521,20
102523,6
102526,3
102529,2
102535,34
102544,2
102557,35
102588,258
102590,31
102596,33
102602,192
102604,44
102606,9
102662,29
102664,3
102666,736
102672,11
102675,3
102677,42
102682,54
102684,949
102686,2983
102688,8
102716,3197
102720,1020
102742,12
102744,5
102747,42
102751,5
102753,471
102760,41
102765,3
102777,9
102779,2
102794,3
102796,2
102798,54
102800,1551
102804,9
102807,7
102817,7
102819,377
102821,7
102823,26
102826,34
102828,5
102830,4
102845,1
102854,52
102856,56
102860,3
102862,6
102868,13
102870,4
102876,23
102878,2
102880,1804
102893,3
102895,8
102899,6
102901,15
102903,10821
102905,247
102908,3
102910,3
102912,15
102917,9
102941,75
102947,2
102951,14
102953,15
102956,77
102961,5
102963,4
102965,2
102967,6
102969,4
102972,1
102974,18
102976,3
102980,5
102986,5
102989,34
102991,227
102993,2047
102995,19
102997,3
103003,1
103006,12
103008,18
103017,442
103027,286
103030,40
103036,6
103040,12
103042,7372
103044,12
103048,1017
103050,49
103052,3
103055,255
103057,50
103059,107
103071,1
103075,2874
103078,6
103083,84
103085,103
103087,1
103089,1
103091,3
103101,5
103103,21
103105,25
103107,247
103112,7
103114,8
103118,1
103120,31
103130,17
103132,2
103135,1
103137,824
103139,4
103141,6587
103162,3
103171,17
103175,8
103177,5
103180,1
103182,4
103186,15
103190,15
103203,62
103206,12
103208,21
103210,274
103219,292
103221,32
103228,7911
103237,14
103241,1
103243,4
103245,6
103249,9609
103253,7469
103255,103
103259,52
103266,9
103269,31
103271,22
103273,43
103275,96
103279,270
103282,6
103286,7
103288,19
103290,8
103292,2
103294,2
103296,3
103299,258
103301,11
103303,6
103306,1307
103315,427
103317,11
103322,2
103324,6
103328,2
103330,7
103333,11
103335,6439
103339,2263
103341,5491
103343,8
103361,17
103363,8
103366,351
103372,2294
103374,3
103380,2
103384,2258
103388,17
103406,3
103411,5
103418,3
103420,4
103422,7
103424,6
103435,4
103444,114
103446,8
103449,126
103452,22
103460,13
103474,69
103478,4
103483,470
103489,15
103502,6
103506,34
103515,4
103517,1
103521,42
103523,14
103525,38
103528,11
103534,105
103536,2
103539,1793
103541,199
103543,117
103545,4
103547,55
103549,185
103554,156
103557,3
103561,26
103563,6
103567,4
103570,7
103576,2
103598,13
103600,2
103604,5
103606,735
103611,4
103614,1
103617,1
103621,120
103624,757
103626,6
103629,16
103631,3
103633,1
103635,3
103637,3
103639,143
103641,20
103645,14
103647,3
103651,31
103653,9
103655,1200
103657,31
103661,53
103663,2
103665,106
103671,15
103673,10
103676,2
103681,12
103683,8
103685,244
103688,5031
103690,3
103692,1
103695,6
103721,86
103727,375
103729,5
103731,4
103736,74
103741,21
103743,10
103749,13
103751,24
103753,17
103755,994
103759,4
103769,2
103772,4799
103774,1
103776,9
103779,1
103784,14
103787,9
103790,5
103792,18
103794,7
103801,623
103806,9
103810,2504
103816,92
103819,60
103823,5
103825,47
103827,4
103829,2
103831,5
103836,10
103840,5
103842,7
103846,5
103849,325
103851,2
103863,7
103865,6
103867,149
103869,17
103871,12
103873,29
103875,1
103877,2
103881,1
103883,1515
103908,6
103910,3
103912,15
103920,2
103923,1
103935,24
103966,12
103972,85
103974,12
103978,12
103980,2565
103982,62
103984,1296
103990,17
103994,9
104000,5
104002,1
104011,3
104013,26
104015,20
104028,15
104031,2
104033,20
104035,16
104039,14
104050,22
104054,2
104059,6
104061,4
104064,11
104066,6
104072,50
104074,1182
104076,304
104078,438
104085,53
104089,122
104091,13
104093,36
104097,68
104099,33
104119,6
104123,19
104126,13
104132,8
104135,26
104137,200
104139,13
104153,12
104155,37
104175,17
104177,29
104211,5688
104213,4
104218,865
104224,8
104226,5
104231,124
104233,37
104239,13
104241,3174
104243,3743
104245,474
104249,5
104264,2
104266,5
104270,8
104272,1212
104274,180
104276,10
104280,13
104283,2177
104285,7
104294,6
104298,55
104303,791
104307,4
104309,1
104312,753
104314,20
104317,13
104319,37
104321,41
104335,16
104337,909
104339,551
104345,5
104350,93
104352,2
104356,38
104361,145
104372,4
104374,7969
104376,11
104379,114
104384,39
104386,62
104388,23
104390,48
104392,59
104406,46
104408,69
104414,6
104423,35
104431,124
104441,395
104451,2
104453,3
104457,1144
104459,7
104462,3
104464,3
104472,1
104480,4
104489,7
104491,6
104493,3
104495,5
104498,4
104504,3
104506,11
104508,6
104513,26
104518,76
104520,126
104524,2
104526,2
104540,7
104542,11
104546,5
104552,28
104561,25
104563,8
104569,1
104576,51
104583,68
104588,4
104590,32
104595,8
104597,6
104604,10
104606,8
104608,28
104610,11
104612,2
104625,2
104627,8
104629,2
104631,177
104636,65
104638,20
104640,2
104642,6
104654,7
104662,10
104669,48
104671,28
104673,7
104675,3
104685,77
104698,9
104712,191
104721,10
104723,5
104726,7
104728,41
104731,8
104733,26
104736,145
104741,5
104743,3
104757,28
104760,93
104762,36
104774,6
104776,8
104778,7
104795,4
104805,5
104807,35
104809,8
104815,1
104817,2
104823,7
104829,36
104832,2
104837,4
104839,2
104841,18126
104843,11
104847,9
104849,10
104854,22
104863,893
104867,25
104870,13
104875,103
104879,9541
104881,664
104883,145
104903,37
104906,247
104908,1252
104910,7
104913,5429
104920,63
104923,19
104925,769
104936,3
104944,2180
104947,38
104954,7
104959,12
104961,2
104969,11
104971,4
104973,3
104975,35
104984,21
104996,31
104998,47
105011,27
105017,2
105028,62
105032,2
105037,401
105040,7
105042,10
105044,12
105047,14
105049,29
105051,9
105053,89
105057,6
105071,15
105073,19
105077,8
105079,4
105081,14
105084,18
105086,26
105104,1
105117,9
105119,11
105121,15
105128,41
105130,31
105133,76
105135,22
105142,1
105144,5
105147,10
105155,5
105157,12
105159,151
105165,10
105176,16
105178,17
105181,15
105193,29
105197,1621
105204,32
105206,41
105211,679
105213,2500
105215,10
105217,60
105223,15
105227,30
105236,19
105238,5
105240,3
105242,10
105244,4
105246,214
105250,395
105252,29
105254,116
105266,12
105282,1
105288,5
105290,19
105292,8
105296,7
105299,3
105302,27
105304,2
105314,9
105320,1
105328,1
105330,3
105338,5
105340,102
105343,131
105345,27
105351,272
105353,6
105355,2272
105357,22
105359,9
105364,35
105366,3
105368,20
105375,40
105377,2
105379,3
105382,3
105404,12
105406,9
105408,3
105410,24
105412,7
105414,8
105416,5
105420,98
105423,23
105429,188
105435,2
105439,6
105444,5
105446,2
105448,4
105450,6
105453,23
105455,2
105465,10
105468,1538
105470,7
105474,6
105477,79
105484,25
105490,4
105492,21
105495,18
105497,6
105499,2
105502,8
105504,7505
105509,17
105519,210
105531,80
105533,4
105542,3
105560,7
105565,2
105571,1
105575,14
105577,6
105585,659
105593,1118
105595,3
105597,50
105599,10
105601,8
105608,37
105612,6
105616,9
105618,5
105620,32
105628,8
105653,1936
105659,6
105663,1
105665,2
105703,78
105709,23
105713,1
105715,77
105717,22
105720,11
105731,1015
105733,6
105742,292
105748,2
105753,10
105755,501
105765,7
105767,5
105769,348
105772,21
105776,10
105778,47
105792,4
105799,88
105801,125
105803,18
105805,7
105811,51
105813,58
105815,13
105821,11
105825,6
105827,11
105835,852
105837,55
105839,5
105841,3
105844,8469
105846,1
105849,5
105855,59
105863,44
105865,3
105869,394
105873,12
105884,6
105886,10
105888,9
105890,2
105892,11
105901,4
105906,2
105915,1
105918,12
105926,7
105928,11
105936,8
105938,5
105943,44
105950,6
105952,28
105954,840
105959,4
105961,5
105963,5
105972,27
105974,9
105976,5
105985,2
106002,5549
106004,8
106011,325
106017,6
106019,9
106022,359
106026,3
106030,319
106032,9
106034,1
106040,1
106046,7
106052,7
106054,21
106057,4
106059,21
106062,830
106066,12
106072,8247
106074,6
106076,5
106078,5
106080,3
106082,16
106090,17
106092,4
106094,47
106098,1
106100,10511
106107,5
106109,65
106111,49
106115,4
106136,3
106138,51
106141,2
106144,136
106147,21
106156,13
106158,16
106163,146
106170,17
106173,13
106190,3
106195,263
106202,8
106204,117
106208,4
106212,44
106214,19
106226,23
106230,6
106232,1
106234,72
106236,86
106238,19
106240,244
106243,62
106245,6
106254,63
106270,3
106286,4
106295,8
106297,15
106300,38
106304,2
106306,5
106326,14
106330,787
106332,103
106336,9
106342,3
106346,3
106348,2
106351,3
106355,3
106363,1
106365,11
106371,4
106376,5
106378,7
106382,1
106387,3
106397,8
106399,2
106401,25
106403,7
106405,6
106415,4
106421,39
106423,5
106431,17
106436,12
106438,1361
106441,1501
106443,50
106452,725
106458,3
106460,1
106466,4
106468,2
106471,72
106473,73
106475,4
106483,3
106487,13777
106489,12175
106491,1398
106493,8
106495,7
106498,27
106501,19
106503,38
106506,4
106508,134
106521,7
106523,4
106525,8
106527,1
106538,17
106540,539
106542,162
106549,5
106559,47
106563,4
106565,22
106581,1
106583,19
106590,26
106592,3
106594,11
106611,8
106614,8
106620,16
106622,1
106624,55
106644,3
106672,1
106682,3
106686,6
106690,3
106696,11102
106698,6
106704,12
106722,7
106729,10
106734,18
106736,14
106745,21
106747,14
106753,15
106762,174
106766,2765
106770,2
106782,26861
106785,684
106808,1
106820,3
106822,5
106824,2
106832,3
106839,138
106841,642
106848,36
106852,50
106854,5
106863,21
106868,23
106870,175
106877,15
106879,37
106881,35
106883,46
106887,3
106889,358
106892,29
106895,33
106897,11
106906,26
106914,4
106916,6237
106918,5682
106920,17110
106927,38
106963,4
106965,3
106967,12
106970,12
106972,2
106983,271
106986,22
106988,11
106990,1
106992,5
106994,1
106996,2
106998,18
107000,32
107002,19
107004,27
107022,5
107024,32
107028,10
107039,4
107042,41
107050,5
107052,63
107061,30
107063,1
107065,9
107067,10
107069,2430
107081,47
107083,67
107085,19
107096,6
107098,13
107100,6
107102,15
107117,97
107128,3
107130,131
107132,10
107137,52
107141,2333
107143,4
107147,2
107150,3
107153,6
107155,3
107157,2
107159,39
107174,4
107183,3
107185,27
107188,27
107194,2
107196,99
107199,4
107202,6
107215,12
107217,19
107234,1
107236,12
107241,2
107243,14
107246,9
107248,16
107252,2
107262,17
107274,27
107278,20
107281,5
107295,9
107297,5
107302,8
107304,50
107306,42
107309,18
107314,569
107328,11
107334,61
107338,15
107342,17
107344,15
107346,18
107348,2621
107350,13
107352,24
107354,28
107357,21
107359,29
107361,22
107368,38
107370,18
107372,9
107380,28
107382,9
107397,5
107400,25
107404,3
107406,8582
107408,140
107410,158
107412,384
107418,15
107426,52
107428,1
107430,2
107436,181
107445,18
107447,108
107462,66
107466,2
107477,45
107481,2
107501,10
107505,14
107516,19
107535,1
107537,71
107539,22
107541,38
107546,8
107548,5
107557,70
107561,3
107563,55
107565,188
107567,1
107573,2
107591,8
107595,2
107603,7
107614,15
107623,1
107625,47
107630,44
107632,4
107636,10
107638,1
107645,10
107649,208
107653,72
107656,7
107658,32
107662,17
107664,2
107669,2
107671,9
107673,19
107675,16
107682,25
107684,44
107690,3
107692,17
107700,41
107702,260
107704,22
107707,96
107710,7
107713,1
107716,9
107723,38
107725,20
107730,7
107732,3
107737,51
107740,12
107747,12
107752,3
107754,3
107756,106
107758,16
107769,276
107771,1686
107778,9
107782,4
107827,11
107842,12
107846,16
107848,22
107851,1
107853,3
107855,3
107863,2
107865,10
107867,4
107875,8
107877,13
107879,10
107881,8
107883,570
107885,19
107888,1
107890,17
107901,17
107903,4
107906,3
107910,81
107912,7
107916,96
107919,3
107949,63
107951,13
107953,246
107955,4
107958,40
107964,2
107966,1
107968,5
107970,2
107972,5
107974,3
107976,1
107984,1
107987,70
107990,17
108001,2
108003,5
108005,1
108007,3
108010,12
108012,1
108016,6
108041,64
108048,3
108050,6
108052,6
108056,84
108065,10
108072,4
108076,3
108078,164
108085,78
108122,2
108136,7
108138,2
108141,5
108143,48
108149,20
108156,789
108158,11
108160,11
108188,1406
108190,5867
108200,89
108202,33
108204,4
108206,1
108209,7
108212,61
108218,2
108220,106
108237,22
108243,62
108250,2
108253,11
108255,18
108257,5
108265,14
108271,6
108282,19
108285,24
108287,1
108289,68
108306,1
108311,6
108313,7
108316,2
108318,74
108328,9
108332,6
108342,24
108360,12
108370,1
108389,2
108395,6
108403,9
108405,5
108407,4
108425,7
108427,14
108430,3
108445,47
108447,33
108466,31
108468,12
108473,17
108476,16
108479,2
108488,21
108491,7
108497,9
108499,10
108503,11
108506,36
108508,12
108510,8
108514,137
108516,15
108529,26
108534,28
108536,8
108538,6
108542,1
108544,6
108546,7
108551,13
108564,7
108566,116
108569,24
108571,58
108575,42
108579,107
108588,2
108592,10
108595,5
108599,102
108601,15
108635,7
108639,3
108647,69
108649,3
108653,3
108656,10
108658,2
108660,53
108663,14
108667,1
108674,1
108676,2
108683,1
108687,1
108689,518
108696,9
108699,5
108715,117
108727,1759
108729,3109
108752,4
108754,17
108756,4
108758,2
108760,125
108773,12
108775,3
108778,175
108780,255
108787,167
108789,12
108791,97
108797,63
108799,3
108802,5
108806,7
108808,2
108811,34
108813,1
108825,194
108852,6
108857,17
108864,44
108866,6
108869,11
108871,49
108873,30
108877,3
108879,145
108885,3
108888,4
108893,20
108895,22
108899,67
108901,8
108918,1
108920,2
108924,1
108928,1325
108930,7
108932,10233
108934,10
108936,4
108938,8
108940,18
108942,1
108945,2557
108949,216
108951,2
108968,4
108970,4
108977,328
108981,1436
108983,678
108993,6
108997,10
109000,22
109002,4
109004,10
109006,1
109008,8
109010,2
109015,14
109017,9
109019,2
109027,31
109032,3
109034,5
109038,7
109042,183
109053,10
109055,18
109062,3
109064,17
109066,9
109069,1
109072,285
109074,24
109096,30
109102,9
109104,6
109106,1
109127,10
109151,14
109153,25
109155,23
109157,216
109159,14
109168,5
109177,8
109179,3
109181,179
109183,64
109185,50
109187,850
109189,207
109191,300
109193,2
109197,33
109199,28
109203,7
109205,7
109209,8
109226,6
109229,3
109235,13
109237,8
109239,7
109241,37
109243,348
109245,4
109265,33
109267,10
109273,7
109277,25
109280,66
109282,36
109290,6
109295,51
109313,36
109317,51
109319,11
109321,54
109323,20
109325,1
109330,44
109351,40
109353,2
109355,1
109357,1
109359,22
109362,5
109364,80
109366,17
109368,10
109372,102
109374,21554
109376,130
109381,1
109383,13
109385,6
109388,25
109390,93
109392,8
109399,24
109418,3
109420,131
109423,112
109425,140
109441,9
109446,2
109448,30
109450,42
109452,91
109455,50
109457,27
109461,73
109463,51
109468,5
109470,25
109472,147
109474,2
109476,3
109479,2
109481,1
109483,762
109485,27
109487,37157
109489,24
109492,12
109512,1
109524,15
109529,7
109533,7
109559,2
109561,1
109565,1
109567,2
109569,523
109576,78
109578,2155
109580,32
109596,65
109598,20
109600,5
109602,6
109607,67
109613,2
109616,7
109621,9
109623,1
109627,87
109629,77
109633,820
109635,29
109638,16
109640,11
109643,1
109645,2
109651,2
109653,14
109665,14
109667,2
109669,3
109671,4
109673,2278
109675,31
109677,3
109680,6
109682,3
109684,45
109687,228
109697,40
109701,5
109704,2
109708,7
109713,6
109718,9
109720,123
109723,66
109726,7
109728,55
109733,71
109736,1
109738,26
109740,446
109742,228
109747,2
109764,5
109767,4
109769,166
109771,3
109773,13
109776,10
109779,3
109781,60
109783,11
109786,7
109790,8
109793,16
109796,4
109798,5
109800,14
109802,78
109808,3
109810,25
109812,2
109833,6
109846,783
109848,2574
109850,924
109853,192
109858,9
109864,527
109867,1
109869,14
109881,4
109887,18
109889,58
109891,2
109893,13
109895,556
109897,38
109902,12
109904,9
109910,3
109919,3
109921,2
109923,10
109925,26
109929,3
109931,23
109935,9
109941,76
109943,13
109945,21
109947,25
109949,5
109951,18
109953,80
109963,38
109968,167
109971,94
109981,5
109983,8
109985,7
109987,2
109989,16
109991,39
109993,34
110004,6
110006,5
110008,9
110030,12
110032,1
110034,3
110042,1
110044,28
110046,10
110048,20
110052,13
110056,3
110058,25
110061,1
110063,8
110065,1
110067,6
110070,56
110090,4
110092,1
110102,13830
110104,27
110106,32
110108,4
110110,500
110114,2
110116,23
110127,1958
110130,281
110134,37
110136,7
110138,8
110155,3
110157,1
110159,8
110163,1
110171,11
110173,21
110177,13
110179,6
110181,31
110190,2
110194,69
110198,23
110200,10
110219,4
110221,4
110223,8
110225,10
110227,2
110229,8
110233,7
110235,10
110253,2
110255,3
110259,4
110262,1
110265,4
110267,3
110269,6
110273,54
110276,7
110278,2
110281,50
110284,1
110293,3
110295,227
110297,405
110314,14
110316,7
110318,3
110320,8
110322,163
110324,34
110326,4
110328,100
110330,39
110339,25
110346,74
110350,67
110352,34
110354,1
110372,20
110377,12
110380,36
110387,120
110403,1
110407,469
110409,3
110417,8
110426,59
110428,9
110431,12
110433,36
110435,15
110439,16
110441,2
110447,6
110449,13
110453,465
110457,15
110459,12
110461,188
110484,18
110486,9
110497,4
110501,1637
110503,85
110505,24
110508,17
110512,21
110515,5
110517,1
110519,2
110535,5
110537,10
110548,20
110553,4304
110557,12
110560,5
110562,2
110564,8
110568,7
110582,4
110584,8
110586,1112
110588,8
110591,1497
110593,17
110597,13
110599,3
110601,4
110603,241
110605,3
110607,11
110609,4
110611,281
110613,4
110627,1
110629,2
110633,10
110635,5
110643,3
110647,3
110649,20
110651,4
110653,10
110655,748
110657,4
110671,2
110673,5
110675,418
110678,51
110686,3
110690,1
110692,1
110696,2
110718,199
110730,3298
110737,4
110739,3
110744,2
110746,54
110748,52
110750,121
110752,4
110759,2
110761,1
110763,2
110765,15
110769,35
110771,1215
110773,111
110779,1
110788,3
110790,2
110792,12
110794,6
110796,81
110805,12
110809,402
110811,4
110813,27
110818,5
110820,6
110826,187
110828,116
110845,3
110848,2
110850,7
110852,2
110854,2
110856,1
110858,14
110860,10
110862,4
110864,1
110867,36
110871,37
110880,2
110882,1861
110884,4
110887,5
110889,3
110892,13
110895,2
110899,95
110916,5
110921,15
110923,2
110925,2
110948,3
110966,2
110968,530
110970,19
110973,3
110975,26
111036,10
111038,1
111042,1
111048,4
111100,2
111103,2
111105,12
111107,7
111109,8
111113,3173
111115,19
111119,14
111124,3
111126,16
111128,10
111130,166
111142,4
111230,1
111235,741
111237,2
111245,77
111249,257
111251,205
111255,222
111257,10
111259,72
111261,3
111264,14
111266,35
111283,21
111285,9
111287,48
111290,28
111303,31
111310,7
111312,25
111314,39
111316,4
111318,4
111320,85
111322,5
111325,4
111332,9
111343,8
111345,9
111349,7
111358,2
111360,7520
111362,13151
111364,3647
111368,1
111370,6
111373,69
111375,356
111384,1450
111387,313
111389,73
111401,12
111403,28
111405,10
111411,15
111439,21
111443,2363
111445,7
111447,16
111449,18
111456,16
111462,6
111464,1
111499,14
111505,5
111507,1
111509,6
111515,13
111525,2
111536,4
111538,2
111540,4
111542,4
111551,228
111553,16
111562,3
111568,2
111573,1
111575,1
111578,6
111583,7
111585,2
111592,31
111597,3
111599,4
111603,9
111614,3
111617,1148
111622,1981
111624,25
111626,12
111628,21
111630,67
111632,1
111638,1
111647,27
111649,2
111653,6
111655,12
111657,4
111659,5202
111661,191
111663,181
111665,2
111680,61
111687,1
111689,8
111691,6
111696,20
111700,2
111702,1
111704,7
111706,6
111716,7
111718,2
111732,149
111734,94
111743,1783
111745,16
111749,7
111752,3
111757,36
111759,19760
111762,34
111766,6
111774,6
111776,9
111778,292
111781,6151
111789,6
111791,1
111793,4
111804,6
111811,16
111813,19
111815,24
111817,31
111842,4
111846,1
111848,2
111852,57
111854,7
111856,59
111868,2
111872,7
111874,5
111876,6
111880,13
111885,1
111887,18
111899,8
111901,6
111913,71
111915,23
111917,2
111919,7
111921,4491
111924,193
111931,40
111944,5
111995,10
111997,2
111999,10
112001,1
112015,3
112019,8
112021,4
112023,1
112056,3
112060,14
112062,19
112064,8
112066,136
112070,314
112072,16
112074,5
112076,10
112078,4
112081,9
112083,18
112085,42
112087,404
112093,1
112095,1
112112,13
112138,6258
112171,4442
112173,23
112175,7656
112181,2
112183,11268
112185,3
112187,4
112204,1
112206,3
112212,2
112214,1
112221,4
112224,4
112229,8
112236,12
112242,2
112245,77
112247,9
112249,3
112251,3
112253,2
112255,12
112257,7
112259,6
112261,6
112273,10
112275,18
112277,59
112279,29
112281,6
112283,32
112288,50
112290,5513
112293,41
112299,18
112301,9
112303,96
112307,3
112309,18
112316,239
112320,24
112326,22
112328,5
112330,6
112332,8
112334,434
112338,14
112342,5
112353,2
112359,8
112361,5
112365,6
112370,2167
112381,63
112383,3
112385,2
112393,3
112395,1
112399,245
112404,55
112408,3
112412,41
112421,1158
112425,16
112432,4
112434,35
112436,79
112439,9
112448,1
112450,299
112452,7
112454,18
112458,1
112460,196
112463,3
112467,1
112469,24
112471,2
112473,82
112481,20
112483,4
112485,11
112488,91
112493,3
112495,36
112497,359
112501,27
112506,44
112508,2
112510,1
112512,101
112517,4
112519,36
112538,7
112540,2
112548,1
112550,139
112552,19477
112554,4
112556,20160
112565,4
112577,5
112580,138
112582,430
112591,14
112594,21
112596,2
112599,7
112601,4
112603,1
112612,2
112614,6
112617,2
112621,7
112623,7168
112625,27
112635,2
112637,13
112640,75
112642,24
112644,3
112648,1
112650,13
112653,82
112655,86
112657,6
112663,2
112672,1
112689,66
112693,3
112695,1
112700,1
112705,10
112710,14
112717,1
112719,4
112723,5
112725,9
112727,309
112729,15
112731,10
112733,32
112735,24
112741,10
112743,9
112749,72
112751,14
112753,19
112759,5
112762,18
112767,106
112772,15
112774,3
112776,3
112780,5
112782,3
112788,813
112792,4
112798,6
112800,1
112802,2
112804,1703
112807,19
112809,13
112811,38
112814,2
112818,1182
112842,10
112846,4
112850,60
112852,26482
112854,13
112856,6
112866,57
112868,877
112871,3
112877,1
112880,1
112882,9
112890,52
112893,3
112895,106
112897,1601
112905,38
112907,27
112909,17
112911,953
112913,50
112921,1
112925,12
112929,40
112938,13
112940,833
112942,1
112944,15
112946,292
112948,3
112950,3
112953,7
112955,20
112957,28
112959,6
112961,24
112974,34
112982,3
112988,21
112990,1
112992,2
112995,8
112999,1
113001,20
113008,2
113010,1
113012,2
113014,1
113016,5
113020,11
113024,2
113029,3
113033,18
113035,42
113037,16
113039,14
113041,12
113045,23
113048,48
113060,7
113062,28
113064,234
113066,71
113068,11
113071,150
113073,24
113080,43
113083,20
113085,3
113089,64
113092,15
113099,24
113101,1
113103,255
113105,6
113107,1
113109,8
113126,7
113128,2
113132,2
113139,25
113141,3
113143,8
113147,2
113149,2
113152,5
113162,4
113170,2
113174,3
113176,3
113184,2
113186,45
113188,377
113198,1
113203,6
113205,13
113207,174
113209,7
113214,35
113216,67
113218,21
113220,12
113223,11
113225,802
113227,8
113232,4
113234,16
113236,10
113238,23
113240,394
113244,5
113246,6
113250,253
113252,597
113254,15
113256,2
113263,25
113275,930
113280,15
113284,3
113286,4
113288,2
113302,25
113304,3
113306,2
113309,13
113311,2
113313,115
113315,92
113317,1
113325,1
113337,14
113345,2584
113348,1502
113350,65
113352,9
113354,4
113368,1
113370,23
113374,63
113376,5
113378,1725
113380,2
113394,81
113416,16
113420,4
113422,1
113424,7
113430,14
113432,8
113449,8
113451,8
113453,977
113457,1
113459,16
113464,2
113466,3
113468,4
113470,1
113474,18
113476,7
113478,8
113495,2
113497,11
113503,20
113505,18
113507,9
113510,16
113515,1
113521,38
113524,1
113532,209
113534,41
113536,6
113539,2
113541,2
113543,2
113545,2
113549,7
113551,2
113553,3
113555,9
113557,17
113559,29
113561,4
113563,1
113565,205
113573,2033
113575,13
113577,1
113582,40
113585,5
113604,774
113608,2
113614,1
113630,11
113632,26
113634,7
113636,1
113638,2
113640,168
113644,9
113646,4
113648,8
113663,2
113668,5
113674,46
113678,1
113692,13
113696,105
113698,2
113701,1
113705,549
113707,15
113709,7
113711,44
113717,9
113721,1
113723,3
113725,8
113739,1
113741,3379
113743,1
113746,9
113749,6
113751,25
113755,1
113757,1
113765,6
113767,20
113769,150
113771,54
113775,137
113778,7
113780,1005
113783,3
113790,3
113793,8
113795,6
113798,8
113800,3
113803,2
113808,2
113812,2
113814,1
113816,1
113829,973
113840,6
113843,14
113845,7
113847,2
113849,12
113851,26
113853,22
113855,6
113860,4
113862,1133
113864,7
113866,42
113868,43
113889,46
113895,1
113898,3
113902,11
113904,3
113906,35
113908,1
113911,6
113924,5
113933,5
113938,9
113943,3
113945,2
113947,4
113951,8
113953,1
113955,3
113970,1
113972,1
113981,1
113983,2
113989,1
113991,6
113995,1
114003,11
114007,487
114009,4
114013,56
114015,2
114017,3
114028,797
114033,306
114035,50
114042,125
114044,234
114046,74
114048,3
114060,1265
114062,22
114064,4
114066,137
114068,22
114070,6
114072,4
114074,570
114078,22
114085,29
114087,1
114091,1
114093,13
114095,1
114122,10
114124,10
114126,20
114128,5
114138,9
114140,2
114142,8
114146,7
114164,4
114166,7
114168,2
114170,2
114172,1
114174,8
114177,11
114180,7209
114182,94
114184,215
114186,1
114188,2
114191,4
114195,9
114197,9
114217,1
114234,6
114238,5
114240,16
114244,110
114246,775
114248,43
114250,75
114252,1
114254,18
114256,1
114263,13
114265,405
114267,29
114269,9
114271,7
114273,20
114277,84
114282,1
114292,12
114329,198
114333,5
114335,22
114337,7
114340,4
114342,689
114353,2
114355,1
114357,1
114359,1
114361,2
114363,7
114369,1
114371,18
114373,11
114376,23
114378,72
114380,2
114382,4
114392,258
114394,12
114396,25
114398,2
114400,5
114417,16
114420,14
114426,54
114429,1
114433,11
114436,52
114439,503
114453,24
114455,14
114457,14
114459,189
114461,32
114486,119
114489,6
114492,18
114494,554
114505,1
114510,5
114514,9
114535,5
114550,42
114552,893
114554,1001
114556,34
114561,13
114563,33
114565,3
114567,2
114569,8
114571,5
114573,3
114577,2
114591,7
114593,4
114595,1
114599,13
114601,538
114604,10
114617,3
114620,6
114622,4
114624,1
114627,264
114631,7
114633,13
114635,261
114638,2
114640,14
114642,1
114652,8
114659,64
114662,6578
114667,18
114670,583
114676,5
114678,477
114680,68
114683,2
114685,6
114687,7
114692,79
114694,15
114696,17
114698,2
114700,117
114702,5
114704,91
114713,991
114715,7
114717,7
114719,4
114721,57
114725,38
114752,13
114754,8
114756,8
114758,113
114760,110
114762,872
114764,1
114766,7
114773,2
114777,6
114791,3
114793,90
114795,1814
114799,2
114805,6
114807,4
114809,6
114814,23
114818,245
114832,5
114834,14
114836,6
114838,44
114842,15
114847,1057
114849,77
114852,25
114854,4
114856,37
114859,7
114861,8
114873,27
114875,32
114883,2
114888,15
114891,15
114898,10
114900,2
114902,14
114922,3
114925,166
114928,51
114933,37
114935,6103
114945,95
114947,12
114954,2
114958,39
114961,1
114963,2
114980,11
114984,9
114995,1
115004,4
115006,1
115008,68
115023,7
115027,2
115038,1
115040,24
115042,11
115060,3
115065,42
115068,4
115071,97
115075,46
115078,1
115084,1
115122,4918
115124,1
115130,58
115135,31
115139,6
115145,18
115147,387
115149,13055
115151,31
115160,16
115162,27
115164,4
115166,4
115170,1438
115172,82
115174,112
115176,12
115178,26
115203,43
115205,13
115207,27
115210,7009
115216,263
115218,4
115231,1229
115233,3
115235,94
115238,1
115240,41
115242,10
115244,35
115247,6
115249,6
115251,7
115254,1
115256,4
115258,6
115263,20
115277,5
115279,1
115283,7
115285,11
115287,35
115291,31
115307,1
115309,53
115333,4
115335,7
115337,4
115339,3
115341,5
115343,5
115348,15
115357,10
115364,19
115373,6
115376,13
115379,4
115381,266
115386,1
115388,1
115409,10
115412,2
115414,185
115417,11
115421,2
115423,1
115437,85
115439,15
115460,8
115463,10
115467,67
115469,8
115471,104
115473,3
115475,12
115479,3
115502,170
115518,8
115524,8
115526,14
115531,10
115534,358
115540,13
115556,22
115558,7
115562,3
115569,13215
115574,23
115598,1
115600,7
115607,4
115611,16
115614,1
115617,15680
115620,3
115629,229
115635,2
115653,5
115664,1248
115667,1054
115669,45
115671,3
115673,1
115676,5
115678,30
115680,1114
115682,2
115685,61
115687,39
115692,4
115699,13
115701,5
115703,47
115705,47
115708,39
115711,24
115713,20588
115715,2
115721,25
115724,2
115727,31
115746,8
115748,18
115754,6
115756,29
115759,7
115761,13
115763,5
115770,119
115772,3
115775,4
115777,26
115779,5
115784,4
115789,5
115791,1
115793,2
115795,1
115797,1
115799,1
115819,61
115824,279
115826,7
115828,156
115831,6
115834,3
115836,8
115862,4
115864,8
115867,7
115871,56
115873,5
115875,139
115879,123
115881,482
115883,3
115885,10
115887,20
115889,1
115893,5
115895,11
115897,5
115899,3
115901,7
115903,17
115905,4
115907,19
115909,43
115911,5
115913,17
115915,31
115917,17
115919,2
115921,39
115923,7
115925,7
115927,117
115929,33
115931,5
115933,4
115935,3
115937,17
115939,15
115941,67
115943,50
115945,39
115947,36
115949,93
115951,23
115953,7
115955,9
115957,5
115961,7
115963,35
115965,126
115967,200
115969,129
115971,20
115973,88
115975,12
115977,20
115979,4
115981,3
115983,1
115985,1
115987,4
115989,5
115991,153
115994,6
115996,20
115998,26
116000,6
116002,52
116004,75
116006,9
116008,12
116010,13
116012,12
116014,3
116016,2
116018,17
116022,1
116024,33
116026,4
116028,44
116030,32
116032,28
116034,35
116036,26
116038,2
116042,6
116044,11
116046,2
116048,2
116050,8
116052,5
116056,5
116062,11
116064,2
116066,4
116068,3
116072,1
116076,15
116078,1
116080,28
116082,10
116084,10
116086,14
116088,5
116090,21
116092,13
116094,16
116096,2
116098,3
116100,3
116102,2
116104,2
116106,3
116108,1
116112,4
116114,1
116116,2
116118,1
116122,4
116124,5
116126,3
116128,22
116130,1
116132,1
116134,2
116136,325
116138,923
116141,2
116155,65
116157,20
116159,14
116161,1508
116165,4
116167,9
116169,44
116171,42
116173,3
116175,3
116177,5
116179,20
116181,9
116183,10
116185,4
116187,1
116189,1
116191,112
116193,10
116195,7
116197,5
116199,27
116201,4
116203,1
116205,23
116207,60
116211,3
116213,41
116215,52
116217,181
116219,163
116221,7
116223,4
116225,35
116227,23
116229,2
116231,8
116233,2
116235,2
116237,3
116239,1
116241,2
116243,2
116245,3
116249,1
116251,1
116253,4
116257,13
116259,8
116261,50
116265,6
116267,20
116271,3
116273,2
116275,40
116279,7
116281,19
116283,3
116285,9
116289,32
116291,4
116295,3
116297,8
116299,37
116301,17
116303,1
116305,4
116307,145
116309,5
116311,6
116313,6
116315,7
116317,32
116319,2
116321,1
116323,17
116325,3
116327,2
116331,4
116333,6
116335,5
116337,1
116341,9
116343,20
116345,2
116347,3
116349,1
116351,5
116387,9
116397,534
116399,16
116401,5
116403,7
116405,3
116407,8
116409,4
116411,338
116413,90
116415,21
116417,9
116419,22
116421,2
116423,2
116425,3
116427,5
116431,14
116433,3
116435,2
116437,3
116441,17
116443,1
116445,3
116447,12
116449,2
116451,2
116453,51
116455,3
116459,1
116461,7
116463,17
116465,38
116467,1
116469,8
116475,2
116477,4
116479,5
116481,2
116483,34
116485,7
116487,9
116489,44
116491,28
116493,48
116495,18
116497,1
116499,11
116501,6
116503,85
116505,45
116507,11
116509,1
116511,2
116513,2
116515,1
116517,1
116519,8
116521,3
116523,1
116525,8
116527,1
116529,83
116533,5
116535,2
116539,12
116543,1
116547,4
116549,6
116551,10
116555,1
116557,2
116560,5
116562,1
116564,7
116566,1
116568,7
116572,3
116574,3
116576,1
116578,39
116580,14
116584,8
116586,9
116588,5
116590,5
116596,1
116598,1
116600,12
116604,4
116606,2
116608,21
116647,2
116660,202
116664,14
116666,21
116668,201
116674,13
116678,9
116680,31
116682,17
116686,2
116688,4
116694,6
116696,2
116698,3
116700,16
116702,14
116704,13
116708,1
116710,11
116716,5
116718,13
116720,29
116722,29
116724,36
116726,28
116728,2
116730,3
116732,11
116734,7
116736,10
116738,23
116740,4
116742,49
116744,18
116748,3
116750,10
116752,18
116754,5
116756,3
116758,9
116760,1
116762,1
116764,1
116766,3
116768,15
116770,36
116772,6
116779,24
116781,120
116783,4
116787,5
116789,9
116791,3
116793,1
116797,24460
116799,1702
116801,98
116803,14
116805,19
116807,90
116809,6
116811,2
116813,8
116815,8
116817,140
116819,7
116821,5
116823,9665
116825,1
116827,5
116831,40
116833,64
116835,3
116837,31
116839,94
116841,100
116845,74
116847,14
116849,72
116851,1
116853,48
116855,369
116857,47
116859,61
116861,30
116863,3
116865,1
116867,4
116869,3
116871,5
116873,1
116875,1
116877,1
116879,6
116881,3
116883,1
116885,2
116887,875
116889,13
116891,7
116893,109
116895,3
116897,2980
116899,20
116901,23
116903,24
116905,321
116907,152
116909,20
116911,24
116913,4
116915,4
116917,1
116919,1
116921,1
116923,1
116925,3
116927,5
116929,5
116931,6
116933,10
116935,7
116937,7
116939,25
116941,64
116943,53
116945,12
116947,18
116949,5
116951,480
116953,8
116955,1
116957,46
116959,2
116961,4
116963,27
116965,2
116969,21
116971,30
116973,11
116975,70
116977,1570
116979,7
116981,4
116983,1
116985,74
116987,4
116989,67
116991,13
117003,3
117017,26
117022,1
117061,6
117065,42
117105,1
117107,79
117109,342
117111,14
117113,4
117115,15
117117,21
117119,14
117121,48
117123,238
117125,20
117127,16
117129,36
117133,30
117136,50
117138,39
117140,5
117142,16
117144,1
117146,28
117148,19
117150,1
117152,6
117154,11
117156,4
117158,5
117160,3
117162,12
117164,1
117166,2
117168,1
117172,2
117174,1
117176,8124
117178,15
117180,5
117182,3
117184,12
117186,3
117188,3
117190,1
117194,61
117196,7
117198,11
117300,12
117302,1
117304,3
117308,75
117310,55
117312,88
117314,21
117316,3
117318,11
117320,24
117322,25
117324,10
117326,4
117328,6
117330,6
117332,6
117334,57
117336,17
117338,13
117340,8
117342,9
117344,42
117346,13
117348,9
117350,13
117352,7
117354,21
117356,5
117358,20
117360,10
117362,14
117364,169
117366,7
117368,132
117370,40
117372,143
117374,3
117376,25
117415,4
117418,7
117420,31
117424,10
117426,3
117428,2
117430,104
117432,10
117434,245
117436,6
117438,740
117440,9
117442,49
117444,1680
117446,45
117448,12
117450,5
117452,3
117454,3
117456,124
117458,1
117460,5
117462,12
117464,49
117466,740
117468,4
117470,20
117472,4
117474,22
117476,10
117478,5
117480,14
117482,4
117484,3
117486,5
117488,23
117490,13
117492,25
117494,3
117496,7
117498,13
117500,1
117502,2
117504,6
117506,29
117509,2
117511,76
117513,6
117515,16
117517,105
117519,7
117521,7
117523,1
117525,8
117527,9
117529,8820
117531,16
117533,2306
117535,1
117537,8
117539,16
117541,1
117543,59
117545,225
117547,21
117549,440
117551,4
117553,10
117555,38
117561,1
117563,1
117565,29
117570,11
117572,13
117574,10
117576,11
117578,10
117580,7
117582,18
117584,2
117586,3
117588,18
117590,2075
117592,13
117594,12
117596,10
117598,11
117602,1
117604,15
117606,2
117608,1
117610,1
117612,1
117614,4
117616,2
117618,3
117620,2
117622,7
117624,2
117626,2
117628,16
117630,15
117632,8
117634,1
117636,10
117638,28
117642,5
117644,1
117646,37
117648,9
117650,16
117652,11
117654,1
117656,1
117658,3
117660,4
117662,3
117664,1
117666,2
117668,2
117670,5
117672,25
117674,5
117676,23
117678,8
117680,5
117682,36
117684,16
117690,6
117692,3
117694,6
117696,15
117698,3
117700,1
117702,2
117704,1
117706,8
117708,1
117710,7
117712,5
117714,27
117716,2
117718,9
117720,5
117722,4
117726,26
117728,16
117730,1
117732,7
117734,2
117736,3
117738,5
117740,11
117742,4
117744,1
117746,2
117748,1
117750,4
117752,2
117754,1
117756,3
117838,22
117843,6
117845,7
117847,4
117849,71
117851,1351
117853,5
117855,2
117857,2
117859,2
117861,80
117863,7
117865,2
117867,502
117869,1
117871,320
117873,6
117875,10
117877,73
117879,28
117881,1471
117883,5
117885,34
117887,1515
117889,1
117891,2
117893,154
117895,2822
117897,25
117899,4
117901,12
117903,3
117905,8
117907,11
117909,25
117911,18
117913,39
117918,4
117920,28
117922,190
117924,19
117926,7
117928,80
117930,9
117932,18
117954,1
117956,1
117960,1
117962,4
117964,13
117966,1
117977,1
117981,5
117985,3
117987,2
117989,8
117995,2
117997,5
117999,2
118003,3
118006,3
118010,1
118013,2
118015,3
118017,4
118019,1
118023,3
118025,1
118033,1
118036,3
118038,1
118040,2
118054,3
118057,7
118059,1
118082,696
118085,111
118091,14
118093,3
118095,8
118097,17
118099,5
118101,99
118103,49
118105,23
118107,2
118109,23
118111,2
118113,4
118115,5
118117,36
118133,3
118166,139
118173,81
118175,4
118177,8
118183,2
118185,1
118189,45
118191,1
118193,2
118195,1
118198,33
118200,7
118202,257
118204,9
118206,18
118212,2
118214,12
118216,6
118220,2
118222,1
118226,2
118228,1
118232,3
118234,4
118236,21
118242,1
118244,88
118246,320
118248,57
118250,5
118252,72
118254,11
118256,72
118258,5
118260,90
118262,2
118264,16
118266,6
118268,4
118270,17
118272,13
118274,2
118276,4
118278,6
118280,2
118282,1
118284,7
118288,3
118290,11
118294,1
118298,3
118300,72
118302,118
118324,10
118326,14
118328,38
118330,18
118332,14
118334,31
118336,1
118338,127
118340,4
118342,17
118344,16
118346,9
118348,2
118350,9
118352,2
118354,280
118380,7
118388,10
118390,12
118392,39
118426,2
118446,5
118448,7
118454,1
118456,1
118458,7
118460,12
118462,3
118464,6
118466,143
118472,6
118476,6
118478,1
118484,4
118486,4
118490,4
118492,2
118494,1
118496,190
118498,15
118504,3
118510,1
118512,59
118516,1
118520,3
118522,1
118524,13
118528,3
118530,11
118532,20
118536,3
118538,3
118540,1
118542,5
118544,2
118546,2
118552,2
118556,1
118558,4
118560,4
118562,1
118564,2
118568,3
118570,41
118572,48
118576,4
118584,3
118608,8
118684,25
118686,25
118688,8
118690,1
118692,2
118694,5
118696,8616
118698,2
118700,1288
118702,1188
118704,8
118706,238
118708,1
118710,77
118712,1
118716,14
118730,1
118734,18
118736,3
118738,3
118742,8
118744,2
118746,6
118748,2
118752,12
118754,12
118758,4
118760,202
118762,14
118764,11
118766,12
118768,5
118770,1
118774,1
118776,10
118778,2
118780,1
118782,20
118784,6
118786,4
118788,5
118790,13
118792,16
118794,3
118796,3
118798,3
118800,5
118802,1
118804,1
118806,4
118808,2
118810,2
118812,1
118814,147
118816,7
118818,1
118820,1
118822,1
118824,4
118826,7
118830,1
118832,10
118834,7
118838,12
118842,6
118844,3
118846,15
118848,3
118850,11
118854,53
118856,11
118858,7
118860,10
118862,28
118864,1
118866,38
118868,12
118870,7
118872,23
118874,6
118876,41
118878,10
118880,708
118882,20
118884,12
118886,2
118888,448
118892,11
118894,50
118896,791
118898,943
118900,1413
118902,23
118904,3
118906,5
118908,24
118910,4
118914,6
118916,17
118920,1
118922,50
118924,232
118926,3
118930,390
118944,10
118946,18
118948,6
118958,10
118964,1
118966,4
118968,12
118970,133
118972,48
118974,2
118983,8
118985,906
118995,1
118997,1482
119003,1
119005,1
119013,1
119025,1
119027,3
119029,1
119031,1
119035,1
119037,1
119039,2
119041,1
119043,2
119045,1
119047,1
119049,2
119051,5
119053,3
119055,2
119057,8
119059,1
119061,14
119063,2
119065,137
119068,211
119080,4
119084,8
119126,26
119135,3
119139,121
119141,4379
119143,1
119145,15392
119147,7
119149,3
119151,5
119153,280
119155,1850
119159,12
119163,7
119165,3
119167,9
119169,21
119171,28
119180,11
119182,30
119186,14
119190,22
119196,5
119200,2
119208,9
119212,3
119214,5
119216,18
119218,129
119220,3
119222,46
119224,52
119226,25
119303,3
119305,20
119308,2
119310,6
119312,10
119314,13
119318,5
119350,1
119424,8
119426,17
119428,8
119430,6
119432,33
119434,1
119436,1
119438,3
119440,7
119448,2
119450,2
119454,45
119456,10
119563,60
119565,76
119567,26
119569,3
119571,18
119573,4
119577,4
119579,4
119583,10
119585,10
119587,3
119589,4
119591,7
119593,1
119597,2
119599,2
119601,5
119603,1
119605,2
119609,2
119611,5
119615,14
119617,1
119619,5
119621,4
119623,1
119625,5
119627,4
119629,30
119635,1
119637,7
119639,2
119641,2
119645,2
119649,33
119653,4
119655,557
119657,10
119659,4
119663,5
119665,3
119667,13
119670,25
119672,44
119675,1
119677,18
119679,7
119681,5
119683,8
119685,20
119687,17
119689,19
119693,4
119695,16
119697,7
119699,15
119701,11
119703,5
119705,27
119714,27
119752,1
119754,9
119758,2
119760,5
119762,4
119764,2
119766,2
119768,3
119770,15
119772,1
119774,2
119780,1
119782,37
119788,2
119790,4
119792,1
119794,2
119796,5
119798,11
119800,6
119802,24
119804,3
119808,2
119810,2
119812,1
119814,1
119818,2
119820,1
119822,7
119826,2
119828,12
119830,16
119832,13
119834,5
119836,3
119838,1
119840,2
119842,2
119844,5
119846,2
119850,3
119852,1
119856,15
119858,2
119860,1
119862,1
119866,3
119868,4
119870,1
119874,6
119878,5
119896,1
119898,2
119901,22
119904,30
119907,26
119909,31
119929,6
119946,4
119948,45
119950,4
119954,20
119956,1
119958,1
119960,1
119962,1
119964,59
119966,76
119973,7
119975,17
119977,21
120074,1
120076,6
120080,2
120082,1
120084,2
120088,3
120090,4
120092,6
120094,1
120096,7
120100,1
120102,4
120104,14
120108,6
120110,44
120112,31
120114,13
120116,5
120118,2
120120,4
120122,20
120124,3
120126,7
120128,8
120130,259
120132,227
120134,8
120136,19
120138,673
120140,2
120142,10
120146,3
120200,4
120202,22
120204,1
120206,11
120208,2
120210,6
120212,3
120214,12
120216,6
120218,1
120220,1
120222,46
120224,3
120230,3
120232,1
120234,2
120236,1
120240,4
120242,1
120246,11
120250,1
120254,1
120256,2
120258,5
120260,2
120262,3
120266,12
120268,2
120270,3
120272,7
120274,19
120276,3
120278,25
120280,6
120282,7
120284,14
120290,10
120292,31
120294,27
120301,44
120303,1
120305,5
120307,11
120309,8
120311,88
120313,5
120315,14
120317,20
120319,2
120321,24
120323,7
120378,1
120380,8
120382,9
120384,5
120386,1
120388,8
120390,16
120392,240
120396,5
120398,7
120400,9
120404,2
120408,19
120410,2
120412,41
120414,3
120416,3
120418,1
120420,10
120426,1
120428,5
120434,2
120436,7
120438,27
120440,19
120442,6
120444,3
120446,6
120448,3
120452,3
120454,2
120458,8
120460,2
120462,27
120464,11
120466,4407
120468,91
120470,22
120474,337
120476,4
120478,328
120480,8
120482,3
120484,4
120486,30
120488,10
120490,1
120492,3
120508,1
120512,1
120514,2
120516,5
120520,2
120522,1
120524,3
120534,18
120536,11
120572,1
120574,39
120576,10
120578,5
120580,12
120584,2
120586,7
120588,5
120594,2
120598,1
120606,3
120608,1
120610,5
120614,2
120618,4
120621,5
120623,11
120625,351
120627,2
120629,15
120631,7
120633,2
120635,1688
120637,454
120639,22
120641,1
120727,1
120731,1
120735,1
120741,2
120749,1
120753,1
120755,1
120759,13
120761,12
120763,7
120765,16
120767,2
120769,12
120771,1
120773,1
120775,31
120777,8
120779,7
120781,21
120783,144
120787,17
120789,12
120791,4
120793,3
120795,74
120799,3094
120801,8
120803,10
120805,62
120807,678
120809,3
120811,49
120813,99
120815,68
120817,7
120819,7
120821,10
120823,7
120825,193
120827,68
120829,10
120831,10
120833,6
120835,45
120837,13
120839,11
120841,4
120843,15
120845,20
120847,16
120849,14
120851,6
120853,114
120855,20
120857,6
120861,10
120865,1
120867,8
120869,76
120871,2
120873,2
120875,19
120877,15
120879,11
120881,7
120883,10
120885,4
120887,15
120889,6
120891,6
120893,1
120895,4
120897,14
120899,1
120901,5
120903,7
120905,8
120907,3
120909,3
120911,7
120913,5
120915,1
120917,1
120919,26
120921,10
120923,2
120925,5
120928,11
120930,12
120934,52
120936,34
120938,27
120940,28
120942,26
120944,43
120946,28
120948,4
120950,5
120952,3
121003,2
121005,5
121007,35
121009,6
121011,2
121013,12
121015,7
121017,9
121019,10
121021,18
121023,42
121025,1
121027,6
121029,10
121031,3
121033,12
121035,84
121039,4
121041,4
121043,1
121045,6
121047,3
121049,1
121051,2
121053,2
121055,2
121057,2
121059,3
121061,8
121063,4
121065,1
121073,3
121077,1
121079,2
121081,6
121083,3
121085,3
121087,2
121093,4
121095,3
121097,21
121099,128
121101,3
121103,63
121109,62
121111,134
121113,39
121115,55
121117,32
121119,26
121122,21
121124,19
121126,47
121129,81
121133,35
121135,62
121137,73
121139,17
121141,11
121143,78
121145,15
121148,25
121150,2
121152,13
121155,87
121157,37
121159,57
121161,14
121165,13
121167,19
121169,186
121171,136
121173,2
121178,11
121180,19
121182,17
121184,37
121186,27
121188,17
121190,85
121192,11
121194,29
121196,20
121198,8
121202,52
121205,8
121207,12
121209,15
121211,9
121217,12
121219,19
121221,25
121223,11
121225,28
121227,59
121229,1
121231,4195
121233,3
121235,69
121237,7
121239,13
121241,42
121243,22
121245,24
121247,26
121249,11
121251,14
121253,106
121255,32
121257,8
121259,6
121261,33
121263,8
121265,20
121267,10
121269,29
121271,16
121273,10
121275,30
121277,15
121279,32
121282,5
121284,29
121286,12
121294,8
121296,8
121298,2
121300,8
121302,40
121304,3
121306,3
121308,68
121310,13
121312,13
121314,64
121316,54
121318,2
121320,1
121324,3
121326,10
121328,5
121330,51
121338,10
121340,7
121342,12
121344,3
121346,16
121350,11
121352,7
121354,10
121356,2
121358,2
121360,4
121362,2
121364,6
121366,65
121368,3
121370,71
121372,274
121374,222
121376,1
121378,8
121380,3
121382,19
121386,2
121390,5
121397,1
121401,2
121403,5
121405,3
121407,4
121409,5
121413,39
121415,1
121417,9
121419,17
121421,3
121426,4
121430,2
121432,3
121436,7
121438,1
121440,1
121442,2
121444,6
121447,14
121449,24
121451,7
121453,38
121455,17
121457,29
121459,8
121461,2
121463,13
121465,15
121467,4
121469,16
121471,1
121473,22
121475,10
121477,16
121479,5
121481,9
121483,46
121485,19
121487,6
121489,5
121491,12
121493,2
121495,6
121503,4
121511,1
121515,2
121517,2
121519,2
121527,2
121533,6
121535,1
121537,2
121545,24
121549,3
121551,1
121553,1
121557,1
121563,3
121567,1
121579,2
121581,3
121583,30
121586,5
121588,3
121592,1
121594,9
121596,11
121598,2
121600,1
121606,1
121612,3
121614,1
121618,10
121624,1
121626,1
121628,1
121630,1
121632,1
121634,1
121642,1
121650,3
121654,1
121659,1
121677,5
121679,2
121695,1
121697,1
121699,11
121703,2
121705,3
121707,2
121709,1
121713,4
121715,8
121723,2
121727,2
121731,1
121733,10
121735,1
121737,1
121739,1
121741,1
121743,2
121751,3
121757,1
121759,1
121767,4
121771,2
121775,1
121779,11
121781,50
121783,9
121785,6
121787,21
121790,27
121792,17
121794,10
121797,13
121799,26
121801,3
121807,1
121809,2
121813,1
121815,1
121817,1
121819,1
121823,3
121825,7
121829,1
121831,1
121833,3
121841,1
121845,2
121849,1
121853,2
121857,3
121859,4
121863,4
121867,1
121873,2
121877,1
121879,5
121883,1
121885,1
121887,2
121889,1
121897,1
121907,3
121911,1
121913,2
121917,8
121919,2
121921,1
121923,1
121933,3
121935,2
121937,1
121943,2
121949,1
121951,5
121959,5
121961,1
121965,1
121967,2
121981,4
121985,3
121987,1
121989,1
121991,1
121997,1
122001,1
122003,1
122005,1
122007,1
122009,3
122015,8
122017,1
122019,3
122023,2
122025,2
122027,6
122029,15
122031,22
122033,9
122035,2
122037,9
122039,23
122041,27
122043,16
122045,12
122048,21
122050,20
122052,1
122054,4
122060,5
122062,8
122064,3
122068,4
122074,2
122076,1
122078,1
122082,10
122084,11
122086,4
122088,16
122090,14
122092,10
122094,14
122096,16
122098,4
122100,12
122102,2
122104,83
122108,22
122110,14
122127,2
122129,57
122131,13
122133,10
122135,3
122137,3
122141,2
122143,5
122145,2
122151,2
122153,4
122155,1
122159,1
122161,4
122163,8
122167,1
122169,1
122189,1
122191,5
122193,3
122197,3
122199,1
122201,4
122205,1
122210,6
122212,1
122216,2
122218,1
122220,7
122222,4
122224,3
122226,1
122228,7
122230,5
122232,9
122234,9
122238,22
122240,20
122242,12
122244,15
122246,38
122248,1
122250,13
122254,17
122256,3
122258,14
122260,26
122262,8
122264,6
122266,2
122268,8
122270,22
122272,10
122274,9
122276,6
122278,18
122280,4
122282,54
122284,10
122286,9
122288,58
122290,18
122292,22
122294,14
122296,6
122298,5
122300,37
122302,11
122304,8
122306,7
122308,51
122310,8
122312,10
122315,11
122317,4
122319,8
122321,26
122323,5
122325,19
122327,10
122329,5
122331,9
122333,6
122335,42
122337,7
122339,3
122341,8
122343,21
122347,12
122349,9
122351,14
122355,11
122357,12
122359,2
122361,5
122365,1
122367,2
122371,2
122373,1
122375,1
122379,1
122381,4
122385,3
122387,2
122391,3
122397,1
122399,2
122403,4
122406,5
122409,1
122411,1
122413,35
122415,12
122417,20
122419,1
122421,9
122423,19
122425,35
122427,3
122431,4
122433,9
122435,9
122437,9
122439,2
122441,17
122443,4
122445,2
122447,5
122451,4
122453,2
122455,11
122458,2
122462,9
122464,16
122466,29
122468,19
122470,4
122472,4
122474,5
122476,2
122478,10
122480,31
122482,14
122484,9
122486,16
122488,4
122490,17
122493,2
122495,13
122497,5
122499,6
122501,7
122503,5
122505,11
122509,11
122511,18
122513,2
122515,9
122517,35
122519,17
122521,15
122523,10
122525,12
122527,18
122531,7
122535,2
122541,1
122543,8
122547,10
122550,7
122553,1
122555,1
122557,1
122559,8
122563,7
122565,4
122567,2
122569,22
122571,1
122573,8
122575,13
122577,8
122579,4
122583,2
122585,2
122587,1
122589,2
122593,4
122595,2
122597,2
122599,1
122601,1
122603,3
122605,5
122607,4
122609,2
122611,1
122613,1
122615,3
122617,1
122619,1
122621,2
122623,4
122625,6
122627,2
122629,4
122633,2
122635,1
122639,3
122641,2
122643,7
122647,6
122649,1
122651,4
122653,6
122655,1
122657,11
122659,3
122661,1
122663,14
122665,4
122667,6
122671,6
122673,1
122675,6
122677,1
122679,1
122681,1
122683,6
122685,3
122687,3
122689,2
122691,5
122693,11
122695,9
122697,1
122699,8
122701,3
122703,6
122705,5
122707,4
122709,8
122711,13
122713,8
122715,4
122717,7
122719,1
122721,2
122723,2
122725,4
122727,5
122729,8
122731,4
122733,6
122735,7
122737,7
122739,8
122741,9
122743,13
122745,3
122747,9
122749,14
122752,1
122754,3
122756,5
122758,3
122760,5
122762,5
122764,10
122766,5
122768,1
122770,35
122772,8
122774,5
122777,2
122779,7
122781,11
122783,9
122785,11
122787,8
122789,28
122791,10
122793,8
122795,6
122797,2
122799,17
122801,2
122803,5
122805,4
122807,5
122809,4
122811,2
122813,7
122815,18
122817,14
122819,12
122821,2
122823,1
122825,3
122831,1
122833,4
122837,1
122839,1
122841,1
122843,1
122849,4
122851,18
122853,3
122855,2
122857,9
122859,6
122861,4
122863,4
122867,1
122869,2
122876,28
122878,22
122880,37
122882,21315
122884,729
122886,18727
122888,246
122890,2363
122892,12099
122896,3064
122898,2382
122900,10595
122902,1696
122904,23147
122906,8828
122908,66
122910,4172
122912,14645
122914,11811
122916,13286
122918,13115
122920,10997
122922,12404
122924,4733
122926,9028
122928,3
122930,2
122932,22
122934,12
122936,14
122938,9
122940,149
122942,18
122944,1
122946,16
122948,46
122950,2
122956,1
122958,1
122960,4
122964,3
122966,1
122968,2
122970,2
122972,2
122974,5
122976,1
122978,1
122980,3
122982,9
122984,1
122988,3
122992,3
122994,1
123000,2
123002,5
123004,4
123006,1
123008,2
123010,1
123014,5
123016,3
123018,6
123024,12
123026,5
123028,1
123030,1
123034,2
123036,3
123042,3
123044,5
123046,1
123048,1
123052,2
123061,7
123063,4
123065,1
123071,4
123077,4
123079,2
123081,1
123083,4
123085,20
123087,7
123089,3
123091,6
123093,22
123095,2
123097,11
123099,10
123101,1
123103,8
123105,5
123107,31
123109,11
123111,3
123113,8
123115,2
123117,3
123119,8
123121,19
123125,5
123127,1
123129,2
123131,3
123133,1
123135,1
123137,1
123139,1
123141,1
123145,2
123147,1
123149,4
123151,2
123155,6
123157,3
123159,38
123161,13
123163,10
123165,13
123172,4
123174,15
123176,4
123178,12
123180,32
123182,3
123184,2
123186,2
123188,8
123190,7
123192,32
123194,11
123196,19
123198,13
123200,95
123202,5
123210,3
123213,2
123215,8
123217,1
123219,7
123221,6
123223,9
123225,11
123227,1
123229,18
123233,3
123235,4
123238,1
123240,2
123242,2
123244,7
123246,4
123248,1
123250,1
123252,4
123254,5
123256,3
123258,4
123260,3
123262,5
123264,27
123266,1
123268,6
123270,4
123274,2
123278,1
123282,15
123284,2
123288,188
123294,43
123296,5
123298,9
123300,6
123302,9
123304,11
123306,7
123308,11
123310,10
123312,11
123314,12
123316,7
123318,10
123320,3
123322,7
123324,4
123326,4
123331,1
123333,1
123335,3
123337,7
123339,1
123341,1
123343,1
123345,2
123347,14
123349,10
123351,11
123353,27
123355,3
123357,9
123359,12
123361,9
123363,1
123365,2
123369,1
123371,3
123373,3
123375,1
123379,1
123381,1
123383,2
123385,2
123389,1
123391,2
123393,2
123395,3
123397,4
123399,1
123401,3
123403,2
123405,19
123407,1
123411,4
123415,1
123417,1
123419,7
123421,4
123423,14
123425,2
123427,4
123429,7
123431,5
123433,1
123435,4
123437,2
123439,2
123441,3
123443,1
123445,1
123449,3
123451,2
123453,3
123455,5
123457,2
123459,6
123461,1
123463,7
123465,5
123467,13
123469,2
123471,11
123473,7
123475,8
123477,25
123479,2
123481,11
123483,1
123485,4
123487,3
123489,2
123491,1
123493,26
123495,5
123497,31
123499,20
123504,2
123510,1
123512,1
123514,2
123516,4
123522,1
123524,1
123526,1
123528,2
123530,6
123532,9
123534,17
123537,4
123541,1
123543,1
123545,1
123547,1
123549,3
123551,3
123553,15
123555,8
123559,1
123561,4
123563,2
123565,46
123567,8
123569,3
123571,97
123573,10
123575,2
123577,10
123579,6
123581,2
123583,1
123585,6
123587,2
123589,70
123591,12
123596,4
123598,3
123600,8
123602,5
123605,3
123607,4
123609,6
123613,7
123617,1
123619,2
123621,2
123625,3
123627,3
123629,2
123633,1
123635,1
123637,1
123639,13
123645,4
123647,4
123653,5
123655,15
123659,2
123661,2
123663,2
123665,3
123667,1
123669,1
123671,1
123673,1
123675,6
123679,5
123681,7
123683,3
123685,1
123689,3
123695,1
123699,1
123703,8
123707,1
123709,1
123711,2
123713,1
123715,11
123717,2
123719,1
123721,1
123723,6
123725,1
123727,3
123729,2
123731,4
123735,6
123737,2
123739,3
123741,2
123743,3
123745,2
123747,1
123751,3
123757,4
123761,7
123765,2
123769,1
123771,2
123773,3
123775,4
123779,1
123783,2
123785,14
123787,1
123792,8
123796,2
123800,4
123802,3
123808,1
123810,1
123812,3
123814,1
123816,1
123818,2
123822,1
123824,1
123826,1
123828,1
123830,1
123832,4
123834,5
123836,2
123838,10
123840,9
123842,9
123844,4
123848,1
123850,2
123852,3
123854,8
123856,3
123862,3
123864,1
123868,1
123872,3
123874,1
123876,4
123878,2
123880,3
123882,1
123888,2
123890,1
123892,1
123894,3
123896,1
123898,3
123902,1
123904,1
123911,4
123913,1
123915,1
123919,3
123921,3
123923,2
123925,1
123927,6
123935,11
123937,2
123939,13
123941,4
123943,17
123945,1
123947,212
123949,4
123951,3
123953,2
123955,1
123959,2
123961,4
123965,1
123973,2
123975,3
123977,2
123979,2
123981,4
123983,3
123985,2
123987,2
123989,2
123993,8
123997,10
123999,1
124001,1
124003,2
124005,1
124007,7
124009,1
124013,2
124015,2
124017,1
124021,2
124023,1
124027,1
124029,4
124031,1
124033,1
124039,1
124043,7
124048,17
124050,4
124052,4
124059,6
124061,3
124063,2
124065,14
124067,1
124071,3
124073,1
124075,3
124077,2
124079,1
124083,4
124085,1
124087,1
124091,4
124093,3
124095,2
124099,1
124101,4
124109,8
124111,1
124113,1
124115,1
124117,1
124119,2
124121,2
124123,1
124125,13
124127,1
124129,2
124131,31
124137,5
124139,4
124141,1
124143,2
124145,12
124149,2
124151,9
124153,2
124155,4
124157,8
124160,13
124162,4
124164,9
124166,5
124168,6
124170,5
124172,14
124174,1
124176,2
124178,8
124180,10
124182,6
124184,1
124190,3
124192,2
124194,2
124196,7
124198,1
124213,4
124217,5
124220,2
124224,3
124228,1
124230,8
124232,2
124235,6
124243,1
124245,1
124247,5
124253,2
124257,5
124259,2
124263,5
124265,5
124267,2
124269,9
124271,4
124273,33
124275,2
124277,8
124279,8
124281,2
124283,2
124285,10
124287,6
124290,8
124292,8
124294,3
124296,10
124298,9
124300,23
124302,6
124304,10
124306,5
124308,2
124310,1
124312,2
124314,2
124318,3
124320,2
124322,4
124324,5
124326,9
124328,3
124332,18
124334,6
124336,1
124338,2
124342,10
124344,4
124346,3
124348,13
124350,7
124352,5
124354,6
124356,15
124358,3
124362,1
124364,1
124368,4
124380,10
124382,3
124384,5
124386,4
124388,2
124390,3
124392,2
124394,1
124398,1
124400,2
124404,8
124406,4
124408,1
124410,1
124412,5
124414,4
124416,1
124418,2
124420,3
124422,2
124425,2
124428,3
124430,2
124432,3
124440,2
124442,15
124444,1
124446,2
124448,2
124450,3
124452,1
124454,2
124456,7
124458,16
124460,1
124462,2
124464,5
124468,1
124470,2
124472,4
124474,1
124476,13
124480,2
124482,1
124484,4
124488,11
124490,5
124492,2
124494,5
124496,4
124500,2
124502,4
124504,1
124507,14
124509,6
124511,1
124513,1
124515,5
124517,6
124519,10
124521,6
124525,2
124527,4
124529,3
124531,6
124533,8
124535,6
124537,9
124539,1
124544,6
124546,5
124548,4
124550,10
124552,5
124554,6
124556,8
124558,1
124560,4
124562,10
124564,1
124566,5
124568,3
124571,2
124573,3
124575,38
124577,4
124579,2
124581,5
124583,1
124585,2
124587,4
124589,1
124591,3
124593,3
124595,4
124599,4
124601,3
124603,1
124605,2
124607,9
124609,1
124611,3
124613,1
124615,3
124617,1
124621,4
124623,1
124625,1
124627,3
124629,5
124631,12
124633,4
124637,6
124639,5
124641,3
124643,9
124645,3
124647,4
124649,2
124651,8
124653,1
124655,4
124657,2
124659,7
124663,1
124665,1
124667,3
124669,4
124671,1
124675,1
124677,2
124679,1
124681,6
124683,2
124685,2
124687,3
124689,4
124691,16
124693,4
124695,1
124697,1
124699,2
124701,2
124705,3
124709,2
124713,2
124717,1
124721,1
124723,1
124725,5
124727,4
124731,1
124733,2
124735,6
124737,2
124739,1
124741,2
124745,4
124747,1
124749,5
124751,4
124753,3
124755,2
124757,5
124759,2
124763,2
124765,2
124767,8
124769,8
124771,7
124773,2
124775,5
124777,4
124779,3
124781,3
124783,8
124785,1
124787,5
124789,2
124791,2
124793,1
124795,4
124797,3
124799,4
124801,4
124803,3
124805,2
124807,1
124809,1
124811,3
124813,3
124815,1
124817,3
124819,3
124823,2
124825,5
124827,7
124829,4
124831,1
124833,1
124835,1
124837,24
124839,5
124841,2
124843,3
124845,2
124847,1
124849,1
124851,14
124853,12
124855,9
124857,9
124859,366
124861,48
124863,7
124865,2
124867,226
124869,26
124871,3
124873,8
124875,1
124877,2
124879,4
124881,3
124887,6
124889,10
124891,3
124893,4
124895,1
124899,3
124901,23
124903,1
124905,1
124907,3
124909,5
124913,5
124915,4
124917,1
124919,28
124921,4
124923,2
124925,6
124927,10
124931,4
124933,1
124935,3
124937,5
124939,2
124941,1
124943,5
124945,2
124949,1
124951,2
124953,1
124955,2
124957,3
124959,1
124961,22
124963,5
124965,5
124969,1
124971,5
124973,2
124975,4
124977,3
124979,1
124981,1
124983,1
124985,1
124987,4
124991,5
124993,7
124997,5
124999,1
125001,7
125005,4
125007,6
125009,4
125011,3
125013,2
125019,2
125021,2
125023,8
125025,2
125029,6
125031,6
125033,3
125035,2
125039,2
125041,3
125043,2
125045,9
125047,11
125049,3
125051,4
125055,2
125057,5
125059,5
125061,7
125063,1
125065,4
125067,3
125071,7
125077,17
125079,4
125081,2
125083,2
125085,6
125087,2
125089,4
125091,3
125093,1
125095,6
125099,2
125101,3
125105,5
125107,1
125109,2
125111,2
125113,10
125115,3
125117,2
125119,2
125125,4
125127,22
125129,3
125131,3
125133,7
125135,5
125139,4
125141,3
125143,2
125147,2
125149,1
125151,4
125153,3
125155,11
125157,1
125159,3
125163,3
125165,8
125167,2
125169,3
125171,3
125173,7
125177,2
125181,8
125183,8
125185,20
125187,2
125189,7
125191,8
125193,2
125195,2
125197,2
125199,3
125201,2
125203,5
125205,13
125207,3
125209,1
125211,33
125213,6
125215,1
125219,2
125221,21
125223,4
125225,6
125227,4
125229,6
125231,12
125233,7
125235,2
125237,13
125241,3
125245,4
125247,5
125249,2
125253,3
125255,2
125257,5
125259,3
125261,4
125263,10
125265,5
125267,4
125269,3
125271,3
125273,8
125275,12
125277,7
125279,4
125281,3
125283,3
125285,11
125287,4
125289,9
125291,3
125293,4
125295,2
125297,7
125299,3
125301,4
125303,5
125305,4
125307,3
125309,3
125311,9
125313,7
125315,4
125317,1
125321,7
125323,9
125325,2
125329,1
125331,3
125333,1
125335,1
125337,2
125339,10
125341,4
125345,4
125347,4
125349,1
125351,2
125353,6
125355,3
125357,3
125359,3
125363,5
125365,6
125367,3
125369,1
125371,2
125373,3
125375,4
125377,4
125379,4
125381,4
125383,1
125385,3
125387,4
125389,7
125391,1
125395,2
125397,2
125399,2
125401,10
125403,3
125405,5
125407,1
125409,1
125411,6
125413,9
125415,4
125417,3
125419,2
125421,2
125423,1
125425,2
125427,1
125429,5
125431,6
125433,2
125435,2
125437,1
125439,5
125441,9
125443,1
125445,4
125447,4
125449,3
125451,1
125453,3
125455,6
125457,3
125461,4
125465,9
125467,18
125469,2
125471,5
125473,5
125475,5
125477,3
125479,7
125481,7
125483,1
125485,4
125489,5
125491,1
125493,6
125495,13
125497,10
125499,5
125501,2
125503,3
125505,6
125507,4
125509,7
125511,4
125513,4
125515,2
125517,2
125519,6
125521,8
125523,6
125525,4
125527,2
125529,5
125531,1
125533,11
125535,18
125537,44
125539,3
125541,13
125543,25
125545,35
125547,2
125549,10
125555,10
125557,10
125559,2
125561,4
125563,4
125565,30
125567,2
125569,13
125571,3
125574,3
125576,2
125583,7
125585,5
125587,6
125589,4
125591,1
125593,2
125596,22
125599,16
125601,1
125603,2
125605,2
125607,2
125609,3
125611,2
125613,6
125615,4
125617,7
125619,7
125621,3
125623,6
125628,11
125630,19
125632,2
125634,7
125636,3
125638,3
125640,10
125642,2
125644,7
125646,2
125648,5
125650,1
125652,1
125654,12
125656,4
125658,5
125661,44
125698,5
125700,1
125702,1
125704,11
125768,2
125770,10
125774,1
125776,1
125778,1
125780,3
125782,8
125786,17
125795,2
125833,1
125836,5
125840,3
125852,6
125854,3
125856,1
125858,8
125860,1
125862,4
125864,2
125866,2
125868,5
125870,2
125872,6
125874,44
125876,4
125878,11
125882,2
125884,6
125886,4
125888,2
125892,2
125894,1
125896,23
125898,2
125902,6
125904,8
125906,26
125908,4
125910,4
125912,30
125914,508
125916,2014
125918,40
125920,5
125922,13
125924,12
125926,138
125928,1
125930,3
125932,17
125934,5
125936,30
125938,9
125940,8
125942,12
125944,1
125946,11
125948,6
125950,10
125952,23
125954,2
125956,4
125958,20
125960,10
125962,12
125964,1
125966,46
125968,25
125970,278
125972,196
125974,160
125976,9
125978,8
125980,5
125982,15
125984,2
125986,22
125988,7
125990,1
125992,10
125994,5
125996,22
125998,19
126000,3
126002,1
126004,1
126006,15
126008,74
126010,7
126012,7
126014,1
126016,39
126018,8
126020,42
126022,13
126024,8
126026,5
126028,6
126030,10
126032,9
126034,9
126036,44
126038,5
126040,11
126042,20
126044,6
126046,29
126048,48
126050,14
126052,3
126054,2
126056,12
126058,15
126060,6
126062,3
126064,20
126066,34
126068,16
126070,11
126072,67
126074,40
126076,18
126078,1
126080,9
126082,6
126084,77
126086,34
126088,32
126090,411
126092,4
126094,8
126096,8
126098,9
126100,7
126102,1
126104,6
126106,111
126108,5
126110,15
126112,6
126116,1
126120,16
126122,4
126124,3
126126,2
126128,2
126130,2
126132,3
126134,24
126136,3
126138,9
126140,8
126142,18
126144,2
126146,7
126148,4
126150,5
126152,2
126154,3
126156,5
126158,5
126160,15
126162,1
126164,7
126166,5
126168,7
126170,1
126172,1
126174,3
126176,1
126178,8
126180,1
126182,2
126184,2
126186,2
126188,4
126190,2
126204,1
126208,2
126210,4
126212,2
126217,2
126219,9
126221,1
126223,1
126225,4
126227,2
126229,8
126233,2
126235,3
126237,2
126239,3
126243,4
126245,22
126247,4
126249,1
126251,16
126283,2
126286,2
126290,2
126296,3
126300,4
126305,5
126309,2
126322,1
126325,2
126329,3
126331,1
126333,2
126335,1
126337,1
126341,7
126385,3
126387,5
126389,2
126393,40
126395,8
126397,8
126399,9
126401,5
126403,5
126405,52
126407,3
126409,3
126412,8
126414,15
126418,26
126420,57
126422,5
126424,4
126426,303
126428,2
126430,839
126432,29
126434,8
126436,5
126438,1
126482,90
126510,28
126544,2
126546,31
126548,1245
126550,29
126552,3
126554,7
126558,9
126560,14
126562,33
126571,2
126573,5
126575,115
126577,10
126579,13
126582,2
126584,82
126586,3
126588,4
126591,8
126593,9
126595,26
126597,11
126599,217
126652,1
126693,5
126713,2
126719,1
126721,2
126723,18
126725,4
126727,12
126729,6
126731,11
126733,44
126735,24
126737,6
126739,19
126741,17
126743,32
126745,11
126747,8
126749,22
126751,16
126753,13
126761,3
126763,1
126765,3
126767,10
126769,6
126771,2
126773,5
126775,38
126777,8
126779,3
126781,11
126783,12
126785,10
126787,3
126789,11
126791,9
126793,5
126795,9
126797,7
126799,13
126801,15
126803,16
126805,3
126807,7
126809,5
126811,4
126815,2
126917,10
126919,40
126921,98
126923,7
126925,1
126927,61
126929,45
126931,15
126933,34
126935,22
126937,25
126939,4
126941,6
126943,19
126945,4
126947,14
126949,7
126951,22
126953,50
126955,10
126957,4
126959,11
126961,4
126963,24
126965,1
126967,17
126969,4
126971,17
126973,1
126975,28
126977,14
126979,2
126981,7
126983,33
126985,4
126987,31
126989,4
126991,1
126993,2
126995,1
126997,2
126999,1
127001,1
127003,3
127005,6
127007,2
127009,5
127011,8
127013,8
127015,8
127017,8
127019,9
127021,57
127025,11
127027,12
127029,5
127031,1
127033,11
127035,7
127038,3
127040,124
127042,78
127044,74
127046,15
127048,1
127050,6
127052,587
127054,44
127060,1
127062,9
127064,7
127066,35
127068,11
127070,2
127072,3
127074,2
127076,18
127078,2
127080,4
127082,16
127084,92
127088,61
127090,27
127092,1
127094,11
127096,827
127098,1342
127100,1
127102,12
127108,1714
127110,78
127112,58
127114,586
127116,295
127118,42
127120,44
127122,27
127124,72
127126,12
127128,213
127130,385
127132,33
127134,200
127136,339
127138,35
127140,419
127142,10
127144,63
127146,354
127148,66
127150,9
127152,1197
127154,39
127156,44
127158,65
127160,1
127162,3
127164,191
127168,1
127170,1
127172,10
127174,3
127176,4
127178,304
127180,129
127182,37
127184,46
127186,114
127188,122
127192,84
127194,45
127196,344
127198,1136
127200,52
127202,2300
127204,187
127206,153
127208,104
127210,28
127212,408
127214,13
127216,33
127218,216
127220,13
127222,5
127224,18
127226,52
127228,6
127230,1
127232,11
127234,31
127236,3
127238,2
127240,3
127242,2
127244,12
127246,3
127248,7
127250,6
127252,2
127254,4
127256,23
127258,4
127260,26
127262,2
127264,2
127266,31
127268,1
127270,2
127272,3
127274,5
127276,9
127278,10
127280,4
127282,5
127286,1
127288,18
127292,9
127294,57
127296,7
127298,276
127302,19
127305,42
127307,18
127309,35
127311,80
127313,17
127315,65
127317,2
127319,289
127321,146
127323,116
127325,1
127327,1
127329,1
127331,1
127333,6
127335,4
127339,2
127341,1
127343,1
127345,2
127347,1
127371,2
127390,340
127419,12
127433,2
127441,80
127443,11
127445,15
127447,1
127449,3
127451,10
127453,3
127455,9
127484,7
127494,1
127496,3
127498,4
127565,167
127567,15
127573,4
127575,4
127577,2
127579,12
127581,4
127583,34
127585,20
127587,2
127590,1
127592,1
127594,1
127598,1
127600,11
127606,8
127608,8
127610,24
127620,1
127622,1
127626,3
127628,3
127630,16
127632,4
127634,2
127636,1
127638,1
127640,6
127642,5
127646,1
127648,1
127650,5
127652,12
127654,6
127656,5
127658,19
127660,1
127663,1
127665,8
127667,1
127669,1
127673,2
127675,1
127677,1
127679,1
127681,1
127685,1
127690,9
127692,10
127695,5
127699,3
127701,13
127703,2
127705,1
127709,2
127713,1
127715,14
127717,1
127721,2
127724,34
127726,8
127728,5
127831,8
127833,12
127835,7
127837,6
127839,6
127843,6
127857,9
127859,8
127861,17
127863,4
127865,5
127867,22
127869,2
127871,1
127873,4
127875,4
127877,3
127879,16
127881,4
127957,3
127974,48
127987,20
127989,1
127991,6
127993,22
127995,5
127997,3
127999,7
128001,9
128003,17
128005,14
128007,16
128009,13
128013,3
128015,2
128017,1
128019,1
128021,1
128023,3
128025,11
128027,1
128029,29
128031,7
128033,1
128035,3
128037,2
128039,1
128041,3
128045,1
128049,1
128051,2
128053,1
128057,4
128061,1
128065,2
128067,3
128071,6
128075,2
128077,5
128079,1
128081,5
128083,2
128085,4
128087,4
128089,90
128091,20
128093,101
128095,9
128097,16
128099,142
128101,4
128105,4
128109,5
128113,2
128127,3
128129,3
128133,1
128135,1
128137,2
128139,2
128141,23
128143,6
128145,5
128147,1
128149,30
128151,29
128153,9
128155,4
128157,4
128161,3
128163,6
128165,33
128167,20
128169,39
128171,14
128173,17
128175,13
128177,14
128179,8
128181,6
128183,4
128185,2
128187,7
128189,7
128193,5
128195,2
128197,4
128199,11
128201,3
128203,1
128205,2
128209,2
128211,2
128213,3
128215,18
128219,4
128221,5
128223,3
128225,2
128227,11
128229,2
128231,6
128233,3
128235,20
128237,1
128239,4
128241,1
128243,9
128245,1
128247,1
128249,7
128251,22
128253,2
128255,13
128257,2
128259,3
128261,1
128263,10
128265,2
128267,12
128269,10
128273,4
128275,4
128277,2
128279,2
128281,1
128283,13
128285,2
128287,4
128289,1
128291,5
128293,1
128297,5
128299,1
128301,6
128303,2
128305,3
128308,3
128310,1
128316,14
128318,14
128320,77
128322,14
128327,8
128356,9
128358,21
128360,11400
128362,4
128364,1
128366,53
128369,15
128371,4
128379,2
128381,2
128383,2
128385,1
128387,1
128389,1
128391,1
128393,3
128395,2
128397,2
128399,2
128401,1
128403,1
128405,1
128413,3
128423,7
128425,39
128427,3
128429,39
128433,1
128435,2
128437,2
128439,14
128441,26
128443,3
128445,3
128447,17
128470,2
128476,1
128478,38
128480,6
128482,2
128488,332
128490,3
128494,1
128498,1
128504,3
128506,23
128508,25
128510,34
128512,1033
128514,6
128516,5
128518,35
128520,528
128522,3
128526,1
128528,2
128530,1
128534,10
128536,19
128538,26
128540,44
128542,128
128544,18
128546,5
128548,39
128550,32
128552,19
128554,12
128556,29
128558,28
128560,31
128562,23
128564,21
128566,15
128568,2
128570,4
128572,12
128574,3
128576,10
128578,20
128580,9
128582,15
128584,3
128586,9
128588,17
128590,15
128592,145
128594,93
128596,4
128598,1
128600,31
128601,1
128604,246
128606,359
128608,25
128610,36
128612,14
128614,11
128616,5
128618,13
128620,937
128622,27
128624,6
128626,34
128628,3
128630,3
128632,91
128634,11
128642,9
128644,1
128646,2
128648,19
128650,1
128656,8
128661,2
128663,2
128665,1
128667,2
128669,7
128671,159
128673,9
128675,7
128677,5
128679,118
128681,3
128684,31
128686,1
128688,1
128690,11
128695,74
128697,4
128699,1
128701,3
128703,5
128705,5
128711,7
128713,1
128715,18
128717,2
128719,4
128721,2
128723,23
128725,14
128727,15
128732,3
128734,3
128736,83
128738,6
128740,4
128742,1
128748,1
128750,3
128752,2
128754,1
128756,1
128758,3
128760,1
128762,9
128764,2
128766,2
128768,1
128770,1
128774,2
128776,7
128778,1
128782,1
128784,3
128786,1
128788,9
128790,2
128792,2
128796,5
128798,1
128800,4
128802,1
128804,1
128806,3
128810,1
128812,20
128816,1
128818,1
128820,1
128826,1
128830,27
128832,126
128834,16
128836,5
128838,1510
128840,3
128842,38
128848,2
128850,5
128852,122
128854,66
128858,2
128860,1
128862,30
128864,4
128868,37
128870,5
128872,25
128874,10
128876,23
128878,29
128880,1
128882,11
128884,4
128886,6
128888,3
128896,1
128898,19
128900,2
128902,8
128904,2
128906,12
128908,50
128910,6
128912,99
128914,78
128918,61
128920,2
128922,24
128924,50
128926,1
128928,2
128930,18
128936,1
128940,2
128942,1
128944,215
128946,5
128948,4
128950,17
128952,11
128954,11
128958,3
128960,5
128962,1
128964,3
128966,17
128968,179
128971,11
128973,3
128975,482
128977,1
128979,3
128981,47
128983,2
128985,4
128987,13
128989,24
128991,58
128995,1
128997,7
128999,2
129003,2
129005,12
129007,1
129009,27
129013,73
129015,2
129017,5
129021,8
129030,26
129032,101
129034,6
129036,5
129038,3
129042,5
129044,12
129046,8
129048,3
129050,2
129052,2
129054,5
129056,3
129058,3
129060,4
129062,4
129064,6
129066,4
129068,2
129070,1
129072,2
129076,4
129078,38
129080,4
129183,10
129185,1
129187,1
129189,19
129191,15
129193,4
129195,7
129197,2
129199,19
129201,2
129203,1
129205,4
129207,1
129213,1
129215,1
129219,7
129221,1
129223,1
129225,4
129227,16
129229,33
129231,3
129233,20
129235,4
129237,7
129239,7
129241,29
129243,14
129245,28
129248,18
129250,55
129252,1
129256,3
129264,3
129266,1
129268,5
129270,6
129272,3
129274,12
129276,4
129285,21
129289,2
129291,2
129293,2
129295,2
129297,1
129299,28
129301,9
129303,4
129305,6
129307,6
129309,7
129311,3
129313,97
129317,16
129321,2
129325,1
129333,11
129335,5
129337,26
129340,21
129342,18
129344,3
129346,13
129348,7
129350,23
129352,3
129354,3084
129356,1
129358,35
129360,8
129362,77
129364,29
129366,8
129368,4
129370,369
129372,96
129374,1
129376,7
129378,9
129382,2
129384,1
129386,4
129389,3
129391,2
129395,6
129397,110
129401,42
129403,4
129405,8
129407,3
129409,2
129411,1
129413,3
129415,12
129417,3
129419,3
129421,1
129423,3
129425,28
129428,349
129430,1
129432,10
129435,2
129437,64
129439,1
129441,3
129443,1
129445,3
129447,3
129449,2
129451,17
129454,5
129456,2
129458,1
129460,6
129464,2
129466,1
129470,1
129472,1
129474,19
129476,8
129478,2
129480,5
129482,1
129484,4
129486,1
129488,6
129490,44
129492,6
129496,1
129500,2
129502,4
129506,3
129508,1
129510,12
129512,3
129514,665
129516,8
129518,4
129520,5
129522,6
129524,4
129526,5
129528,2
129530,3
129532,4
129534,11
129536,11
129555,4
129640,5
129642,1
129644,17
129646,11
129651,6
129653,6
129655,5
129657,123
129659,462
129661,1
129667,5
129669,29
129671,2
129673,5
129675,25
129677,1
129679,1
129683,1
129687,3
129689,1
129691,1
129695,1
129699,2
129701,15
129703,2
129705,10
129707,292
129709,3
129711,6
129713,67
129715,2
129717,1
129719,23
129721,23
129723,4
129725,5
129727,1
129729,2
129731,1
129733,2
129737,175
129739,76
129741,4
129743,1
129749,64
129751,5
129759,1
129763,4
129765,1
129767,2
129769,2
129771,30
129773,57
129775,4
129777,3
129779,188
129781,86
129784,14
129786,22
129788,47
129792,4
129796,1
129802,1
129808,1
129812,4
129814,2
129816,21
129818,45
129820,87
129822,15
129824,1
129826,23
129828,3
129830,27
129832,4
129834,4
129836,39
129838,10
129841,14
129843,8
129845,46
129847,3
129849,7
129851,18
129853,12
129855,9
129857,11
129859,31
129865,1
129867,2
129871,2
129873,2
129875,2
129877,1
129879,2
129881,1
129883,3
129885,1
129887,1
129889,10
129895,2
129897,3
129899,2
129905,2
129907,3
129909,7
129911,10
129913,55
129915,3
129917,3
129919,2
129921,8
129923,3
129925,6
129927,4
129929,3
129931,5
129933,18
129935,23
129937,775
129939,4
129941,34
129943,10
129945,3
129947,14
129949,3
129951,35
129958,15
129970,1
129978,1
129980,2
129984,1
129986,1
129994,9
129996,1
130000,2
130006,1
130008,1
130016,26
130018,2
130020,2
130022,2
130028,1
130034,34
130036,12
130038,10
130040,21
130042,11
130044,81
130046,10
130048,4
130050,51
130052,149
130054,5
130056,2
130058,2
130060,9
130062,4
130064,3
130066,19
130069,16
130071,12
130073,1773
130075,370
130077,8
130079,3
130081,18
130083,117
130085,12
130087,440
130089,3
130091,3
130095,1
130099,2
130101,1
130103,4
130105,1
130107,13
130109,1
130111,1
130114,1
130116,1
130118,1
130120,2
130128,1
130130,1
130132,1
130138,1
130140,6
130142,1
130144,2
130146,5
130148,2
130150,2
130152,3
130154,2
130156,3
130163,3
130170,7
130173,10
130176,2
130178,2
130182,1
130185,1
130194,4
130196,4
130198,7
130202,3
130204,18
130206,4
130208,3
130210,4
130217,5
130219,7
130231,1
130233,29
130235,1
130237,2
130241,2
130243,1
130247,8
130250,2
130252,4
130254,1
130259,7
130261,2
130263,1
130267,2
130269,11
130271,5
130275,4
130284,1
130288,2
130290,18
130292,10
130294,2
130296,2
130298,3
130320,6
130322,1
130324,3
130326,5
130328,7
130330,4
130332,18
130336,5
130338,5
130340,9
130342,2
130344,2
130347,65
130349,5
130351,85
130362,1
130364,1
130372,12
130374,32
130376,5
130378,3
130380,1
130382,20
130384,28
130386,1
130388,10
130390,10
130392,19
130394,16
130396,20
130398,21
130400,2
130402,34
130404,3
130406,4
130408,1
130412,3
130414,1
130416,1
130418,2
130420,1
130422,5
130424,9
130426,4
130430,1
130436,4
130438,1
130440,4
130442,36
130444,48
130446,5
130448,481
130450,449
130452,559
130454,2
130456,3
130458,22
130460,2
130462,45
130464,12
130468,13
130472,15
130474,120
130476,10
130478,37
130480,16
130482,39
130484,10
130486,1
130488,46
130490,3201
130492,73
130494,18
130496,211
130498,32
130500,2
130502,7
130504,21
130506,214
130508,251
130510,182
130512,23
130514,12
130516,12
130518,67
130520,1571
130522,41
130524,19
130526,15
130528,2
130530,1
130532,5
130538,1
130540,1
130542,1
130544,2
130548,2
130552,3
130554,2
130558,2
130560,7
130562,1
130564,2
130566,1
130572,1
130574,5
130576,1059
130578,195
130580,63
130582,68
130584,5
130586,19
130588,67
130590,1
130596,7
130602,1
130604,7
130608,3
130610,5
130612,2
130614,10
130618,93
130622,10
130624,2
130626,1
130628,172
130630,30
130632,2
130634,3520
130636,724
130638,15
130640,14
130642,185
130644,51
130646,1
130648,4
130654,2
130656,1
130660,4
130664,1
130666,1
130668,6
130670,1
130672,2
130674,15
130676,2
130678,1
130680,10
130682,15
130684,226
130686,433
130688,3
130692,3
130694,4
130698,2
130702,6
130704,1
130706,1
130708,1
130712,1
130716,1
130720,1
130722,3
130724,10
130726,2
130728,1
130730,18
130732,1
130734,27
130738,2
130742,1
130744,4
130746,23
130748,7
130750,2
130756,2
130758,3
130762,5
130768,5
130772,1
130778,2
130780,2
130784,50
130786,2
130788,6
130790,1
130794,12
130796,7
130800,4
130802,2
130804,7
130806,1
130808,7
130810,3
130812,5
130814,1
130816,3
130818,2
130820,1
130822,5
130824,3
130826,5
130828,4
130830,1
130832,2
130834,3
130836,2
130840,425
130842,101
130844,3
130846,6
130848,11
130850,10
130852,3
130854,9
130856,4
130858,4
130860,4
130862,25
130866,1
130870,4
130872,5
130878,1
130880,5
130882,3
130892,5
130894,19
130898,2
130900,5
130902,2
130904,2
130908,1
130912,15
130914,11
130916,4
130918,1
130920,1
130922,15
130924,4
130926,4
130928,14
130930,9
130932,1
130934,4
130936,1
130938,3
130940,1
130942,1
130946,1
130950,1
130952,5
130954,2
130956,280
130958,7
130960,7
130962,2
130964,13
130966,2
130968,2
130970,343
130972,5
130976,112
130978,181
130980,7
130982,3
130984,3
130986,4
130988,135
130990,5
130992,43
130994,2
130996,4
130998,28
131000,23
131002,20
131004,20
131009,11
131011,5
131013,1452
131015,5
131017,63
131019,18
131021,7
131023,124
131025,1
131027,8
131029,10
131031,2
131050,286
131052,1
131054,7
131056,31
131058,6
131060,10
131062,6
131064,6
131066,102
131068,1
131070,5
131072,4
131074,2
131076,3
131078,1
131080,171
131082,4
131084,13
131086,2
131088,11
131090,4
131092,129
131094,26
131096,12
131098,16
131100,4
131102,24
131104,29
131106,15
131108,1
131110,1
131112,14
131114,1
131116,3
131118,11
131120,7
131122,3
131124,11
131126,11
131128,8
131130,19
131132,20
131134,7
131136,24
131138,19
131140,7
131142,16
131144,19
131146,18
131148,12
131150,21
131152,1
131154,4
131156,20
131158,17
131160,10
131162,4
131164,14
131166,11
131168,227
131170,179
131172,8
131174,7
131176,40
131178,5
131180,44
131182,3
131184,2
131186,2
131188,1
131190,3
131192,18
131194,1
131198,1
131202,3
131206,2
131209,1
131211,1
131213,1
131223,1
131231,15
131233,1
131237,211
131239,1
131241,28
131243,17
131246,2
131248,242
131250,14
131252,80
131254,8
131256,5
131258,28
131260,12
131262,12
131266,1
131268,1
131270,95
131272,1
131274,12
131278,3
131282,1
131284,1
131288,1
131292,11
131294,3
131300,5
131303,1
131305,3
131308,4
131310,1
131316,3
131320,1
131324,1
131328,1
131334,1
131339,2
131341,8
131343,1
131345,1
131347,5
131349,1
131353,3
131357,1
131359,5
131361,2
131363,1
131365,2
131369,2
131375,1
131378,23
131380,2
131382,4
131386,4
131389,90
131391,2
131393,3
131398,1
131400,2
131409,3
131411,2
131415,1
131419,7
131421,2
131427,1
131429,6
131431,3
131433,118
131437,15
131439,205
131442,1
131444,93
131446,117
131448,26
131451,81
131453,52
131457,41
131462,6
131464,68
131466,10
131470,87
131472,21
131474,47
131476,17
131478,33
131480,46
131482,10
131484,8
131486,14
131496,9
131498,2
131500,4
131502,33
131504,9
131506,29
131508,8
131514,1
131516,3
131518,2
131522,2
131524,2
131526,2
131528,3
131530,2
131532,5
131534,6
131536,2
131538,5
131540,2
131542,6
131546,6
131548,21
131550,12
131552,2
131554,21
131556,16
131558,14
131560,25
131562,18
131564,2
131568,2
131570,30
131572,8
131574,5
131578,9
131582,7
131584,11
131586,12
131588,4
131590,6
131592,3
131594,7
131596,5
131600,1
131602,3
131604,6
131608,1
131610,9
131614,2
131618,1
131620,16
131622,20
131624,4
131626,4
131628,1
131630,3
131634,4
131636,3
131638,6
131640,4
131642,1
131644,3
131646,4
131648,3
131650,12
131652,5
131654,1
131656,613
131658,117
131660,41
131662,4
131664,3
131670,15
131672,1
131674,2
131676,3
131678,2
131682,6
131684,6
131686,3
131688,3
131690,6
131694,1
131696,3
131698,4
131700,3
131702,2
131704,10
131706,2
131708,3
131710,3
131712,16
131714,273
131716,9
131718,3
131720,5
131722,7
131724,1285
131726,16
131728,6
131730,2
131736,1
131739,225
131743,3
131749,35
131751,15
131753,8
131755,1
131759,8
131761,3
131763,2
131765,1
131767,2
131769,10
131771,2
131775,1
131777,4
131779,2
131786,4
131788,5
131790,5
131792,2
131794,3
131796,553
131798,12
131802,1
131804,1
131806,2
131808,21
131810,5
131812,6
131816,8
131818,11
131820,20
131822,2
131824,8
131826,54
131828,6
131830,119
131832,20
131834,30
131836,19
131838,5
131840,5
131842,71
131844,2
131846,3
131848,39
131850,16
131852,3
131854,8
131856,5
131858,2
131866,1
131868,5
131870,8
131872,1
131878,2
131880,35
131882,3
131884,9
131888,4
131892,3
131894,2
131896,1
131898,1
131900,1
131902,1
131904,5
131908,5
131910,5
131912,4
131914,2
131916,1
131918,1
131920,155
131922,1
131926,1
131928,2
131930,2
131932,10
131934,12
131936,21
131938,5
131940,2
131944,6
131946,1
131948,2
131950,4
131952,1
131954,3
131960,7
131962,1
131964,9
131966,16
131968,3
131970,3
131974,1
131978,1
131980,16
131984,2
131986,3
131990,1
131992,1
131998,21
132000,1
132002,16
132004,1
132008,6
132010,11
132012,115
132014,4
132018,8
132020,2
132022,1
132024,3
132028,2
132030,2
132032,1
132034,2
132036,7
132038,1
132040,12
132044,3
132046,2863
132048,8
132050,16
132052,2
132054,7
132056,72
132058,28
132060,6
132062,9
132064,3
132066,5
132068,45
132070,17
132072,6
132074,40
132076,1
132078,3
132080,1
132082,1
132084,2
132086,2
132090,1
132092,1
132094,5
132100,3
132102,1
132106,23
132110,16
132112,162
132114,4
132116,3
132118,26
132120,1
132122,30
132124,2
132126,1
132128,223
132130,48
132132,17
132134,4
132136,30
132138,2
132140,28
132142,2
132144,17
132146,68
132148,2
132150,13
132153,28
132155,7
132157,441
132159,17
132161,9
132163,3
132165,3
132167,53
132169,31
132171,7
132173,55
132175,4
132178,15
132180,10
132182,30
132184,4
132186,2
132188,4
132190,5
132192,10
132194,4
132196,1
132198,2
132206,1
132208,9
132210,13
132212,10
132214,6
132216,1
132218,2
132220,1
132222,14
132224,3
132226,1
132230,1
132232,6
132234,4
132236,10
132240,1
132242,4
132245,1
132247,1
132249,1
132251,2
132253,2
132255,2
132259,5
132261,4
132264,3
132268,16
132270,5
132272,3
132275,1
132278,5
132280,5
132282,1
132284,4
132286,9
132288,3
132290,2
132292,3
132294,3
132296,6
132298,2
132300,2
132302,3
132307,1
132309,8
132311,1
132313,2
132315,21
132317,2
132319,17
132321,2
132323,5
132325,4
132327,1
132331,11
132333,2
132335,75
132338,4
132340,8
132342,2
132344,49
132346,5
132348,9
132350,5
132352,20
132354,1
132356,16
132358,48
132360,37
132362,94
132364,5
132366,9
132368,1
132370,4
132372,18
132374,4
132377,64
132379,2
132381,83
132384,13
132386,6
132388,15
132390,6
132392,2
132394,2
132396,1
132402,11
132404,3
132406,1
132408,8
132410,7
132412,6
132414,10
132416,3
132418,21
132420,12
132422,24
132424,686
132430,33
132432,18
132434,20
132436,6
132438,3
132440,1
132442,52
132444,3
132446,131
132448,3
132450,2
132452,1
132454,15
132456,157
132458,44
132460,5
132462,12
132464,8
132468,38
132470,18
132472,51
132474,9
132476,3
132478,2
132480,1783
132482,9
132484,21
132486,16
132488,17
132490,20
132492,47
132494,28
132496,220
132502,2
132506,5
132508,6
132510,1
132514,1
132516,3
132518,12
132520,9
132522,6
132524,41
132526,4
132528,7
132530,10
132532,2
132534,3
132537,5
132539,27
132541,7
132543,3
132545,14
132547,38
132549,163
132551,21
132553,2
132555,82
132557,13
132559,11
132561,63
132563,4
132565,7
132567,6
132569,73
132571,5
132573,1
132575,14
132577,37
132579,29
132584,71
132586,7
132588,16
132590,34
132592,13
132594,65
132596,5
132600,8
132602,3
132604,6
132606,2
132608,23
132610,4
132612,3
132614,36
132616,28
132618,34
132622,13
132624,14
132626,33
132628,1
132630,147
132632,131
132634,14
132636,1
132638,30
132640,2
132642,2
132644,4
132646,11
132648,44
132650,83
132652,76
132654,7
132656,36
132658,26
132660,580
132662,3
132664,22
132666,11
132668,3
132672,1
132674,1
132678,4
132682,2
132684,1
132686,1
132688,6
132690,2
132692,2
132694,2
132701,2
132703,3
132711,5
132719,16
132723,4
132727,1
132729,2
132731,1
132735,12
132737,1
132739,5
132741,2
132745,3
132747,12
132749,3
132753,5
132756,2
132758,31
132760,5
132762,2
132764,3
132766,6
132768,1
132770,1
132772,2
132780,1
132782,3
132784,1
132786,1
132788,5
132790,2
132792,7
132794,12
132796,1785
132798,218
132800,235
132804,3
132806,2
132808,3
132812,2
132814,1
132816,1
132818,3
132820,1
132822,1
132824,1
132826,7
132832,11
132834,1
132836,1
132838,1
132840,4
132844,11
132846,35
132850,1
132852,3
132854,1
132856,1
132858,1
132860,1
132862,4
132864,1
132870,3
132872,2
132874,23
132877,2
132879,4
132883,163
132886,3
132888,121
132890,1
132892,2
132894,6
132896,2
132898,5
132900,3
132902,11
132904,2
132906,34
132908,16
132910,16
132912,7
132914,4
132916,16
132918,7
132920,1
132922,15
132924,18
132926,6
132928,1
132930,2
132932,1
132934,3
132936,2
132938,2
132940,2
132942,5
132944,9
132946,1
132948,1
132950,14
132952,57
132954,19
132958,9
132961,449
132965,74
132967,4
132969,12
132971,53
132973,1
132975,4
132977,52
132979,59
132981,8
132983,3
132985,2
132987,10
132989,36
132991,56
132993,8
132995,13
132997,73
132999,1
133001,125
133005,1
133013,1
133015,2
133017,2
133019,3
133021,1
133029,4
133037,8
133045,3
133047,11
133055,5
133057,1
133059,2
133063,1
133065,1
133067,3
133069,2
133071,4
133073,2
133075,3
133077,11
133079,5
133081,2
133083,3
133085,3
133087,9
133089,8
133091,5
133093,4
133095,1
133097,7
133099,1
133101,1
133103,1
133105,2
133107,2
133109,1
133115,3
133117,8
133119,8
133121,15
133123,142
133125,86
133127,118
133129,32
133131,31
133133,62
133135,38
133137,49
133139,107
133141,52
133143,70
133145,66
133147,76
133149,42
133151,71
133153,43
133155,61
133157,41
133159,52
133161,37
133163,57
133165,70
133167,131
133169,88
133171,28
133173,53
133175,12
133177,1
133179,2
133181,2
133183,14
133185,152
133187,1
133189,2
133191,3
133193,1
133195,866
133197,4
133199,22
133201,18
133203,17
133205,59
133207,30
133209,13
133211,1
133213,2
133215,22
133217,20
133219,143
133221,11
133223,9
133225,10
133227,2
133229,44
133231,9
133233,12
133235,8
133237,9
133239,4
133241,15
133243,2
133255,15
133259,4
133262,5
133264,4
133266,1
133270,3
133272,7
133274,2
133276,25
133279,1
133281,165
133283,1
133285,5
133287,2
133289,8
133291,8
133293,12
133295,30
133297,2
133299,3
133301,1
133303,7
133305,12
133307,4
133309,10
133311,3
133313,5
133315,4
133317,3
133319,7
133321,2
133323,9
133325,9
133327,5
133329,2
133331,6
133333,26
133335,15
133337,5
133339,3
133341,1
133343,7
133345,11
133347,36
133349,28
133351,1
133353,8
133355,6
133357,65
133359,1
133361,60
133363,1
133365,20
133367,21
133369,5
133371,33
133373,2
133375,5
133377,219
133379,4
133381,9
133383,45
133385,33
133387,7
133389,122
133391,15
133393,3
133395,3
133397,2
133399,10
133401,6
133404,11
133407,1
133409,1
133413,11
133415,4
133417,31
133419,2181
133421,3
133423,9
133429,5
133437,22
133439,7
133441,11
133443,1
133447,2
133453,2
133455,2
133457,14
133461,1
133463,8
133469,2
133471,1
133473,5
133475,1
133479,4
133481,1
133483,1
133489,1
133493,1
133499,1
133501,1
133503,6
133505,5
133507,1
133509,6
133511,1
133515,3
133517,3
133519,1
133523,3
133525,3
133527,2
133529,2
133531,1
133533,5
133535,1
133539,6
133541,2
133543,5
133545,116
133547,6
133549,2
133551,1
133555,4
133557,3
133559,9
133561,1
133563,4
133565,2
133567,7
133569,4
133571,2
133573,1
133575,5
133577,8
133579,11
133581,19
133583,44
133585,7
133587,4
133591,14
133593,23
133596,5
133600,1
133602,16
133604,1
133606,1
133610,9
133612,1
133614,2
133616,1
133618,3
133620,5
133622,2
133624,3
133626,1
133638,4
133643,10
133645,1603
133647,23
133649,7
133651,2
133653,36
133655,24
133657,4
133659,1
133661,5
133663,1
133665,2
133667,12
133669,1
133671,15
133673,5
133675,4
133677,3
133679,6
133681,1
133689,39
133691,16
133693,15
133695,29
133697,25
133699,43
133701,3
133703,35
133706,1
133708,3
133710,47
133712,323
133714,22
133716,134
133718,4
133720,10
133722,3
133724,4
133727,5
133729,55
133731,42
133733,5
133735,1
133737,2
133739,22
133741,34
133743,19
133745,3
133747,60
133749,4
133751,3
133753,37
133755,2
133757,4
133759,18
133761,2
133763,4
133765,1
133767,95
133769,142
133771,5433
133773,11
133775,6
133778,16
133780,44
133782,243
133784,8
133788,4
133790,2
133792,5
133794,6
133796,3
133798,407
133800,4
133802,480
133804,7
133806,19
133808,11
133810,4
133812,1
133814,6
133816,5
133818,2
133820,3
133822,13
133824,144
133826,16
133828,4
133830,4
133832,280
133835,3
133837,15
133841,1
133845,2
133849,1
133851,4
133853,5
133855,1
133857,3
133859,12
133861,5
133863,3
133865,7
133867,161
133869,98
133871,12
133873,47
133875,5
133877,3
133879,11
133881,15
133883,9
133885,23
133887,24
133889,3
133891,9
133893,19
133895,5
133897,16
133900,4
133902,1
133907,2
133909,3
133911,3
133915,2
133917,2
133919,2
133921,2
133923,6
133925,4
133927,1
133929,2
133933,13
133935,5
133939,3
133941,3
133943,2
133945,101
133949,2
133951,2
133955,1
133957,1
133959,2
133961,3
133964,6
133966,5
133968,2
133970,3
133974,5
133976,9
133980,1
133982,1
133984,1
133986,1
133988,18
133990,11
133992,2
133994,3
134002,1
134004,7
134006,3
134009,1
134011,8
134013,24
134015,4
134017,2
134019,14
134021,131
134023,35
134025,1
134027,2
134029,15
134031,5
134033,4
134035,9
134037,10
134039,4
134041,121
134043,17
134045,25
134049,1
134057,1
134059,6
134061,2
134063,2
134065,1
134069,2
134071,6
134073,34
134075,7
134077,26
134079,17
134081,8
134083,54
134085,29
134087,24
134089,25
134091,4
134093,40
134095,49
134097,6
134099,27
134101,34
134103,3
134105,15
134107,44
134109,187
134111,5
134113,1
134115,41
134117,38
134120,5
134122,14
134124,14
134126,12
134128,1
134130,28104
134132,1
134134,1
134142,3
134150,1
134152,5
134154,7
134156,4
134158,64
134160,3
134162,8
134164,9
134166,4
134168,12
134170,1550
134172,5
134174,2
134176,3
134178,46
134180,62
134182,55
134184,157
134186,1
134188,1
134194,1
134196,1
134200,1
134202,1
134204,162
134206,14
134208,3
134210,4
134212,9
134214,791
134216,1
134220,3
134222,6
134224,1
134226,2
134228,3
134230,80
134232,15
134234,44
134236,32
134238,13
134240,24
134242,4
134244,41
134246,197
134248,258
134250,71
134252,154
134254,1
134256,10
134258,2
134260,6
134262,2
134264,2
134266,1
134268,7
134276,1
134278,7
134280,2
134282,2
134286,1
134290,10
134292,5
134294,2
134296,1
134298,9
134302,2
134304,3
134306,4
134310,1
134312,2
134314,1
134322,1
134324,1
134326,177
134328,3
134330,16
134332,74
134334,60
134336,13
134338,15
134340,6
134342,37
134344,19
134346,1
134348,37
134350,23
134352,6
134354,32
134356,8
134358,6
134360,1
134362,6
134366,2
134368,3756
134370,19
134372,8
134374,240
134376,3
134378,39
134381,4
134383,7
134385,4
134387,1
134389,8
134391,1
134393,1969
134395,3
134398,4
134402,2
134405,2
134407,7
134409,9
134411,3
134413,2
134415,4
134417,1
134423,11
134425,2
134427,9
134429,3
134433,4
134437,2
134443,1
134445,4
134447,8
134449,14
134451,3
134453,4
134455,3
134457,1
134459,1
134461,2
134463,2
134465,2
134467,1
134469,3
134471,5
134473,1
134475,2
134477,1
134479,4
134481,1
134485,2
134487,2
134489,1
134491,1
134493,2
134495,1
134497,1
134499,25
134501,1
134503,13
134505,2
134507,1
134509,18
134511,5
134513,2
134515,38
134517,54
134519,33
134521,19
134524,27
134526,4
134528,511
134530,7
134532,14
134534,3
134536,9
134538,10
134540,3
134542,3
134546,1
134549,14
134551,1
134553,2
134555,17
134557,4
134559,3
134563,30
134565,31
134567,3
134569,166
134571,11
134573,3
134575,52
134577,4
134579,40
134581,3
134583,28
134585,15
134587,46
134589,4
134591,7
134593,15
134595,2
134597,4
134599,7
134601,75
134603,12
134605,4
134607,5
134609,5
134611,8
134613,6
134615,9
134617,1
134619,13
134621,54
134623,1
134625,15
134627,4
134629,15
134631,4
134633,1
134635,3
134637,1
134639,1
134641,7
134643,26
134645,2
134647,2
134649,4
134651,16
134653,3
134655,4
134657,11
134659,58
134661,7
134664,5
134666,10
134673,2
134676,1
134678,6
134680,135
134684,11
134687,1
134693,2
134695,1
134700,3
134702,3
134704,68
134706,34
134708,35
134710,8
134712,14
134714,1
134720,7
134722,15
134726,2
134728,3
134730,1
134743,5
134745,6
134747,24
134749,10
134751,73
134753,1
134755,4
134757,5
134759,5
134761,2
134763,5
134765,5
134767,1
134769,1
134771,5
134775,90
134777,60
134779,27
134781,31
134783,401
134785,22
134789,3
134791,10
134794,3
134796,133
134798,2
134800,13
134802,12
134804,2
134806,7
134808,8
134810,7
134812,18
134815,7
134817,9
134819,26
134821,33
134823,8
134827,11
134829,14
134831,9
134833,32
134835,3
134838,14
134840,1
134843,25
134845,1
134847,23
134849,406
134851,78
134853,21483
134855,12
134857,3
134859,185
134861,37
134863,3
134865,11
134867,81
134869,5
134871,20
134873,1
134875,2
134879,59
134881,546
134883,29
134886,2
134888,1
134892,1
134896,2
134898,2
134900,2
134902,1
134904,2
134906,1
134908,1
134912,1
134915,43
134917,12
134919,3
134921,11
134929,1
134931,2
134935,4
134937,4
134939,5
134941,4
134943,17
134945,77
134947,8
134949,1
134951,7
134953,4
134955,2
134957,7
134959,4
134961,1
134963,9
134965,1
134967,3
134971,7
134973,3
134975,1
134977,1
134979,4
134981,1
134985,3
134991,2
134997,1
135003,2
135005,2
135007,8
135009,3
135013,3
135015,14
135017,2
135019,1
135021,1
135023,28
135025,1
135031,15
135033,12
135035,1
135037,3
135039,1
135041,19
135049,4
135055,4
135057,5
135061,2
135065,4
135067,2
135071,2
135073,1
135077,3
135079,1
135081,2
135083,2
135085,1
135087,2
135095,3
135097,2
135099,4
135103,3
135105,1
135113,8
135117,15
135119,15
135121,8
135123,4
135125,3
135127,88
135129,2
135131,13
135133,6401
135135,101
135137,1640
135141,1487
135143,8005
135147,21
135149,1
135151,3
135153,3
135155,5
135157,7
135159,3
135161,1
135164,6
135166,55
135168,38
135170,16
135172,13
135174,2
135176,2
135178,16
135180,10
135182,34
135184,65
135186,7
135188,10
135190,25
135192,10
135194,11
135196,4
135198,12
135200,4
135202,28
135204,38
135206,11
135208,2
135210,5
135212,15
135214,4
135216,248
135218,4
135220,6
135222,1
135224,12
135226,8
135228,8
135230,5
135232,1
135234,2
135236,3
135238,4
135240,21
135242,22
135244,10
135246,6
135248,58
135250,9
135252,8
135256,8
135258,17
135260,21
135262,7
135264,83
135266,56
135268,43
135270,25
135272,19
135274,68
135276,13
135278,70
135280,23
135282,9
135286,2
135288,733
135290,27
135292,3
135294,4
135296,12
135298,3
135300,7
135304,3
135310,1
135312,2
135314,2
135316,11
135322,1
135324,1
135334,4
135336,1
135338,1
135340,5
135344,1
135348,7
135350,2
135362,1
135364,3
135370,1
135374,1
135378,8
135380,11
135384,9
135386,1
135388,12
135398,5
135400,2
135404,2
135406,4
135408,3
135410,7
135412,4
135414,2
135416,3
135418,2
135420,7
135422,2
135424,4
135426,2254
135430,17
135432,6
135434,7
135436,2630
135438,2
135440,20
135442,169
135444,30
135452,7
135454,31
135456,369
135460,4
135462,17
135464,4
135466,1
135468,2
135470,4
135472,7
135474,2
135476,3
135478,5
135480,9
135484,21
135486,1
135488,28
135490,9
135492,19
135494,12
135498,20
135500,37
135502,105
135504,156
135506,22
135508,40
135510,7
135512,59
135514,5
135516,7
135518,1204
135520,28
135524,4
135526,2
135528,49
135530,380
135532,978
135534,655
135536,5310
135539,12
135541,10
135543,1
135545,3
135547,6
135549,4
135551,3
135553,8
135555,20
135557,37
135559,5
135561,2
135565,3
135567,1816
135569,4709
135571,2
135573,3
135575,3
135577,7
135579,9
135581,8
135583,6
135585,19
135587,7
135589,16
135591,5
135593,11
135595,16
135597,51
135599,40
135601,67
135603,43
135605,4
135607,12
135609,1
135611,1
135613,18
135615,4
135617,2
135619,17
135621,15
135623,39
135625,102
135627,33
135629,7
135631,3
135633,9
135635,3
135637,6
135639,4
135641,5
135643,72
135645,2
135647,4
135649,7
135651,4
135653,12
135655,29
135657,6
135659,11
135663,2
135667,1
135669,7
135671,8
135673,4
135677,10
135679,6
135681,12
135683,1
135687,3
135691,1
135693,53
135695,42
135697,15
135699,4
135701,19
135703,3
135706,6
135709,1
135711,4
135713,1
135715,27
135717,15
135719,4
135725,11
135727,26
135729,15
135731,2
135733,3
135735,5
135737,2
135739,1
135741,11
135743,11
135745,11
135747,7
135749,5
135751,13
135753,87
135755,3
135757,2
135759,30
135761,26
135763,30
135765,34
135767,39
135769,39
135771,20
135773,3
135775,7
135777,49
135779,22
135781,9
135783,20
135785,11
135787,21
135789,20
135791,19
135793,2
135795,25
135797,21
135799,24
135801,7
135803,37
135805,14
135807,9
135809,6
135811,12
135813,7
135815,5
135817,14
135819,2
135821,3
135823,84
135825,38
135827,10
135829,94
135831,66
135833,4
135835,1
135837,5
135839,24
135841,11
135844,4
135846,9
135848,70
135850,17
135852,35
135854,13
135856,3
135859,12
135861,2169
135863,9
135865,11
135867,133
135869,2
135871,5
135873,2
135875,163
135877,37
135881,14
135883,1
135885,387
135887,3225
135889,73
135891,5
135893,6
135895,1
135901,1
135905,2
135907,3
135909,9
135911,2
135913,3
135915,7
135917,1
135919,19
135921,2
135923,3
135925,12
135927,13
135929,10
135931,8
135933,26
135935,1
135937,32
135939,14
135941,21
135943,2
135945,11
135947,10
135949,3
135951,10
135953,80
135955,19
135957,13
135959,18
135961,14
135963,4
135965,12
135967,16
135969,12
135971,25
135974,11
135977,25
135979,51
135981,10
135983,21
135985,1
135987,3
135989,19
135991,41
135993,4
135995,9
135997,5
136000,11
136002,4
136004,2
136006,4
136008,3
136010,7
136012,15
136014,7
136016,1514
136018,1456
136020,5513
136022,20
136024,31
136026,14
136028,1
136030,48
136032,10
136036,1
136038,6
136040,1
136042,2
136044,2
136046,25
136048,6
136050,1
136054,16
136056,1
136058,5
136060,8
136062,5
136064,1
136068,1
136070,5
136072,1
136074,1
136078,11
136080,1
136082,4
136086,10
136088,2
136090,11
136092,9
136096,1
136098,2
136102,1
136106,1
136110,2
136112,7
136116,1
136126,1
136128,2
136142,3
136144,1
136148,9
136154,1
136158,1
136162,3
136164,2
136166,3
136172,1
136174,1
136180,3
136186,1
136188,6
136190,25
136192,19
136194,14
136196,2
136198,12
136200,28
136202,12
136204,204
136206,1
136208,2
136210,7
136212,22
136214,2
136217,33
136219,18
136221,14
136223,4
136225,6
136227,10
136229,17
136231,7
136233,11
136235,9
136237,10
136239,95
136241,5
136243,1
136245,67
136247,213
136249,58
136251,39
136253,29
136255,8
136257,23
136259,18
136261,1
136265,5
136271,2
136273,1
136275,3
136277,3
136279,5
136281,2
136283,3
136285,2
136287,1
136289,3
136291,3
136295,1
136297,27
136299,5
136301,4
136303,3
136305,139
136307,28
136309,37
136311,24
136313,1
136315,1
136319,2
136325,2
136331,55
136333,85
136335,112
136337,146
136339,65
136341,41
136343,77
136345,77
136347,61
136349,49
136351,60
136353,70
136355,33
136357,41
136359,34
136361,24
136363,34
136365,15
136367,15
136369,38
136371,24
136373,47
136375,12
136377,2
136379,3
136381,2
136383,1
136385,1
136395,5
136401,1
136405,1
136411,1
136413,5
136415,2
136419,13
136421,9
136423,9
136425,3
136427,8
136429,8
136431,32
136433,7
136435,3
136437,12
136439,4
136441,63
136443,88
136445,191
136447,276
136449,967
136451,65
136453,14
136455,22
136457,83
136459,81
136461,6
136463,171
136465,10
136467,131
136469,464
136471,82
136473,4
136475,41
136477,211
136479,7
136481,11
136483,53
136485,283
136487,2
136489,11
136491,23
136493,2
136495,60
136497,57
136499,4
136501,82
136503,19
136505,4
136507,2
136509,2
136511,21
136513,20
136515,41
136517,25
136519,18
136521,5
136524,9
136526,2
136528,12
136530,61
136532,3
136534,22
136536,14
136538,110
136540,14
136542,213
136544,3
136546,9
136548,14
136550,15
136552,9
136554,8
136556,134
136558,4
136560,2
136562,1832
136564,390
136566,1
136568,1
136570,1
136572,1
136574,4
136576,20
136578,3
136580,18
136582,3
136584,2
136586,14
136588,159
136590,56
136592,6
136594,3
136596,77
136598,908
136600,14
136602,961
136604,13
136606,13
136608,7
136610,18
136612,6
136614,6
136616,9
136618,35
136620,40
136622,64
136624,66
136626,33
136628,27
136630,13
136632,17
136634,5
136636,35
136638,6
136640,3
136642,52
136644,3
136646,11
136648,12
136650,10
136652,16
136654,28
136656,55
136658,13
136660,7
136662,6
136664,15
136666,43
136668,3
136672,3
136674,12
136676,3
136678,11
136680,19
136682,3
136684,11
136686,35
136688,12
136690,2
136692,7
136694,10
136696,23
136698,44
136702,1
136704,1
136706,2
136708,1
136710,1
136712,20
136714,1
136718,19
136720,1
136722,33
136724,15
136726,6
136728,1
136730,2
136732,9
136734,1
136736,5
136738,4
136740,10
136742,1
136744,2
136746,7
136748,3
136750,2
136752,16
136754,23
136756,9
136758,3
136760,1
136762,2
136764,10
136766,1
136768,4
136770,1
136772,4
136774,12
136776,3
136778,5
136780,3
136782,3
136784,34
136786,39
136788,4
136790,3
136792,2
136794,8
136796,2
136798,91
136800,56
136802,1
136804,12
136806,1
136808,3
136810,6
136812,2
136814,7
136816,20
136818,7
136820,1
136822,11
136824,2
136828,10
136830,5
136832,1
136834,14
136836,2
136838,1
136840,2
136842,2
136844,46
136846,12
136848,5
136850,9
136853,1
136855,2
136857,32
136859,19
136864,4547
136866,5
136868,3
136870,1
136872,1
136874,2
136876,1
136878,1
136880,2
136882,1
136884,3
136886,1
136888,1
136890,25
136892,5
136894,45
136896,4
136898,7
136900,9
136902,2
136904,9
136906,15
136908,10
136910,9
136912,13
136914,3
136916,14
136918,4
136920,22
136922,2
136924,10
136926,50
136928,1
136930,5
136932,25
136934,2
136936,14
136938,35
136940,9
136942,7
136944,2
136946,7
136948,13
136950,4
136952,9
136954,8
136956,32
136958,11
136960,12
136962,10
136964,4
136966,1
136968,1
136970,2
136972,26
136974,10
136976,8
136978,6
136980,9
136982,2
136986,11
136988,3
136990,2
136992,1
136994,4
136996,1
136998,1
137000,6
137002,11
137004,2
137006,3
137008,6
137010,2
137012,5
137014,4
137016,3
137018,1
137020,2
137022,2
137024,3
137026,3
137028,2
137030,2
137032,1
137034,12
137036,7
137038,2
137040,7
137042,4
137044,2
137046,3
137048,1
137050,1
137052,1
137054,2
137056,3
137058,1
137060,3
137062,69
137064,1
137066,4
137068,2
137070,4
137072,5
137074,3
137076,5
137078,1
137082,1
137084,1
137088,2
137090,12
137092,1
137096,8
137098,1
137100,1
137102,4
137104,2
137108,49
137110,7
137112,35
137114,10
137118,2
137122,5
137124,2
137126,1
137128,3
137130,2
137132,3
137134,3
137136,2
137138,3
137140,1
137142,5
137144,2
137146,4
137148,2
137150,12
137152,6
137154,24
137158,1
137162,4
137164,4
137166,2
137168,1
137170,2
137172,4
137174,4
137176,1
137178,1
137180,3
137182,5
137184,2
137186,4
137188,1
137190,4
137192,1
137194,1
137196,13
137198,1
137202,6
137206,2
137210,6
137212,4
137214,2
137218,3
137222,1
137224,3
137226,3
137228,13
137232,1
137234,1
137236,7
137238,2
137240,1
137242,2
137244,3
137246,2
137250,3
137254,3
137256,2
137258,1
137260,3
137262,7
137268,2
137270,8
137274,1
137276,1
137278,53
137280,7
137282,5
137284,3
137286,1
137288,1
137290,9
137292,1
137294,1
137296,92
137299,7
137301,2
137303,11
137305,2
137307,16
137309,2
137311,28
137313,1
137315,13
137317,3
137319,8
137323,3
137325,4
137327,5
137329,1
137331,1
137335,2
137337,905
137339,5
137343,1
137345,15
137347,9
137349,2
137351,5
137353,5
137355,1
137359,2
137361,1
137363,2
137365,33
137367,17
137369,2
137373,1
137375,1
137377,11
137379,1
137381,5
137383,9
137385,13
137387,43
137389,13
137391,19
137393,10
137395,11
137397,19
137399,10
137401,1
137403,5
137405,2
137409,11
137421,2
137423,7
137425,9
137427,1
137431,2
137433,1
137435,1
137437,1
137441,4
137443,2
137445,7
137447,2
137451,2
137453,1
137455,11
137457,76
137459,2
137463,14
137467,1
137469,11
137471,7
137473,6
137475,37
137478,3
137480,3
137482,11
137484,9
137486,3
137488,2
137490,7
137494,5
137496,5
137507,3
137511,1
137513,1
137515,3
137517,12
137521,1
137525,1
137527,5
137529,1
137531,8
137533,1
137535,3
137537,1
137541,2
137543,8
137547,6
137549,10
137551,1
137553,9
137555,1
137557,14
137559,4
137561,26
137563,51
137565,26
137570,7
137572,2
137574,3
137579,16
137581,13
137583,14
137585,13
137587,13
137591,1
137593,2
137595,346
137597,1
137599,1
137601,1
137610,1
137612,5
137614,22
137616,19
137618,4
137620,1
137622,1
137624,2
137626,1
137628,2
137630,2
137632,1
137634,2
137636,7
137638,3
137640,6
137642,4
137644,1
137646,3
137648,2
137650,1
137652,2
137654,4
137658,3
137660,7
137662,2
137664,1
137666,2
137668,2
137670,6
137672,2
137674,2
137682,3
137684,2
137686,2
137688,2
137690,2
137694,5
137696,3
137698,1
137701,6
137703,4
137705,11
137707,3
137709,1
137711,1
137715,5
137717,3
137721,1
137723,5
137725,1
137727,1
137731,1
137733,3
137737,8
137739,2
137741,2
137743,1
137745,1
137747,2
137749,23
137751,6
137755,10
137757,13
137759,29
137761,65
137763,8
137765,3
137767,11
137769,1
137771,4
137773,3
137781,7
137783,3
137785,2
137787,3
137789,2
137791,1
137793,2
137797,8
137799,1
137805,1
137809,2
137813,1
137815,13
137817,1
137819,4
137821,3
137823,11
137825,13
137829,2
137833,2
137835,2
137841,1
137843,1
137847,7
137849,1
137853,4
137855,1
137857,3286
137859,44
137863,169
137865,2
137867,11
137869,3
137871,3
137873,2
137875,2
137879,9
137881,1
137885,4
137887,2
137889,1
137893,1
137895,1
137898,21
137900,34
137902,2
137904,117
137906,25
137908,8
137910,16
137912,1
137914,3
137918,1
137920,15
137922,2
137924,5
137926,2
137930,2
137932,1
137934,1
137936,2
137938,7
137940,1
137942,1
137944,3
137950,2
137952,1
137958,7
137960,1
137962,1
137964,2
137966,1
137968,4
137970,1
137972,1
137974,1
137980,2
137982,2
137984,2
137986,9
137992,2
137994,3
137996,5
137998,1
138000,2
138002,1
138006,2
138008,2
138010,8
138012,3
138014,2
138016,4
138018,2
138020,6
138022,4
138024,10
138026,17
138028,2
138030,11
138032,19
138034,14
138036,5490
138038,8
138042,1
138044,2
138048,1
138054,2
138056,11
138058,1
138062,3
138066,8
138070,9
138072,3
138074,6
138078,1
138080,1
138084,2
138086,3
138090,1
138094,1
138096,2
138098,3
138100,4
138102,1
138104,202
138106,1
138108,2
138110,2
138112,1
138118,4
138120,1
138122,2
138128,5
138132,4
138136,5
138138,2
138140,1
138142,1
138146,3
138148,1
138150,5
138152,8
138154,20
138156,3
138162,1
138164,1
138166,4
138168,4
138170,2
138172,4
138174,2
138180,4
138184,19
138186,5
138188,1
138190,2
138192,2
138196,1
138198,4
138200,14
138202,78
138204,244
138206,3
138208,1062
138210,1536
138212,658
138214,6
138216,4
138218,1
138220,3
138222,3
138224,7
138226,5
138228,1
138230,76
138232,9
138234,9
138236,2
138240,2
138242,2
138246,3
138248,3
138252,1
138254,1
138256,2
138258,18
138260,2
138262,1
138272,4
138274,1
138280,1
138286,1
138290,5
138294,2
138296,1
138298,7
138300,21
138302,1
138304,6
138306,5
138308,4
138310,4
138312,1
138314,3
138316,1
138318,6
138320,3
138322,2
138324,1
138326,1
138328,7
138330,1
138332,1
138334,5
138336,2
138338,5
138340,3
138344,6
138346,10
138348,1
138350,6
138352,2
138354,1
138356,3
138358,3
138360,4
138362,2
138364,1
138366,11
138368,3
138370,7
138372,1
138374,1
138376,4
138378,2
138380,9
138382,1
138386,1
138388,2
138390,2
138392,1
138394,1
138396,5
138398,1
138400,9
138402,23
138406,3
138408,9
138410,1
138412,4
138414,5
138416,61
138420,3
138422,19
138424,7
138426,1
138428,11
138430,2
138432,7
138434,3
138436,1
138438,3
138440,1
138442,3
138444,4
138446,3
138448,3
138450,4
138452,1
138454,2
138456,6
138458,18
138460,9
138462,7
138464,6
138466,2
138468,1
138470,2
138472,1
138474,4
138476,20
138478,2
138480,12
138482,3
138484,2
138486,7
138488,6
138490,1
138492,16
138494,25
138496,4
138498,7
138500,27
138502,1
138504,4
138506,1
138510,2
138514,1
138518,2
138520,4
138522,1
138524,6
138526,9
138528,7
138532,8
138538,3
138540,1
138542,2
138544,2
138546,10
138548,1
138550,1
138552,1
138554,1
138556,2
138558,13
138560,2
138562,1
138564,2
138566,8
138568,2
138570,5
138576,2
138578,1
138580,7
138582,4
138586,6
138592,1
138600,1
138602,23
138606,19
138608,4
138610,113
138612,9
138616,11
138618,3
138620,4
138622,1
138624,3
138626,7
138630,23
138632,47
138634,3
138636,8
138638,12
138640,4
138642,2
138650,14
138652,5
138654,2
138656,2
138660,2
138662,6
138664,1
138666,3
138668,1
138672,3
138674,4
138680,9
138682,11
138684,13
138686,7
138688,5
138690,4
138692,1
138694,4
138696,4
138698,1
138702,806
138706,2
138708,4
138713,3
138719,8
138724,5
138726,5
138728,1
138732,1
138734,1
138738,1
138740,4
138742,2
138744,1
138746,20
138748,6
138750,11
138752,4
138754,14
138758,6
138760,4
138762,1
138770,1
138772,1
138774,6
138776,2
138778,2
138784,4
138788,2
138790,3
138792,2
138794,10
138796,4
138798,58
138800,4
138802,3
138804,15
138806,8
138808,65
138814,2
138816,5
138822,2
138824,2
138828,3
138831,4
138835,181
138837,5
138842,2
138846,3
138850,1
138852,3
138854,1
138863,2
138868,14
138870,13
138874,1
138876,4
138878,4
138881,1
138890,5
138892,9
138894,4
138896,2
138898,48
138904,2
138908,15
138912,1
138914,12
138916,22
138921,7
138923,8
138927,3
138929,3
138935,5
138940,8
138942,7
138944,57
138946,1
138948,1
138950,4
138952,45
138954,4
138958,2
138960,8
138962,16
138964,6
138966,9
138968,2
138972,1
138974,1
138976,3
138978,5
138980,3
138982,2
138984,1
138988,2
138990,2
138992,1
138994,6
138998,1
139000,2
139002,2
139008,2
139010,3
139012,6
139014,6
139016,2
139018,2
139020,22
139022,3
139026,10
139028,14
139030,3
139032,8
139034,10
139036,6
139040,4
139042,13
139044,2
139046,45
139048,9
139050,3
139052,245
139054,2
139056,60
139058,3
139060,5
139062,5
139064,11
139066,2
139068,21
139072,1
139074,2
139076,6
139078,6
139080,7
139082,7
139084,50
139086,39
139088,8
139090,95
139092,25
139096,5
139098,63
139100,64
139102,33
139104,8
139106,72
139108,37
139110,2
139112,4
139114,39
139116,38
139118,4
139120,341
139122,5
139124,47
139126,9
139128,17
139130,223
139132,8
139134,23
139136,5
139138,10
139140,8
139142,1
139144,2
139148,138
139150,9
139153,1
139155,1
139157,6
139159,6
139173,2
139175,6
139177,3
139181,2
139183,5
139185,1
139187,3
139189,1
139195,61
139197,2
139199,2
139201,2
139203,2
139205,63
139207,46
139209,4
139211,2
139213,18
139215,2
139217,4
139219,18
139223,5
139225,1
139229,6
139231,1
139233,2
139235,3
139237,3
139239,5
139241,5
139243,6
139245,4
139249,6
139251,1
139253,2
139257,8
139259,5
139263,5
139269,1
139273,1
139275,5
139277,3
139279,1
139281,3
139283,1
139285,4
139287,2
139289,1
139291,3
139293,1
139295,1
139299,5
139301,9
139305,1
139307,2
139309,5
139311,6
139313,9
139315,3
139317,56
139319,1
139321,2
139323,5
139325,10
139327,16
139329,7
139331,9
139335,2
139341,12
139343,1
139347,3
139349,1
139355,2
139359,2
139361,7
139363,1
139367,1
139369,3
139371,4
139373,4
139377,4
139379,6
139383,4
139385,11873
139387,2
139389,2
139393,1
139395,1
139397,3
139399,4
139401,3
139403,6
139405,5
139407,3
139409,7
139411,2
139413,11
139415,595
139417,271
139419,91
139421,24
139423,29
139425,2
139429,2
139433,1
139435,1
139439,1
139441,2
139445,4
139447,3
139451,1
139453,1
139455,8
139457,2
139459,3
139461,6
139463,4
139467,2
139469,5
139471,1
139473,1
139475,1
139477,2
139485,3
139487,1
139489,4
139491,1
139493,7
139495,41
139497,9
139499,5
139501,12
139503,4
139505,5
139507,24
139509,5
139511,27
139513,15
139515,8
139517,32
139519,27
139521,30
139523,4
139525,186
139529,12
139531,2
139533,6
139537,4
139539,14
139541,4
139545,2
139547,2
139549,4
139551,1
139553,61
139555,3
139557,4
139559,8
139561,2
139565,1
139567,3
139569,3
139571,2
139573,1
139575,226
139578,3
139580,4
139584,47
139586,5
139588,15
139590,1
139592,2
139594,1
139598,8
139600,2
139602,6
139604,2
139606,19
139608,53
139610,1
139612,7
139614,4
139616,3
139618,1
139620,63
139622,16
139624,11
139626,14
139628,1
139630,2
139632,8
139634,53
139636,25
139640,37
139642,1448
139644,7983
139647,2
139649,3
139651,7
139653,7
139655,599
139657,2
139659,3
139661,1
139663,7
139665,1
139667,1
139669,2
139675,2
139677,1
139681,1
139683,3
139687,6
139689,1
139691,1
139693,5
139697,2
139699,2
139701,3
139703,1
139705,3
139707,2
139711,2
139713,57
139715,24
139717,8
139719,9
139721,281
139723,67
139725,1
139727,14
139729,1
139731,16
139733,3
139735,1
139737,4
139741,5
139743,2
139745,9
139747,384
139751,7
139753,3
139755,5
139757,199
139759,30
139761,22
139763,4
139765,2
139769,4
139771,8
139773,4
139775,34
139777,4
139779,10
139781,1
139783,13
139785,3
139789,1
139793,7
139795,25
139797,28
139799,24
139801,11
139803,20
139805,19
139807,2
139811,10
139813,5
139817,5
139819,11
139821,3
139823,3
139825,18
139827,3
139829,6
139831,9
139835,14
139837,5
139839,1
139841,3
139843,8
139845,7
139847,67
139849,6
139851,1
139853,5
139855,1330
139857,334
139859,137
139861,114
139863,125
139865,3
139867,2
139869,17
139871,11
139873,7
139875,2
139877,2
139879,29
139881,2
139883,6
139885,1
139889,3
139891,3
139893,3
139895,1
139897,2
139899,4
139901,1
139903,2
139905,2
139907,6
139909,5
139911,2
139913,12
139915,76
139918,6
139920,6
139922,3
139928,1
139934,1
139936,2
139938,15
139940,3
139948,4
139950,3
139952,1
139958,4
139960,8
139964,2
139966,10
139968,1
139970,1
139974,7
139976,8
139978,12
139980,3
139982,14
139986,7
139988,6
139990,3
139992,10
139994,8
139996,6
139998,1
140000,15
140002,2
140004,3
140006,8
140012,7
140014,2
140016,17
140018,1
140020,1
140024,12
140026,2
140032,1
140034,9
140036,21
140038,65
140040,7
140042,6
140046,4
140048,2
140050,2
140054,10
140056,9
140062,1
140064,2
140068,2
140070,4
140072,2
140074,80
140076,10
140078,16
140080,12
140082,5
140084,13
140086,7
140088,14
140090,3
140092,1
140094,1
140096,17
140098,5
140100,2
140104,7
140106,176
140108,33
140110,4934
140112,4
140115,38
140119,1
140121,1
140123,4
140125,3
140127,4
140129,1
140131,126
140133,27
140135,5
140137,7
140140,4
140142,4
140144,7
140146,44
140148,14
140150,17
140152,11
140154,7
140156,4
140158,4
140160,225
140162,443
140164,1
140166,9
140168,5
140170,7
140172,1
140174,6391
140178,1
140182,2
140184,7
140186,12
140188,14
140190,16
140192,1
140194,2
140196,21
140198,9
140200,1
140204,15
140206,1
140208,16
140210,7
140212,101
140214,15
140216,2
140218,3
140220,1
140222,1
140224,9
140226,1
140228,41
140233,2
140235,6
140237,32
140239,36
140241,3
140243,3
140245,18
140247,2061
140249,4
140253,1
140255,1
140257,2
140261,10
140263,2
140265,247
140267,4060
140269,26
140271,6
140273,1
140275,27
140277,3
140279,16
140281,7
140283,13
140289,104
140291,54
140293,19
140295,19
140297,18
140299,23
140301,114
140303,4
140305,1
140307,1
140309,28
140311,19
140313,5
140315,40
140317,2
140319,6
140321,9
140323,11
140325,17
140327,4
140329,15
140331,2
140333,11
140335,8
140339,66
140341,233
140343,3
140345,16
140347,6
140349,46
140351,7
140353,4
140355,8
140357,5
140361,9
140363,3
140365,22
140367,41
140369,2
140371,3
140373,1
140375,4
140377,2
140379,9
140381,7
140383,52
140385,2
140387,1
140389,2
140391,10
140393,14
140395,2
140397,38
140399,12
140401,9
140403,5
140405,12
140407,4
140411,3
140413,6
140415,5
140417,9
140419,5
140421,2
140423,15
140425,2
140427,1
140429,2
140431,2
140433,3
140435,9
140437,1
140439,3
140441,27
140443,11
140445,6
140447,13
140449,4
140451,10
140453,5
140455,2
140457,6
140459,14
140461,18
140463,1
140465,11
140467,2
140469,10
140471,7
140473,13
140475,13
140477,18
140479,1
140481,288
140483,3
140485,1
140487,3
140489,5
140491,30
140493,4
140495,2
140497,3
140499,7
140501,3
140503,5
140505,1
140507,8
140509,2
140511,74
140513,1
140515,12
140517,6
140519,4
140521,7
140523,1274
140525,240
140527,5
140529,371
140531,1
140533,4
140535,6
140537,7
140539,27
140541,18
140543,4
140545,42
140547,17
140549,15
140551,35
140553,33
140555,5
140557,6
140559,12
140561,21
140563,3
140565,34
140567,2
140569,5
140571,7
140573,2
140575,7
140577,2
140579,24
140581,59
140583,2
140585,2
140587,3
140589,1
140591,2
140593,6
140597,1
140605,1
140607,1
140615,3
140617,21
140619,12
140621,10
140623,5
140627,94
140629,11
140631,17
140633,2
140635,9
140637,4
140639,1
140641,3
140645,2
140647,3
140649,7
140651,4
140653,8
140655,9
140657,4
140659,9
140661,2
140665,8
140667,2
140669,1
140679,2
140681,6
140683,3
140685,1
140687,2
140689,17
140693,4
140695,1
140697,1
140699,13
140701,58
140703,17
140705,2
140707,16
140709,37
140711,1210
140713,461
140715,2238
140717,5
140719,5
140721,8
140723,4
140725,285
140729,4
140731,6
140733,12
140737,430
140739,4
140741,3
140743,9
140745,3
140747,110
140749,4
140751,8
140753,6
140755,4
140757,9
140759,17
140761,1
140763,4
140765,5
140767,2
140769,94
140773,36
140775,2
140777,24
140779,4
140781,1
140783,1
140785,2
140787,12
140789,9
140791,5
140793,4
140795,36
140797,19
140799,32
140801,2
140803,1
140805,148
140807,38
140809,61
140811,35
140814,9
140816,561
140818,10
140820,109
140822,7
140824,1
140828,3
140830,7
140832,6
140834,1
140836,2
140838,18
140840,14
140842,8
140844,47
140846,14
140848,8
140850,33
140852,34
140854,5
140856,19
140858,3
140860,7
140862,63
140864,7
140866,9
140868,28
140870,6
140872,6
140874,18
140876,7
140878,31
140880,11
140882,10
140884,3
140886,1
140888,1
140890,5
140896,3
140904,2
140908,1
140910,1
140912,4
140916,16
140922,2
140924,1
140926,5
140928,1153
140932,18
140934,2
140936,7
140938,19
140940,20
140942,70
140944,24
140946,25
140948,2
140950,1
140954,15
140956,5971
140958,19
140960,4
140962,17
140964,2
140972,2
140974,4
140976,4
140978,2
140984,2
140986,1
140988,5
140990,6
140992,1
140994,2
140996,4
141000,4
141002,10
141004,453
141006,20
141008,5
141010,3
141012,4
141014,2
141016,6
141018,17
141020,1
141022,1
141026,1
141028,1
141032,3
141036,17
141038,55
141040,1
141042,1
141044,3
141046,9
141050,72
141052,1
141054,6
141056,7
141058,48
141060,73
141062,4
141064,1
141068,6
141072,10
141078,5
141084,5
141088,1
141090,1
141092,2
141094,1
141096,2
141098,24
141100,3
141102,6
141104,18
141106,4
141108,14
141110,7
141112,3
141114,15
141116,7
141118,2
141120,12
141122,1
141124,5
141126,7
141129,18
141131,112
141133,26
141135,34
141137,15
141139,58
141141,1
141149,2
141152,4
141154,6
141156,3
141158,19
141162,22
141166,86
141168,1
141170,2
141175,10
141177,6
141179,3
141181,1
141185,1
141189,5
141191,2
141195,4
141199,11
141201,4
141203,4
141205,6
141207,2
141214,6
141216,10
141219,8
141242,9
141245,2
141251,86
141260,3
141262,1
141264,1
141269,2
141271,6
141273,2
141275,2
141277,2
141279,1
141283,2
141286,1
141288,1
141292,1
141294,1
141297,1
141299,13
141301,7
141303,2
141305,3
141307,1
141309,10
141311,8
141313,1
141315,8
141317,2
141319,6
141321,14
141323,3
141325,1
141327,8
141329,1
141333,7
141341,6
141345,3
141347,1
141349,4
141351,1
141353,4
141355,5
141357,4
141359,5
141361,17
141363,15
141365,4
141367,23
141369,6
141371,7
141373,21
141375,4
141377,1
141379,6
141381,1
141383,3
141385,10
141387,5
141389,19
141391,5
141393,47
141395,59
141397,211
141400,13
141402,72
141404,4
141406,1
141408,344
141410,3
141412,9
141414,13
141416,28
141418,40
141420,118
141422,333
141424,5
141426,4
141428,28
141430,7
141432,127
141434,3
141436,1
141438,3
141440,9
141442,2
141444,8
141446,7
141448,11
141450,4
141452,26
141454,1
141456,14
141458,1
141460,2
141462,13
141464,1
141466,2
141468,11
141470,3
141472,4
141474,20
141478,2
141480,7
141483,1
141485,17
141487,11
141491,3
141493,86
141495,21
141497,5
141501,10
141505,29
141509,18
141511,4
141513,20
141515,12
141517,12
141520,36
141522,7
141524,3
141526,8
141528,1
141530,9
141532,2
141534,4
141536,60
141538,53
141542,6
141544,435
141546,16
141550,12
141552,25
141554,11
141556,10
141558,9
141560,2
141564,8
141570,3
141573,1
141575,1
141578,1
141580,1
141583,3
141588,12
141590,7
141592,4
141594,1
141598,2
141602,2
141606,4
141608,7
141610,4
141614,5
141616,2
141618,2
141620,4
141622,9
141626,1
141628,10
141630,17
141632,2
141634,22
141636,17
141638,2
141642,31
141644,14
141646,10
141648,202
141650,6
141652,2
141654,5
141656,11
141658,4
141660,4
141662,4
141664,2
141666,7
141668,104
141670,17
141672,6
141674,41
141676,151
141678,1
141680,1
141682,3
141684,22
141686,1
141688,1151
141690,40
141692,28
141694,4
141698,39
141700,5
141702,194
141704,18
141706,2
141708,1
141710,5
141712,37
141714,72
141716,5
141718,235
141722,5
141725,19
141727,8
141729,10
141731,4
141733,4
141735,10
141737,3
141739,3
141741,2
141743,4
141745,2
141747,1
141749,1283
141751,5
141755,2
141757,3
141761,91
141763,3
141765,3
141767,9
141769,2
141771,3
141773,1
141777,2
141779,2
141785,1
141793,2
141795,7
141797,20
141799,211
141801,2
141804,18
141806,62
141808,4
141810,76
141812,71
141814,6
141816,132
141818,150
141820,40
141822,67
141824,12
141826,105
141828,4
141830,114
141832,18
141834,33
141836,62
141838,8
141840,46
141842,4
141844,197
141846,123
141848,2
141850,9
141852,15
141854,18
141856,8
141858,2
141860,4
141862,5
141864,19
141866,2148
141868,22
141870,14
141872,4
141874,59
141878,1
141880,7
141882,2
141884,10
141886,18
141888,3
141890,1049
141892,1
141894,1
141896,6
141898,3
141900,2
141902,14
141904,5
141908,7
141910,8
141912,25
141916,11
141918,22
141920,5
141922,5
141924,249
141926,46
141928,63
141930,8
141932,4
141934,5
141936,2
141938,4
141940,20
141942,44
141944,7
141946,247
141948,1
141950,73
141952,13
141954,26
141956,35
141958,10
141960,21
141962,8
141964,25
141966,1
141968,27
141970,28
141972,23
141974,4
141976,28
141978,5
141980,2
141982,19
141984,12
141986,11
141988,14
141990,17
141992,3
141994,35
141996,6
141998,3
142002,2
142004,1
142008,1
142010,1
142012,4
142016,1
142018,3
142020,54
142022,3
142028,4
142030,3
142032,275
142034,2
142036,1
142038,11
142040,5
142042,7
142044,3
142046,3
142048,1
142050,7
142052,28
142054,6
142056,25
142058,157
142060,10
142062,24
142064,17
142066,18
142068,7
142070,59
142072,40
142074,442
142076,6
142078,7
142080,8
142082,75
142084,90
142086,26
142088,3
142090,6
142092,4
142094,8
142096,11
142098,8
142100,5
142104,1
142106,15
142108,2
142110,50
142113,60
142115,1061
142117,27
142119,1
142124,10
142126,10
142128,1
142136,1
142138,1
142142,9
142146,6
142148,17
142150,19
142152,10
142154,5
142156,5
142158,119
142160,1
142162,3
142164,4
142166,2
142168,3
142170,2
142172,7
142174,1
142176,2
142178,4
142180,1
142182,18
142184,98
142186,4
142188,8
142190,8
142192,6
142194,3
142196,13
142198,21
142200,10
142202,3
142204,53
142206,6
142210,75
142212,41
142214,4
142216,1
142218,24
142222,885
142224,1
142226,35
142228,40
142230,3
142232,5
142234,4
142236,13
142238,11
142240,21
142242,6
142244,4
142246,8
142248,5
142250,3
142252,2
142254,5
142256,1
142258,86
142260,4
142262,2
142264,5
142266,22
142268,5
142270,1
142272,8
142274,2
142276,2
142278,2
142280,6
142284,1
142286,18
142288,1
142292,3
142294,2
142300,3
142302,4
142308,4
142314,3
142318,2
142322,1
142326,2
142330,3
142332,2
142334,5
142336,12
142338,15
142342,5
142344,2
142346,7
142348,14
142352,6
142354,5
142356,13
142358,10
142360,6
142362,8
142364,41
142366,79
142370,3
142372,139
142374,58
142376,8
142378,5
142380,1
142382,37
142384,25
142386,143
142388,25
142396,3
142408,10
142410,1
142412,3
142414,2
142416,5
142418,3
142420,555
142422,520
142424,192
142426,35
142428,1
142432,7
142434,2
142436,18
142438,4
142440,8
142442,16
142444,31
142446,2
142448,1560
142450,128
142452,116
142454,1
142456,356
142458,3
142460,13
142462,1
142464,1
142466,2
142468,5
142470,5
142472,28
142474,5
142476,3
142478,1
142482,27
142484,1
142486,16
142488,8867
142490,20
142492,445
142494,1
142496,2
142498,1
142503,101
142505,7
142507,485
142509,1043
142511,3
142513,20
142515,6
142517,2
142519,17
142521,1
142523,4
142525,2
142527,7
142529,9
142532,7
142534,46
142536,767
142538,62
142540,82
142542,22
142544,1
142546,21
142548,3
142550,22
142552,2
142554,1
142556,1
142558,13
142560,6
142562,9
142564,9
142566,53
142568,18
142570,12
142572,4
142574,54
142576,7
142578,21
142582,1
142584,10
142586,4
142588,4
142590,12
142596,17
142598,222
142600,5
142602,91
142604,113
142606,13
142608,20
142610,1
142612,1
142614,8
142616,2
142618,24
142620,2
142624,4
142626,1
142628,62
142630,2
142632,10
142634,1
142636,6
142638,2
142640,1
142642,1
142644,8
142648,1
142650,1
142652,11
142654,4
142656,2
142659,2
142663,14
142665,3
142667,10
142669,4
142671,1
142675,21
142677,38
142679,6
142681,2
142683,17
142685,6
142689,3
142691,24
142695,14
142697,2
142699,1
142701,6
142703,2
142705,3
142707,6
142709,2
142717,8
142721,26
142723,6
142727,12
142731,3
142733,5
142740,6
142742,9
142744,4
142746,15
142748,2
142751,2
142754,6
142758,4
142761,3
142763,3
142765,100
142767,2
142770,10
142778,2
142780,9
142782,1
142788,6
142791,31
142793,1
142795,2
142797,9
142799,41
142801,12
142803,12
142805,7
142807,2
142809,1
142811,17
142813,18
142815,1
142817,12
142819,35
142821,14
142823,34
142825,3
142827,22
142829,22
142831,33
142833,31
142835,8
142837,11
142839,17
142841,19
142843,79
142845,8
142847,13
142849,16
142851,7
142853,1
142855,1
142857,19
142859,5
142861,57
142863,19
142865,15
142867,53
142869,11
142871,15
142873,9
142875,24
142877,10
142879,8
142881,3
142883,5
142885,17
142887,3
142889,1
142891,6
142893,2
142895,1
142897,21
142899,2
142901,9
142903,2
142905,5
142907,6
142909,28
142911,50
142913,4
142915,9
142917,23
142919,6
142921,3
142923,7
142925,110
142927,23
142929,41
142931,3
142933,4
142935,22
142937,4
142939,6
142941,3
142943,22
142945,7
142947,20
142949,12
142951,4
142953,19
142955,6
142957,1
142959,3
142961,23
142963,19
142965,2
142967,3
142969,57
142971,2
142973,9
142975,29
142977,2
142979,6
142981,5
142983,4
142985,4
142987,2
142989,3
142991,13
142993,71
142995,6
142997,1898
142999,237
143001,8
143003,10
143005,7
143007,6
143009,39
143011,16
143013,6
143015,3
143017,3
143019,3
143021,1
143023,14
143025,15
143027,21
143029,34
143031,68
143033,34
143035,66
143037,2
143039,6
143041,7
143043,18
143045,4
143047,7
143049,3
143053,32
143055,4
143057,7
143059,3
143061,17
143063,2
143065,8
143067,4
143069,33
143071,7
143076,5
143078,1
143082,3
143086,3
143089,3
143091,5
143093,1
143096,3
143098,7
143103,3
143105,1
143108,1
143111,2
143113,9
143115,6
143117,2
143119,3
143126,1
143128,8
143133,1
143135,1
143137,1
143141,4
143147,1
143150,2
143152,1
143154,5
143156,4
143158,5
143160,7
143162,1
143164,3
143168,7
143172,1
143174,1
143178,5
143180,6
143183,3
143185,5
143187,2
143192,2
143194,2
143197,17
143199,54
143201,2
143203,22
143205,3
143207,10
143209,100
143211,1
143215,3
143217,2
143221,1
143223,2
143231,19
143233,7
143235,3
143237,78
143239,84
143241,2
143243,3
143245,838
143247,5
143249,28
143251,1
143253,8
143255,18
143257,138
143259,11
143261,1
143263,7
143265,2
143267,5
143269,1
143271,163
143273,18
143275,69
143277,1
143279,4
143281,1
143283,9
143285,5
143287,4
143295,3
143297,3
143299,5
143301,2
143303,1
143305,15
143307,4
143309,83
143311,17
143313,1
143315,8
143317,23
143319,8
143321,2
143323,1
143327,2
143329,2
143331,4
143333,5
143335,10
143337,1
143339,5
143341,14
143345,2649
143347,2600
143355,7710
143361,115
143363,15
143365,928
143367,1114
143369,81
143371,2
143373,3
143377,36
143379,4
143381,1
143383,6
143385,5785
143387,649
143389,84
143391,4
143395,1
143397,1
143404,27
143406,5
143408,15
143410,56
143412,10
143414,4
143416,8
143418,6
143420,16
143422,1
143424,1
143426,5
143428,3
143430,6
143432,4
143434,3
143436,16
143438,2
143440,85
143442,1
143444,232
143446,3
143448,2
143450,3
143452,3
143454,3
143456,6
143458,39
143460,1
143462,55
143464,12
143466,10
143468,3
143470,7
143472,56
143474,14
143476,373
143478,3
143480,6
143482,3
143486,6
143488,2
143490,2
143492,3
143494,2
143496,6
143498,2
143500,8
143502,2
143504,1
143506,30
143508,1
143511,161
143515,36
143517,21
143519,30
143521,7
143523,20
143525,3
143527,5
143529,2
143531,54
143535,2
143539,1
143541,2
143543,3
143545,6
143547,104
143549,3
143551,2
143553,21
143555,3
143557,1
143559,6
143561,6
143563,2
143565,4
143567,3
143571,4
143575,4
143577,3
143579,1
143581,4
143583,4
143585,8
143587,9
143593,1
143595,5
143599,11
143609,1
143611,1
143613,1
143615,1
143617,1
143619,1
143621,2
143623,2
143625,2
143627,1
143629,5
143631,2
143633,2
143635,7
143637,13
143639,2
143641,5
143643,6
143645,11
143647,153
143649,4
143651,6
143653,28
143655,2
143657,1560
143659,3
143661,1
143663,7
143666,3
143668,7
143679,3
143681,5
143683,3
143685,5
143687,3
143689,10
143691,1
143693,1
143695,14
143697,3
143699,1
143701,1
143703,13
143705,2
143707,4
143709,29
143711,2
143713,40
143715,28
143717,2
143719,1
143721,2
143723,1
143725,2
143727,1
143729,3
143733,2
143739,1
143741,2
143747,1
143749,1
143753,4
143755,5
143757,6
143759,1
143761,3
143769,1
143773,1
143775,4
143777,3
143779,3
143781,5
143783,2
143785,1
143787,2
143789,5
143791,6
143795,1
143797,2
143799,2
143801,1
143803,9
143805,3
143807,5
143809,1
143811,1
143813,8
143815,8
143819,2
143821,2
143823,4
143825,2
143827,3
143829,3
143831,10
143833,1
143835,8
143843,5
143849,3
143851,1
143853,4
143855,1
143857,3
143859,2085
143861,5
143863,21
143866,10
143868,70
143870,11
143872,3
143874,16
143876,3
143878,9
143880,24
143882,10
143884,16
143886,27
143888,1
143890,21
143892,5
143894,8
143896,21
143898,23
143900,1
143902,4
143906,6
143910,7
143912,4
143914,4
143916,3
143919,2
143930,4
143932,1
143935,2
143937,3
143942,1
143946,1
143948,1
143950,1
143957,7
143959,14
143961,5
143963,1
143965,2
143967,1
143969,522
143972,3
143974,12
143976,2
143980,7
143986,11
143990,89
143994,1
143998,15
144003,3
144005,9
144008,2
144011,1
144013,5
144015,1
144017,2
144020,2
144022,22
144025,2
144027,3
144029,12
144031,2
144033,2
144035,2
144037,1
144042,1
144048,2
144050,63
144052,5
144054,1
144056,6
144058,19
144060,7
144062,28
144064,48
144066,43
144068,7
144070,11
144072,21
144074,2
144080,1
144082,1
144084,4
144088,4
144092,5
144094,9
144096,2
144098,1
144102,1
144108,1
144110,1
144112,2
144114,1
144118,1
144124,1
144128,1
144132,1
144134,41
144136,4
144138,60
144140,4
144142,3
144144,2
144146,5
144148,6
144150,12
144152,12
144154,14
144158,18
144160,1
144162,2
144164,3
144166,2
144168,5
144170,6
144172,288
144174,18
144176,3
144178,2
144180,4
144182,53
144184,1
144186,12
144188,2
144190,4
144192,5
144194,16
144196,28
144198,17
144200,2
144202,4
144204,22
144206,21
144208,2
144210,13
144212,14
144214,2
144216,29
144218,4
144220,2
144222,27
144224,105
144226,5
144228,19
144230,11
144234,2
144236,4
144238,1
144240,2
144242,1
144244,2
144246,1
144248,12
144250,5
144254,10
144256,11
144258,22
144260,11
144262,46
144264,16
144266,21
144268,27
144270,14
144272,14
144274,15
144276,20
144278,12
144280,23
144282,19
144284,24
144286,27
144288,19
144290,11
144292,18
144294,32
144296,28
144298,41
144300,13
144302,27
144304,10
144306,9
144308,11
144310,15
144312,11
144314,9
144316,9
144318,9
144320,9
144322,11
144324,11
144326,9
144328,11
144330,10
144332,10
144334,11
144336,4
144338,9
144340,12
144342,9
144344,10
144346,10
144348,45
144350,18
144352,34
144354,17
144356,23
144358,14
144360,16
144362,28
144364,12
144366,17
144368,12
144370,15
144372,10
144374,21
144376,14
144378,21
144380,15
144382,49
144384,9
144386,9
144388,7
144390,10
144392,9
144394,10
144396,9
144398,49
144400,13
144402,20
144404,13
144406,21
144408,19
144410,23
144412,23
144414,17
144416,25
144418,24
144420,19
144422,37
144424,20
144426,64
144428,12
144430,29
144432,19
144434,15
144436,21
144438,15
144440,23
144442,15
144444,25
144450,3
144452,2
144456,1
144460,5
144462,1
144464,10
144466,12
144468,11
144470,12
144472,14
144474,9
144476,3
144478,12
144480,7
144482,939
144484,2
144486,11
144488,10
144490,18
144492,12
144494,17
144496,19
144498,19
144500,23
144502,25
144504,18
144506,13
144508,21
144510,20
144512,21
144514,18
144516,20
144518,14
144520,11
144522,18
144524,44
144526,19
144528,1
144530,16
144532,63
144534,16
144536,20
144538,30
144540,48
144542,21
144544,12
144546,13
144548,13
144550,28
144552,9
144554,11
144556,32
144558,11
144560,10
144562,14
144564,10
144566,10
144568,19
144570,10
144572,13
144574,16
144576,12
144578,16
144580,39
144582,11
144584,9
144586,11
144588,11
144590,11
144592,2
144594,11
144596,9
144598,11
144600,9
144602,11
144604,19
144606,410
144608,12
144610,12
144612,24
144614,26
144616,5
144618,60
144620,807
144622,8
144626,11
144630,1
144632,138
144634,32
144636,38
144640,9
144642,9
144644,15
144646,2
144648,5
144650,12
144652,3
144654,11
144656,55
144658,5
144660,2
144662,7
144664,16
144666,1
144668,9
144670,7
144672,8
144674,2
144676,5
144678,8
144680,10
144682,17
144684,7
144686,23
144688,29
144690,28
144692,6
144694,16
144696,25
144698,80
144700,14
144702,2
144704,8
144706,6
144708,15
144710,10
144712,12
144714,39
144716,119
144718,7
144720,1
144722,1
144724,6
144728,2
144734,114
144736,2
144738,33
144740,1
144742,4
144746,15
144748,2
144750,5
144752,9
144754,1
144756,14
144758,7
144760,84
144762,97
144764,6
144766,2
144768,2
144770,15
144772,5
144774,4
144776,3
144778,3
144780,2
144782,40
144784,53
144786,9
144788,1
144790,5
144792,1
144796,1
144798,3
144800,1
144802,1
144804,2
144812,2
144814,1
144816,1
144820,1
144822,1
144826,1
144828,2
144832,1
144834,1
144842,1
144846,1
144848,3
144850,5
144852,1
144858,17
144860,3
144862,1
144864,1
144866,2
144870,1
144876,1
144880,3
144882,1
144884,1
144886,1
144888,2
144890,1
144894,7
144896,3
144902,1
144906,1
144910,29
144912,2
144914,4
144916,3
144918,2
144920,8
144922,4
144924,2
144926,5
144928,3
144930,6
144932,3
144934,34
144936,2
144938,18
144940,9
144942,2
144950,6
144952,2
144956,22
144958,2
144960,1
144962,28
144964,10
144966,10
144968,3
144970,10
144972,6
144974,4
144976,1228
144980,6
144982,221
144984,33
144986,9
144988,4
144990,4
144992,6
144994,7
145004,7
145006,6
145008,1
145010,10
145012,1
145014,18
145016,1
145022,11
145024,1
145026,1
145028,58
145030,152
145032,5
145034,12
145036,2
145038,3
145040,1
145042,4
145044,1
145046,2
145048,4
145050,6
145052,13
145054,2
145056,19
145058,30
145060,4
145062,2
145064,126
145066,67
145070,174
145072,11
145074,8
145076,2
145078,3
145080,44
145082,14
145084,6
145088,26
145090,1
145092,3
145094,69
145096,72
145098,1
145100,13
145102,2
145106,3
145108,11
145110,9
145112,39
145114,3
145116,3
145118,13
145120,14
145122,3
145124,1
145126,4
145128,1
145130,5
145132,31
145134,1
145136,1
145138,1
145140,67
145142,56
145144,5
145146,45
145148,1
145150,417
145152,1
145154,1
145156,3
145158,4
145160,5
145162,13
145164,2
145168,46
145170,21
145172,22
145174,14
145176,18
145178,13
145180,54
145182,11
145184,10
145186,16
145188,17
145190,6
145192,22
145194,27
145196,11
145198,12
145200,19
145202,12
145204,8
145206,25
145208,14
145212,3
145216,2
145218,39
145220,8
145222,1
145224,3
145226,4
145228,2
145230,3
145232,4
145235,11
145237,5
145240,1
145242,6
145244,2
145246,8
145248,3
145250,1
145252,1
145255,4
145257,2
145260,1
145264,2
145275,1
145277,4
145279,7
145281,7
145283,12
145285,8
145288,1
145290,2
145299,16
145303,3
145307,13
145312,5
145315,1
145317,2
145320,6
145322,1
145324,2
145326,2
145330,1
145333,4
145335,7
145340,5
145342,13
145344,19
145346,2
145360,9
145362,4
145364,8
145370,2
145372,12
145374,10
145376,3
145378,1
145380,4
145382,3
145384,110
145388,13
145390,19
145392,1
145394,14
145396,4
145398,3
145400,8
145402,6
145404,3
145406,2
145408,2
145410,1
145412,1
145414,2
145416,1
145418,925
145420,3
145422,7
145424,2
145426,1
145428,2
145430,1
145432,3
145434,2
145438,1
145440,1
145442,1
145444,2
145446,1
145450,1
145452,1
145456,3
145462,1
145466,5
145468,55
145470,1
145472,2
145474,9
145476,1
145482,2
145487,23
145489,40
145491,42
145493,31
145496,5
145498,1
145500,5
145502,8
145504,8
145506,9
145508,5
145510,14
145512,3
145514,48
145518,2
145520,27
145522,21
145524,18
145526,1
145528,1
145532,1
145534,1
145538,1
145546,1
145556,1
145558,8
145562,1
145564,3
145566,2
145570,4
145572,18
145574,2
145576,7
145578,10
145584,39
145586,6
145588,2
145590,6
145592,1
145596,11
145598,6
145600,2
145602,2
145604,2
145606,8
145610,1
145612,1
145614,1
145616,1
145620,1
145624,5
145636,2
145638,1
145640,1
145648,1
145650,1
145660,1
145666,1
145668,4
145670,1
145672,3
145674,1
145676,1
145686,1
145694,1
145700,4
145702,8
145704,2
145706,1
145712,1
145714,1
145716,1
145718,4
145722,2
145724,11
145726,2
145728,4
145731,11
145733,15
145735,5
145737,1
145739,19
145741,3
145743,5
145745,3
145747,1
145749,1
145751,5
145753,14
145755,16
145759,15
145761,17
145763,10
145765,34
145769,6
145771,33
145773,24
145775,25
145781,2
145783,3
145785,5
145787,15
145789,2
145793,5
145799,4
145809,8
145817,3
145819,2
145823,1
145827,2
145829,2
145831,5
145837,8
145839,700
145841,6
145851,1
145857,20
145859,2
145861,2
145863,2
145865,1
145867,1
145869,1
145871,1
145873,1
145875,1
145881,3
145885,2
145889,1
145893,9
145895,1
145897,2
145899,1
145901,2
145903,3
145905,2
145909,2
145915,37
145917,2
145919,1
145921,12
145923,2
145925,3
145927,5
145929,1
145931,3
145933,4
145935,604
145937,3
145939,5
145941,19
145943,4
145947,9
145949,1
145951,11
145953,9
145955,9
145958,3
145960,16
145962,1
145964,1
145966,4
145968,7
145972,6
145974,6
145976,5
145978,13
145980,3
145984,3
145988,6
145992,17
145994,107
145996,4
145998,9
146000,7
146002,89
146004,21
146006,60
146008,2
146010,1
146012,17
146014,2
146016,5
146018,36
146020,3
146022,13
146024,104
146026,1
146028,256
146030,33
146032,4
146034,5
146036,18
146038,23
146040,67
146042,8
146044,7
146046,18
146048,42
146050,46
146052,15
146054,8
146056,12
146058,2
146060,1
146062,1
146064,1
146066,4
146068,1
146070,1
146072,3
146074,2
146076,1
146078,3
146080,1
146082,1
146084,1
146086,1
146088,1
146090,1
146092,1
146094,1
146096,1
146098,1
146100,1
146102,1
146104,3
146106,1
146108,1
146110,19
146112,7
146114,10
146116,2
146118,1
146120,3
146122,1
146124,1
146126,3
146128,3
146130,1
146132,3
146134,21
146136,6
146138,1
146140,2
146142,2
146144,1
146146,3
146148,2
146150,1
146152,10
146154,2
146156,38
146158,3
146160,1
146162,2
146164,15
146166,2
146168,1
146170,11
146172,3
146174,2
146176,3
146178,27
146180,3
146182,21
146184,5
146186,7
146188,8
146190,7
146192,3
146194,1
146196,78
146198,9
146200,7
146202,2
146204,1
146206,10
146208,3
146210,80
146212,15
146214,6
146216,3
146218,2
146220,5
146222,2
146224,2
146226,1
146228,2
146230,6
146232,3
146234,22
146236,4
146238,1
146240,6
146242,25
146244,44
146246,2
146248,14
146250,10
146252,5
146254,7
146256,15
146258,3
146260,13
146262,6
146264,22
146266,6
146268,9
146270,20
146272,1
146275,17
146277,3
146279,44
146291,3
146295,11
146297,1
146301,13
146303,9
146305,33
146307,149
146309,457
146311,5
146313,11
146317,25
146321,2
146323,25
146325,8
146327,174
146329,77
146331,3
146333,8
146335,2
146337,4
146342,4
146344,8
146346,5
146348,22
146350,31
146352,4
146354,3
146356,3
146358,21
146360,23
146362,3
146364,1
146366,12
146368,3
146370,3
146372,11
146374,10
146376,2
146378,1
146380,3
146382,2
146384,11
146386,2
146388,1
146390,11
146392,8
146394,7
146396,9
146398,2
146400,7
146402,4
146404,1
146406,3
146408,10
146410,1
146412,2
146414,21
146417,3
146419,2
146421,18
146423,61
146427,6
146429,1
146431,4
146433,5
146435,8
146437,6
146439,5
146441,1
146443,26
146449,9
146455,1
146463,2
146466,2
146468,1
146470,2
146475,1
146477,3
146481,3
146485,4
146487,1
146489,1
146491,8
146497,2
146499,6
146501,20
146509,9
146511,5
146515,2
146520,7
146523,4
146526,1
146530,2
146532,4
146534,1
146540,1
146544,12
146548,2
146550,2
146552,8
146554,2
146556,2
146558,2
146560,4
146562,3
146564,6
146568,1
146570,2
146574,1
146578,2
146580,3
146582,8
146584,3
146586,2
146588,8
146590,1
146592,9
146595,2
146598,1
146600,3
146604,77
146606,14
146608,1
146610,1
146614,1
146624,1
146630,2
146632,9
146634,4
146636,9
146638,3
146640,2
146642,70
146644,15
146648,4
146650,3
146654,15
146656,3239
146658,2
146660,8
146662,221
146664,9
146666,5
146668,55
146670,51
146672,107
146674,59
146676,1
146678,6
146680,14
146682,67
146684,70
146686,2
146688,302
146690,7
146692,2
146694,8
146696,13
146698,4
146700,5
146702,27
146704,2
146706,9
146708,19
146710,11
146712,14
146714,3
146716,8
146718,6
146720,4
146722,2
146724,3
146726,3
146728,6
146730,18
146732,22
146734,12
146736,4
146740,1
146742,1
146748,1
146750,7
146752,1
146760,3
146762,2
146764,1
146766,1
146768,1
146770,1
146772,7
146774,1
146776,4
146778,3
146780,1
146782,1
146786,2
146788,1
146790,2
146800,2
146802,1
146804,1
146806,2
146810,1
146812,2
146816,2
146820,3
146830,1
146832,1
146836,1
146838,3
146840,2
146842,1
146848,5
146852,1
146854,2
146856,2
146858,2
146860,1
146862,1
146864,2
146866,93
146868,1
146870,21
146872,3
146874,17
146876,1
146878,48
146880,1
146882,3
146884,3
146890,3
146896,2
146898,4
146900,142
146902,16
146904,59
146906,11
146908,5
146910,9
146912,19
146914,2
146916,1
146918,3
146920,9
146922,26
146924,5
146926,92
146928,33
146930,2
146932,4
146934,5
146936,2
146938,1
146940,1
146942,5
146944,21
146946,1
146948,5
146950,1
146952,1
146954,2
146958,1
146960,1
146966,1
146968,1
146970,4
146972,2
146974,2
146976,3
146978,3
146980,2
146982,15
146984,19
146986,9
146988,14
146990,9
146992,7
146994,1
146996,7
146998,3
147000,3
147002,35
147004,10
147006,26
147008,26
147010,28
147012,3
147014,2
147016,24
147018,16
147022,129
147024,25
147026,19
147028,11
147030,3
147033,22
147035,4
147037,7
147039,2
147041,15
147043,4
147045,7
147047,22
147049,12
147051,20
147053,8
147055,2
147057,17
147060,2
147062,7
147064,4
147066,2
147068,1
147070,4
147074,3
147076,1
147078,1
147084,3
147086,5
147088,3
147090,1
147092,6
147094,3
147096,6
147100,12
147102,1
147104,3
147106,5
147108,20
147110,4
147112,3
147114,1
147116,6
147118,5
147120,3
147122,6
147124,44
147126,7
147128,4
147130,12
147132,2
147134,5
147136,8
147138,6
147140,9
147142,34
147144,31
147152,1
147154,1
147156,1
147158,1
147164,1
147166,1
147168,1
147170,2
147176,2
147178,12
147182,1
147184,9
147186,39
147188,47
147190,8
147192,3
147194,44
147196,120
147198,33
147200,22
147202,6
147204,10
147206,32
147208,10
147210,14
147212,42
147214,3
147216,15
147218,7
147220,2
147222,1
147224,1
147226,1
147228,19
147230,25
147232,44
147234,13
147236,23
147238,24
147240,38
147242,22
147244,61
147246,78
147248,3
147250,180
147252,52
147254,6
147256,2
147258,1
147260,42
147262,43
147264,17
147266,2
147268,35
147270,5
147272,4
147274,2
147276,2
147278,1
147280,13
147282,95
147284,2
147288,1
147290,82
147292,2
147294,4
147296,3
147298,2
147300,135
147302,1
147304,7
147306,18
147308,6
147310,1
147312,4
147314,4
147316,3
147318,1
147320,3
147322,16
147324,9
147326,155
147328,198
147330,207
147332,13
147334,1
147336,22
147338,5
147340,13
147342,7
147344,5
147346,20
147348,31
147350,1
147352,6
147354,22
147356,3
147358,2
147360,13
147362,30
147364,20
147366,1
147368,6
147370,13
147386,7
147388,3
147390,4
147392,5
147394,4
147396,11
147398,16
147400,8
147402,1
147404,6
147408,6
147410,174
147414,8
147418,5
147422,3
147424,2
147426,20
147428,15
147430,1
147432,34
147434,39
147436,9
147441,33
147448,6
147450,3
147452,18
147454,3
147456,2
147458,5
147460,3
147462,3
147464,3
147466,1
147469,3
147471,18
147475,2
147490,1
147493,2
147495,1
147497,1
147499,1
147506,1
147512,3
147517,2
147522,1
147524,3
147531,3
147536,3
147542,1
147548,4
147550,1
147562,1
147573,1
147578,1
147584,2
147586,1
147591,1
147597,13
147600,2
147603,15
147605,5
147607,18
147609,5
147611,7
147613,14
147615,1
147617,12
147619,1
147621,4
147624,3
147631,6
147635,1
147637,4
147640,4
147642,1
147644,1
147647,1
147649,1
147651,2
147653,2
147655,1
147657,9
147662,11
147668,9
147670,3
147672,1
147674,1
147678,3
147680,5
147682,11
147687,4
147689,1
147692,18
147694,13
147698,4
147700,1
147702,9
147705,1
147714,1
147718,3
147720,2
147722,1
147726,51
147728,1
147730,15
147732,12
147734,2
147736,4
147738,33
147740,4
147742,1
147744,19
147746,19
147748,11
147750,136
147752,4
147754,3
147756,3
147758,1
147766,2
147768,4
147770,3
147775,8
147777,1
147779,16
147781,19
147783,1
147785,2
147787,2
147789,6
147797,1
147807,1
147817,9
147819,2
147821,2
147823,3
147825,19
147827,6
147829,6
147831,114
147833,49
147835,11
147837,1
147839,1
147841,3
147843,4
147845,38
147847,270
147853,1
147855,5
147859,6
147863,2
147865,6
147869,1
147873,1
147881,3
147883,1
147887,2
147889,12
147891,2
147895,50
147897,38
147899,31
147901,29
147903,2
147905,14
147907,2
147909,18
147911,56
147913,11
147915,9
147917,20
147919,2
147921,16
147923,20
147925,3
147927,41
147932,10
147934,7
147936,8
147938,15
147940,73
147942,62
147946,1
147964,2
147966,1
147976,2
147980,1
147982,1
147986,7
147988,5
147990,24
147992,10
147994,5
147998,1
148000,1
148002,1
148004,3
148010,1
148024,1
148026,2
148030,17
148032,5
148034,24
148036,170
148038,1
148040,22
148042,21
148044,21
148046,15
148048,36
148050,33
148052,11
148054,30
148056,19
148058,97
148060,3
148062,35
148064,24
148066,2
148068,1
148070,17
148072,2
148074,7
148076,5
148078,5
148080,19
148082,6
148084,1
148087,3
148089,4
148091,4
148093,3
148095,47
148097,9
148101,10
148104,3
148106,11
148108,34
148110,21
148112,3
148114,3
148116,2
148118,1
148122,1
148126,1
148130,1
148134,1
148136,1
148138,1
148140,3
148142,1
148146,3
148148,2
148154,7
148158,1
148160,1
148162,16
148164,1
148166,87
148168,32
148170,10
148172,847
148176,4
148178,5
148180,3
148182,1
148186,9
148188,2
148190,1
148192,5
148194,3
148196,4
148198,4
148202,1
148204,4
148206,11
148208,2
148210,1
148222,1
148224,8
148228,5
148232,3
148238,347
148240,7
148242,39
148244,21
148246,1
148248,15
148250,1
148252,1
148254,1
148260,5
148262,1
148264,1
148266,1
148268,2
148270,1
148272,7
148274,1
148276,5
148278,2
148280,91
148282,12
148284,16
148286,42
148288,10
148290,5
148292,1
148294,7
148298,4
148301,3
148308,2
148314,1
148316,4
148320,2
148324,1
148326,3
148333,1
148335,1
148337,1
148339,1
148341,2
148344,4
148350,1
148355,2
148357,2
148359,6
148361,2
148365,24
148367,70
148369,239
148372,36
148374,23
148376,14
148378,8
148380,1
148382,7
148384,5
148386,3
148388,19
148390,1
148392,4
148394,8
148396,7
148398,8
148400,1
148402,4
148404,18
148406,8
148408,4
148410,22
148412,4
148414,8
148416,1
148418,2
148420,9
148422,16
148424,120
148426,79
148428,8
148430,19
148432,8
148434,14
148438,10
148440,50
148442,25
148444,3
148446,10
148448,25
148450,1
148452,5
148454,6
148456,23
148458,6
148460,12
148462,16
148464,2
148466,51
148468,48
148470,36
148472,34
148474,39
148476,12
148478,22
148480,36
148482,134
148484,9
148486,22
148488,3
148490,2
148512,4
148526,2
148540,2
148548,1
148550,3
148556,1
148560,4
148562,1
148568,1
148576,1
148584,1
148586,1
148590,1
148592,12
148594,1
148598,1
148602,1
148606,2
148608,1
148612,8
148614,3
148616,2
148618,5
148620,32
148622,3
148624,14
148626,14997
148628,14
148630,10
148632,15
148634,36
148636,3
148638,6
148640,11
148642,11
148644,5
148646,4
148648,1
148650,3
148652,449
148654,1
148657,2
148659,3
148661,4
148663,3
148665,27
148667,679
148669,2
148671,1634
148673,14
148675,17
148677,11
148679,31
148681,2
148683,56
148685,44
148687,17
148689,45
148691,1
148693,34
148695,5
148697,21
148699,13
148701,24
148703,14
148705,10
148707,3
148709,28
148711,10
148713,1
148715,2
148717,2
148719,6
148721,4
148725,4
148727,60
148729,2
148731,1
148735,8
148737,6
148739,1
148741,1
148749,2
148751,4
148753,3
148755,1
148757,1
148761,12
148763,3
148765,4
148767,6
148769,7
148771,2
148773,9
148775,174
148777,1
148779,8
148781,5
148783,5
148785,3
148789,29
148791,4
148793,3
148795,3
148797,7
148799,2
148801,2
148803,9
148805,2
148807,6
148809,2
148811,14
148814,3
148816,2
148818,6
148820,16
148824,2
148826,1
148828,3
148830,5
148836,8
148838,39
148842,3
148844,13
148846,3
148848,5
148850,23
148853,11
148855,96
148857,18
148859,23
148861,3
148863,8
148865,9
148867,67
148869,2
148871,2
148873,1
148875,2
148877,11
148879,2
148881,600
148884,8
148886,4
148888,811
148890,10
148892,12
148894,2
148896,1
148898,3
148902,4
148904,8
148906,3
148909,5
148911,5
148913,1
148915,8
148917,3
148919,8
148921,38
148923,4
148926,14
148928,8
148930,4
148932,18
148934,2
148936,1
148938,16
148940,21
148942,4
148944,2
148946,18
148948,2
148950,2
148952,19
148954,29
148956,640
148958,2
148960,7
148962,3
148964,24
148966,7
148968,12
148970,21
148972,13
148974,10
148976,26
148978,35
148980,59
148982,8
148984,57
148986,3
148988,11
149001,5
149004,5
149009,1
149011,259
149020,2
149026,5
149028,1
149030,6
149032,1
149034,11
149038,1
149041,2
149043,4
149045,2
149047,3
149068,5
149070,7
149072,3
149075,11
149077,12
149082,8
149084,15
149086,3
149088,14
149090,26
149092,3
149094,4
149096,21
149098,1
149100,2
149102,1
149104,4
149106,13
149108,5
149110,24
149112,13
149114,3
149116,8
149118,2
149120,4
149122,3
149124,5
149126,1
149128,4
149130,20
149132,11
149134,4
149136,2
149138,1
149140,2
149144,26
149146,15
149148,3
149150,2
149152,1
149154,11
149156,8
149158,13
149160,16
149162,16
149164,18
149166,17
149168,15
149170,3
149172,5
149174,12
149176,15
149178,14
149180,14
149182,3
149184,3
149186,100
149188,1
149210,4
149218,6
149224,2
149226,1
149234,4
149240,9
149242,6
149246,6
149248,3
149260,6
149262,1
149264,1
149268,2
149272,1
149278,1
149288,1
149292,5
149294,2
149296,8
149300,2
149302,12
149306,13
149308,9
149310,4
149314,5
149316,3
149318,10
149320,15
149322,11
149324,20
149326,3
149328,6
149330,6
149332,6
149334,3263
149336,2
149338,8
149340,7
149342,4
149344,11
149346,10
149348,11
149350,14
149352,1146
149354,717
149356,2
149358,1
149360,5
149362,2
149364,10
149366,8
149368,24
149370,15
149372,15
149374,6
149376,15
149378,8
149380,13
149382,16
149384,9
149386,11
149388,8
149390,11
149392,17
149394,30
149396,3
149398,9
149400,9
149402,9
149404,3
149406,2850
149408,9
149410,20
149412,35
149414,1
149416,5
149418,26
149420,1
149424,2
149426,6
149428,11
149430,4
149432,4
149434,3
149436,2
149438,6
149440,7
149442,8
149444,7
149446,2
149448,2
149450,5
149452,1
149454,3
149456,9
149458,5
149460,3
149462,1
149464,2
149466,1
149468,2
149470,2
149472,7
149474,1
149476,6
149478,7
149480,1
149482,3
149484,18
149486,4
149488,5
149490,3
149492,3
149494,2
149496,4
149498,16
149500,14
149502,3
149504,4
149506,12
149508,35
149510,2
149512,1
149514,9
149516,10
149518,3
149520,9
149522,21
149524,7
149526,4
149530,12
149532,48
149534,10
149536,5
149540,4
149542,2
149546,18
149548,3
149550,4
149552,110
149554,9
149556,4
149558,2
149560,11
149562,4
149564,5
149566,14
149568,8
149570,16
149572,46
149574,20
149576,1
149578,6
149580,11
149582,4
149584,11
149586,3
149588,9
149590,59
149592,2
149594,6
149596,1
149598,4
149600,2
149602,6
149604,2
149606,88
149608,1
149610,1
149612,12
149614,23
149616,7
149618,12
149620,4
149622,1
149624,1
149626,9
149630,2
149632,2
149634,2
149636,3
149638,7
149640,4
149642,11
149644,10
149646,2
149648,2
149650,128
149652,23
149654,2
149656,4
149658,63
149660,1
149662,8
149664,4
149666,6
149668,9
149670,56
149672,4
149674,1
149676,20
149678,6
149681,4
149683,4
149686,23
149688,19
149690,1
149692,13
149694,8
149696,6
149698,15
149700,3
149702,4
149704,11
149706,2
149709,11
149711,12
149713,6
149715,2
149717,4
149719,14
149721,6
149723,94
149725,1
149727,3
149729,2
149731,8
149733,2
149735,6
149737,3
149739,10
149741,4
149745,4
149747,8
149749,2
149751,1
149753,8
149755,6
149759,11
149761,17
149764,4
149766,10
149768,2
149770,5
149772,3
149774,1
149776,3
149778,2
149780,2
149782,6
149784,3
149786,12
149788,5
149790,9
149792,2
149794,4
149796,19
149798,4
149800,4
149802,4
149804,7
149806,1
149808,8
149810,6
149814,4
149816,2
149818,2
149820,2
149822,30
149824,1
149826,6
149828,7
149830,461
149832,1
149834,8
149836,3
149840,8
149842,4
149850,2
149854,14
149856,2
149858,8
149860,6
149864,2
149866,4
149868,4
149875,6
149877,4
149879,2
149881,1
149883,2
149888,13
149890,1
149892,1
149894,1
149898,2
149900,3
149902,11
149910,3
149913,3
149917,1
149919,2
149925,5
149927,1
149929,2
149936,4
149938,3
149946,11
149948,4
149950,5
149956,1
149965,5
149967,3
149969,1
149971,2
149976,1
149978,8
149980,2
149982,5
149984,2
149986,8
149988,6
149990,2
149992,8
149994,2
149996,16
149998,2
150000,3
150002,5
150004,1
150006,6
150008,2
150010,6
150012,7
150014,5
150016,5
150018,4
150020,2
150022,7
150024,3
150026,1
150028,5
150030,4
150032,5
150034,8
150036,2
150038,2
150040,2
150042,5
150044,1
150046,3
150048,5
150050,5
150052,2
150054,6
150056,3
150058,2
150060,5
150062,1
150064,2
150066,2
150068,2
150070,2
150072,4
150074,2
150076,5
150078,3
150080,1
150082,1
150084,3
150088,2
150090,4
150092,15
150096,1
150104,1
150106,3
150116,2
150118,1
150122,3
150126,2
150132,1
150136,2
150138,3
150140,12
150142,3
150144,3
150146,2
150148,1
150150,2
150152,5
150154,2
150156,4
150158,1
150162,1
150164,1
150166,1
150178,2
150184,1
150190,2
150194,83
150196,6
150198,1
150202,2
150204,1
150206,1
150210,3
150212,1
150218,4
150224,1
150226,3
150228,13
150230,29
150232,18
150234,34
150236,24
150238,2
150240,12
150242,2
150244,15
150246,1
150248,11
150250,5
150252,8
150254,217
150256,1
150258,112
150260,14
150262,91
150264,3
150266,11
150268,55
150270,34
150272,36
150274,10
150276,14
150278,41
150280,7
150282,11
150284,6
150286,15
150288,1
150292,5
150294,251
150296,29
150298,8
150300,7
150302,1
150304,2
150306,1
150308,2
150312,22
150314,1
150316,13
150318,3
150320,16
150322,34
150324,44
150328,1
150334,34
150336,1
150338,1
150340,17
150342,47
150344,41
150346,4
150348,16
150350,9
150352,8
150354,20
150356,9
150358,2
150360,7
150364,13
150367,8
150369,1
150371,2
150373,9
150375,4
150377,8
150379,11
150381,5
150383,2
150387,17
150391,2
150393,3
150395,16
150397,4
150399,6
150401,22
150403,1
150407,3
150413,1
150417,6
150419,2
150421,2
150425,2
150433,2
150441,6
150443,10
150445,1
150457,2
150459,8
150465,1
150473,5
150477,4
150479,4
150523,19
150534,23
150536,7
150538,25
150540,6
150542,1
150544,12
150546,4
150550,6
150552,35
150554,10
150556,5
150558,2
150560,9
150562,1
150564,2
150566,4
150568,7
150570,8
150572,2
150580,3
150582,1
150584,3
150586,1
150588,1
150590,2
150592,8
150594,3
150598,3
150600,7
150602,56
150604,92
150606,10
150608,11
150612,2
150615,3
150617,6
150619,5
150621,11
150623,1
150629,2
150631,3
150633,2
150635,1
150637,4
150645,1
150647,1
150649,2
150651,1
150653,4
150655,14
150657,24
150659,3
150661,1
150663,5
150665,2
150667,1
150669,2
150671,2
150680,2
150682,2
150684,10
150686,1
150688,17
150694,74
150696,29
150698,4
150700,11
150704,2
150708,2
150710,2
150714,1
150716,4
150718,3
150722,4
150724,7
150726,10
150728,4
150730,16
150732,4
150734,1
150736,2
150738,1
150742,5
150744,2
150748,2
150750,1
150756,1
150760,3
150762,1
150766,2
150768,12
150772,17
150774,18
150776,101
150778,14
150780,2
150782,2
150784,1
150786,22
150788,4
150790,9
150792,2
150794,2
150796,1
150798,5
150800,4
150802,2
150808,5
150810,1
150812,2
150814,4
150818,2
150820,1
150834,1
150836,2
150838,6
150840,7
150842,20
150844,2
150846,3
150848,26
150850,10
150852,24
150854,7
150858,4
150860,4
150862,1
150864,10
150866,5
150868,1
150870,19
150872,7
150874,2
150876,17
150878,2
150880,5
150882,4
150884,8
150886,4
150888,1
150890,8
150892,15
150894,48
150896,20
150898,6
150900,19
150902,5
150904,1
150906,8
150908,1
150910,17
150912,2
150914,1
150916,3
150918,1
150922,4
150925,1
150931,24
150933,1
150935,1
150939,3
150941,2
150950,1
150952,3
150954,13
150956,14
150962,1
150964,7
150976,4
150979,1
150983,1
150986,2
150988,2
150993,35
150995,46
151001,1
151004,1
151011,4
151021,3
151023,2
151027,14
151030,8
151032,4
151036,3
151038,2
151040,6
151044,5
151046,5
151048,3
151050,1
151052,1
151054,3
151058,1
151060,1
151062,7
151068,2
151070,1
151074,1
151076,1
151078,18
151080,1
151084,4
151091,1
151094,8
151099,1
151105,3
151107,5
151111,1
151113,617
151117,1
151123,4
151137,1
151139,1
151145,1
151149,1
151151,2
151153,1
151175,1
151189,3
151191,3
151193,14
151195,2
151197,3
151199,64
151202,2
151208,1
151210,8
151214,7
151216,2
151222,5
151224,13
151226,18
151228,9
151230,10
151269,1
151271,2
151273,1
151275,1
151277,5
151279,13
151281,8
151297,1
151305,1
151307,10
151309,29
151311,128
151313,56
151315,376
151317,168
151319,7
151321,6
151325,2
151327,3
151329,2
151335,1
151337,4
151341,1
151343,13
151345,239
151347,3
151349,9
151351,2
151353,1
151355,9
151357,30
151359,2
151361,1
151363,1
151365,3
151367,2
151369,4
151371,6
151373,1
151375,1
151377,4
151379,1
151382,1
151384,6
151404,2
151410,4
151412,5
151414,29
151416,7
151418,2
151420,2
151424,1
151426,1
151428,1
151431,7
151433,14
151437,5
151439,2
151441,13
151443,4
151445,4
151447,1
151449,24
151451,8
151453,3
151455,829
151457,1
151459,85
151461,19
151463,2
151465,2
151467,3
151469,1
151471,2
151473,1
151479,6
151481,3
151483,28
151485,4
151487,4
151489,6
151491,2
151493,7
151495,1
151497,1
151499,2
151501,77
151503,7
151505,3
151507,66
151509,1
151513,23
151515,55
151517,1
151519,1
151521,2
151523,3
151525,1
151527,8
151537,6
151539,1
151543,7
151545,2
151547,10
151549,7
151551,4
151555,1
151557,26
151559,16
151561,10
151563,9
151565,19
151567,3
151569,4
151571,3
151573,49
151575,4
151577,21
151579,1
151581,2
151583,22
151585,21
151587,35
151589,8
151591,10
151593,76
151595,14
151597,55
151599,5
151601,10
151603,11
151605,243
151607,3
151609,10
151611,12
151613,10
151615,6
151617,1
151619,5
151621,8
151623,11
151625,1
151627,4
151629,11
151631,19
151633,13
151635,4
151637,7
151639,684
151641,12
151643,11
151645,71
151647,29
151649,5
151651,2
151653,14
151655,6
151657,8
151659,2
151661,11
151663,5
151667,1
151669,2
151671,18
151673,2
151675,80
151677,4
151679,2
151681,13
151683,2
151685,6
151687,125
151689,3
151691,2
151693,72
151695,214
151697,11
151699,2
151701,2
151703,44
151705,1
151707,74
151709,1
151711,8
151715,10
151717,64
151719,11
151721,4
151723,18
151725,7
151727,3
151729,5
151731,146
151733,21
151735,82
151737,2
151739,888
151741,3
151743,6
151745,38
151749,4
151753,6
151755,10
151757,1
151759,334
151761,3
151763,164
151765,95
151767,33
151769,159
151771,8
151773,21
151775,6
151777,367
151781,208
151783,3
151785,2
151787,2
151789,38
151791,6
151793,2
151795,9
151797,8
151799,9
151802,7
151804,3
151806,2
151808,5
151810,17
151813,2
151815,2
151817,2
151819,3
151827,1
151829,3
151831,2
151833,3
151837,1
151839,3
151847,1
151849,1
151851,4
151854,1
151859,1
151861,2
151863,1
151865,1
151867,1
151869,1
151871,1
151873,3
151879,7
151881,3
151885,2
151887,2
151890,7
151892,3
151898,8
151900,21
151903,6
151905,15
151907,2
151909,5
151911,34
151913,32
151915,9
151917,1
151919,1
151921,3
151923,2
151927,38
151929,1
151931,2
151933,116
151935,2
151941,39
151945,1
151947,3
151949,1
151951,92
151953,10
151955,1
151957,2
151959,1
151961,5
151963,15
151965,9
151967,4
151969,16
151971,7
151973,7
151975,4
151977,9
151979,6
151981,7
151983,2
151985,3
151987,9
151989,1
151991,2
151993,4
151997,18
151999,1
152001,7
152003,3
152005,2
152007,2
152009,9
152011,25
152013,4
152015,5
152017,1903
152019,30
152021,1
152023,7
152025,37
152027,9
152029,24
152031,41
152033,1
152035,5
152037,113
152039,4
152041,12
152043,15
152045,11
152047,12
152049,3
152051,8
152053,17
152055,64
152057,82
152059,176
152061,357
152063,880
152065,299
152067,48
152069,2
152071,221
152073,3
152075,3
152077,6665
152079,1344
152081,14431
152083,613
152085,48
152087,15
152089,20
152091,760
152093,5
152095,5
152097,4
152099,33
152101,5
152103,26
152105,15
152107,14
152109,11
152115,13
152117,6
152119,18
152121,15
152123,66
152125,13
152127,3
152129,6
152131,23
152133,4
152135,2
152137,4
152139,3
152141,5
152143,27
152145,4
152147,2
152149,3
152151,16
152153,11
152155,1
152157,2
152161,2
152163,75
152165,14
152167,1
152169,2
152171,46
152175,15
152177,6
152179,7
152181,7
152183,17
152185,12
152187,4
152189,21
152192,19
152194,5
152198,35
152200,2
152202,2
152204,1
152206,4
152208,13
152210,5
152212,3
152214,10
152216,4
152218,2
152220,6
152222,1
152224,2
152226,1
152228,54
152230,5
152232,15
152234,1
152236,4
152238,21
152240,1
152242,25
152244,2
152246,1
152248,13
152250,8
152252,2
152254,35
152256,11
152258,11
152260,1
152262,13
152264,5
152266,6
152268,3
152270,12
152272,13
152274,2
152276,3
152278,1
152280,36
152282,4
152284,136
152286,8
152288,5
152290,89
152292,22
152294,1
152296,2
152298,4
152300,2
152302,8
152304,1
152310,1
152316,2
152318,1
152320,1
152322,4
152326,2
152328,1
152330,4
152332,1
152334,4
152336,3
152338,6
152340,4
152342,2
152344,3
152346,4
152348,9
152350,6
152352,7
152354,6
152356,11
152358,12
152360,1
152362,24
152364,11
152366,8
152370,9
152372,261
152374,21
152376,5
152381,8
152387,1
152389,1
152391,1
152397,1
152415,1
152417,2
152421,4
152425,2
152427,2
152431,1
152435,1
152439,7
152441,2
152443,7
152445,7
152447,4
152449,4
152451,7
152453,8
152455,8
152457,30
152459,5
152461,10
152463,1
152465,4
152467,6
152469,1
152471,2
152473,5
152475,2
152477,1
152479,9
152481,2
152483,4
152487,2
152489,7
152491,2
152493,2
152495,2
152497,1
152499,7
152501,9
152503,2
152505,1
152507,7
152509,1
152511,4
152513,4
152515,87
152517,6
152521,15
152523,1
152531,1
152535,1
152539,1
152541,1
152543,5
152545,64
152547,11
152549,13
152553,1
152555,9
152557,3
152559,2
152561,2
152563,2
152565,3
152567,4
152569,20
152571,13
152575,36
152577,4
152579,38
152581,22
152583,18
152587,8
152589,3
152591,706
152593,28
152595,4
152597,3
152599,8
152601,5
152603,2
152605,7
152607,2
152609,2
152613,26
152615,4
152617,5
152619,1
152621,1
152623,6
152627,1
152629,1
152631,1
152633,5
152635,3
152637,10
152639,1
152641,8
152647,8
152649,2
152656,5
152658,1
152660,18
152662,4
152664,29
152666,6
152670,2
152672,1
152674,7
152676,11
152678,5
152680,21
152682,1
152686,16
152689,10
152701,2
152705,1
152707,1
152711,1
152713,2
152715,4
152717,15
152719,3
152721,2
152723,3
152725,2
152727,1
152729,1
152731,2
152733,4
152735,1
152737,3
152739,1
152741,2
152743,4
152747,3
152749,2
152751,4
152753,9
152755,25
152757,11
152759,16
152761,2
152763,1
152765,1
152767,9
152769,8
152772,4
152776,2
152778,1
152780,4
152782,12
152790,1
152793,2
152798,2
152801,3
152804,4
152806,1
152808,3
152810,5
152812,4
152814,1
152816,2
152818,4
152820,4
152822,4
152824,9
152826,1
152828,9
152830,4
152832,8
152834,4
152836,37
152838,54
152840,5
152842,41
152844,24
152846,24
152848,18
152850,12
152852,1
152854,5
152856,3
152858,1
152864,5
152866,87
152868,9
152870,26
152872,8
152874,2
152876,7
152878,4
152880,14
152882,9
152884,3
152886,10
152888,3
152890,11
152892,3
152894,3
152896,25
152898,5
152900,3
152902,6
152904,5
152906,5
152908,6
152910,7
152912,5
152914,7
152916,6
152918,8
152920,7
152922,6
152924,5
152926,2
152928,4
152930,4
152932,2
152934,5
152936,4
152938,1
152940,17
152942,1
152944,12
152946,1
152948,6
152952,5
152956,1
152960,7
152962,6
152964,3
152966,2
152968,2
152970,3244
152972,8
152974,20
152976,79
152978,9
152980,10
152982,17
152984,28
152986,3
152988,17
152990,12
152992,6
152994,3
152996,1
152998,4
153000,8
153002,2
153006,4
153008,4
153010,9
153012,2
153014,2
153016,11
153018,8
153020,17
153022,5
153024,5
153026,4
153028,2
153030,11
153032,7
153034,2
153036,3
153038,2
153040,2
153042,1
153044,5
153046,8
153048,10
153050,5
153052,1
153054,3
153056,8
153058,3
153060,3
153062,2
153064,5
153066,3
153068,3
153070,145
153072,2
153074,14
153076,10
153080,1
153082,2
153084,6
153086,14
153088,3
153090,2
153092,2
153094,2
153096,2
153098,2
153100,5
153102,2
153104,1
153106,5
153108,2
153110,2
153112,5
153114,3
153116,4
153118,13
153120,6
153122,5
153124,19
153126,10
153128,2
153130,2
153132,9
153134,4
153136,7
153138,7
153140,3
153142,6
153144,6
153146,4
153148,2
153150,3
153152,3
153154,8
153156,2
153158,8
153160,2
153162,3
153164,4
153166,7
153168,8
153170,7
153172,3
153174,14
153176,13
153178,12
153180,2
153182,7
153184,2
153186,2
153188,7
153190,6
153192,2
153194,2
153196,2
153198,4
153200,9
153202,5
153204,4
153206,12
153208,8
153210,3
153212,2
153214,2
153216,2
153218,2
153220,4
153222,9
153224,3
153226,2
153228,4
153230,1
153232,2
153234,3
153236,21
153238,7
153240,4
153242,4
153244,3
153246,6
153248,3
153250,2
153252,3
153254,4
153256,1
153258,8
153260,4
153262,1
153264,3
153266,2
153268,3
153270,12
153272,4
153274,2
153276,5
153278,7
153280,2
153282,3
153284,8
153286,12
153288,1
153290,3
153292,2
153294,1
153296,4
153298,3
153300,11
153302,3
153304,4
153306,9
153308,1
153310,2
153312,10
153314,3
153316,1
153318,1
153320,4
153322,3
153324,1
153326,5
153328,1
153330,8
153332,3
153334,1
153336,2
153338,3
153340,6
153342,8
153344,4
153346,2
153348,4
153350,10
153352,6
153354,3
153356,7
153358,8
153362,4
153364,10
153366,2
153368,3
153370,3
153372,2
153374,9
153376,4
153378,2
153380,3
153382,4
153384,4
153386,10
153388,1
153390,2
153392,6
153394,15
153396,1
153398,22
153400,1
153402,1
153404,5
153406,5
153408,11
153410,3
153412,4
153414,8
153416,3
153418,5
153420,6
153422,5
153424,10
153426,2
153428,1
153430,6
153432,4
153434,4
153436,3
153438,8
153440,6
153442,2
153444,4
153446,5
153448,10
153450,1
153452,6
153454,21
153456,3
153458,8
153460,3
153462,3
153464,10
153466,3
153468,4
153472,1
153474,1
153476,1
153478,7
153480,3
153482,11
153484,14
153486,7
153488,3
153490,5
153492,2
153494,4
153496,1
153504,1
153506,2
153512,1
153516,14
153518,9
153520,8
153522,6
153524,13
153526,1
153528,3
153530,14
153532,1
153534,2
153536,10
153538,7
153540,3
153542,9
153544,18
153546,4
153548,8
153550,7
153552,27
153554,16
153556,2
153558,6
153560,2
153562,1
153564,15
153566,27
153568,3
153570,16
153572,6
153574,1
153576,6
153578,4
153580,2
153582,10
153584,16
153586,7
153588,3
153590,2
153592,1
153594,5
153596,4
153598,3
153600,3
153602,1
153604,4
153606,6
153608,10
153610,10
153612,5
153614,18
153616,1
153618,5
153620,1
153622,1
153624,3
153626,5
153628,1
153630,6
153632,5
153634,2
153636,3
153638,2
153640,12
153642,1
153644,2
153646,18
153648,29
153650,2
153652,2
153654,3
153656,1
153660,4
153662,1
153664,1
153668,18
153670,2
153672,23
153674,5
153676,6
153678,1
153680,5
153682,2
153684,1
153690,2
153692,2
153694,12
153696,3
153698,10
153700,1
153702,3
153704,2
153706,2
153708,1
153710,4
153712,5
153714,2
153716,4
153718,8
153720,2
153722,4
153724,1
153726,1
153728,2
153730,9
153734,1
153736,5
153738,3
153740,1
153742,9
153744,16
153746,4
153748,2
153750,12
153752,3
153754,3
153756,13
153758,38
153760,1
153762,21
153764,3
153766,54
153768,17
153770,5
153772,5
153774,2
153776,7
153778,12
153780,28
153782,5
153784,21
153786,10
153788,59
153790,35
153792,35
153794,58
153796,8
153798,33
153800,6
153802,1
153804,28
153806,13
153808,3
153810,10
153812,3
153814,4
153816,11
153818,4
153820,4
153822,4
153824,4
153826,2
153828,22
153830,7
153832,9
153834,7
153836,18
153838,12
153840,3
153842,5
153845,2
153847,11
153849,1
153851,4
153853,1
153855,1
153857,3
153859,2
153861,2
153863,1
153865,10
153867,3
153869,13
153871,2
153873,6
153875,2
153877,3
153879,16
153881,1
153883,2
153885,1
153887,3
153889,2
153891,1
153893,4
153895,6
153897,5
153899,21
153901,20
153903,19
153905,24
153907,15
153909,20
153911,16
153913,7
153915,8
153917,9
153919,16
153921,16
153923,24
153925,7
153927,6
153929,18
153931,69
153933,17
153935,19
153937,12
153939,18
153941,14
153943,3
153945,2
153947,5
153949,1
153953,3
153955,1
153957,4
153959,119
153961,3
153963,3
153965,5
153967,1
153969,3
153971,24
153973,2
153975,2
153977,2
153979,2
153981,1
153983,1
153985,2
153987,5
153989,2
153991,3
153993,2
153995,1
153996,15
153999,7
154001,3
154003,6
154005,1
154007,1
154009,1
154011,6
154013,4
154015,3
154017,1
154023,1
154035,1
154037,2
154045,2
154051,75
154053,1
154059,1
154063,2
154065,34
154067,26
154069,19
154071,2
154073,6
154075,51
154077,15
154079,31
154081,22
154083,13
154085,1
154092,19
154094,2
154096,10
154100,3
154104,1
154108,1
154124,1
154126,1
154128,5
154130,1
154132,1
154134,3
154140,2
154142,1
154154,5
154156,5
154158,19
154160,30
154162,15
154164,3
154166,1
154168,5
154170,1
154172,1
154176,3
154178,14
154180,9
154182,4
154184,4
154186,10
154188,1
154190,2
154192,1
154194,1
154196,8
154198,2
154200,5
154202,1
154204,3
154206,1
154208,1
154210,1
154212,5
154214,18
154216,3
154218,34
154220,10
154222,5
154224,10
154226,5
154228,4
154230,1
154232,2
154234,3
154236,4
154238,1
154240,2
154242,1
154244,4
154246,2
154248,1
154250,7
154252,2
154254,1
154256,12
154258,3
154260,2
154262,11
154264,1
154266,5
154268,40
154270,3
154272,11
154274,3
154276,18
154278,12
154280,7
154282,2
154284,3
154286,1
154288,3
154290,14
154300,1
154303,5
154305,7
154307,1
154309,1
154311,6
154315,1
154317,7
154319,2
154321,6
154323,1
154325,8
154327,17
154329,15
154331,14
154337,3
154339,2
154341,5
154344,7
154346,13
154348,41
154350,16
154352,9
154354,35
154356,1
154358,203
154360,1
154362,3
154364,5
154366,2
154368,2
154370,1
154372,4
154374,3
154376,1
154378,21
154380,4
154382,1
154384,1
154386,1
154388,7
154390,3
154392,3
154394,4
154396,3
154398,9
154400,13
154402,5
154404,6
154406,5
154408,1
154410,1
154412,1
154414,5
154416,2
154418,3
154420,1
154422,3
154424,3
154426,1
154428,1
154430,9
154432,9
154434,3
154436,7
154438,3
154440,2
154442,3
154444,5
154446,2
154448,2
154450,4
154452,2
154454,1
154456,21
154458,23
154460,7
154462,11
154464,4
154466,4
154468,28
154470,41
154472,14
154474,58
154476,34
154478,1
154480,4
154482,13
154484,3
154486,17
154488,6
154490,10
154492,2
154494,5
154496,1
154498,1
154500,3
154502,1
154504,3
154506,3
154508,1
154510,2
154512,4
154514,5
154516,7
154518,3
154520,3
154522,1
154524,4
154526,4
154528,1
154530,2
154532,4
154534,1
154536,3
154538,1
154540,2
154542,6
154544,2
154546,4
154548,2
154550,5
154552,1
154554,2
154556,1
154558,6
154560,2
154562,2
154564,5
154566,1
154568,3
154570,1
154572,7
154574,16
154576,9
154578,6
154580,5
154582,3
154584,4
154586,2
154588,4
154590,5
154592,19
154594,7
154596,5
154598,2
154600,4
154602,1
154604,4
154606,11
154608,2
154610,2
154612,5
154614,5
154616,24
154618,5
154620,6
154622,6
154624,6
154626,1
154628,12
154630,7
154632,3
154634,2
154636,8
154638,7
154640,2
154642,2
154644,6
154646,3
154648,3
154650,5
154652,2
154654,1
154656,11
154658,2
154660,3
154662,2
154664,3
154666,5
154668,2
154670,5
154672,11
154674,2
154676,4
154678,35
154680,3
154684,1
154686,2
154690,3
154692,2
154694,2
154696,1
154698,8
154701,1
154709,1
154711,1
154717,1
154719,1
154721,1
154723,2
154725,5
154731,9
154736,1
154739,2
154742,7
154749,1
154751,1
154753,3
154755,2
154757,1
154759,7
154766,14
154768,1
154776,2
154778,2
154780,6
154782,2
154784,1
154786,4
154788,3
154790,5
154792,6
154794,10
154796,2
154798,4
154800,19
154802,6
154804,9
154806,4
154808,2
154810,4
154812,4
154814,3
154816,7
154818,2
154820,2
154822,3
154824,6
154826,1
154828,10
154830,3
154832,4
154834,8
154836,3
154838,4
154840,2
154842,2
154844,3
154846,6
154848,2
154850,6
154852,3
154854,1
154856,2
154858,69
154860,3
154862,23
154864,5
154866,5
154868,10
154870,1
154872,2
154874,3
154876,7
154878,5
154880,4
154882,2
154884,11
154886,4
154888,4
154890,64
154892,12
154894,3
154896,3
154898,16
154900,3
154902,10
154904,14
154906,10
154908,23
154911,2
154913,9
154915,205
154917,9
154919,6
154921,3
154923,5
154925,6
154927,2
154929,4
154931,1
154933,14
154935,13
154937,3
154939,90
154941,242
154943,6
154945,6
154947,9
154949,1
154951,4
154963,17
154965,2
154967,16
154969,3
154971,4
154973,1
154975,12
154978,3
154982,3
154984,4
154986,3
154990,2
154992,7
154994,5
154996,50
154998,13
155000,12
155002,1
155004,1
155008,4
155010,1
155012,9
155014,10
155018,113
155020,3
155022,1
155024,4
155026,1
155028,1
155036,11
155038,2
155040,1
155042,2
155052,1
155056,66
155058,6
155060,21
155062,54
155064,1157
155066,17
155068,1
155070,3
155072,19
155074,94
155076,40
155078,112
155080,4
155082,2
155084,14
155086,13
155088,7
155090,31
155092,17
155094,11
155096,5
155098,2
155100,4
155102,6
155104,7
155106,11
155109,44
155111,8
155113,4
155115,10
155117,8
155119,20
155121,13
155123,12
155127,7
155129,33
155131,3
155133,18
155135,17
155137,16
155139,12
155141,10
155143,15
155145,15
155147,8
155149,9
155151,6
155153,6
155155,2
155158,7
155160,8
155162,9
155164,23
155166,10
155168,8
155170,6
155172,3
155174,4
155178,4
155181,118
155183,6
155185,2
155191,1
155195,1
155205,1
155219,1
155241,1
155243,1
155245,7
155247,3
155261,1
155269,2
155271,1
155275,1
155281,1
155283,4
155285,62
155288,941
155290,4
155294,1
155296,3
155298,1
155302,1
155304,1
155308,1
155310,1
155312,1
155314,3
155316,1
155322,2
155326,1
155328,1
155330,1
155334,1
155336,1
155338,2
155342,1
155348,2
155350,1
155352,2
155358,6
155360,19
155362,47
155364,2
155366,18
155368,10
155370,13
155372,10
155374,2
155376,8
155378,2
155380,3
155382,15
155384,31
155386,2
155390,7
155392,213
155395,2
155397,7
155399,2
155401,8
155403,6
155405,6
155407,5
155409,5
155411,5
155413,15
155415,4
155418,2
155423,1
155425,15
155430,2
155437,5
155444,11
155446,1
155457,2
155462,1
155466,2
155483,1
155485,1
155489,13
155491,2
155493,1
155495,2
155497,1
155499,8
155501,32
155503,3
155505,4
155507,8
155509,711
155511,9
155513,1
155515,2
155517,1
155521,4
155523,1
155525,3
155527,4
155529,2
155531,1
155537,21
155539,6
155541,14
155543,19
155545,92
155547,12
155549,9
155551,4
155555,1
155557,21
155559,2
155561,28
155563,2
155565,3
155567,3
155569,1
155571,2
155573,8
155575,12
155577,1
155579,15
155581,119
155583,104
155587,1
155589,7
155591,11
155593,2
155595,54
155597,9
155599,30
155601,20
155603,2
155605,3
155607,5
155609,1
155611,1
155613,1
155615,1
155617,2
155619,5
155621,6
155623,20
155625,267
155627,36
155629,2
155631,11
155633,3
155635,2
155637,5
155639,1
155641,3
155643,2
155645,11
155650,13
155656,6
155659,467
155663,18
155665,13
155667,1
155669,3
155671,11
155673,14
155675,17
155677,15
155679,8
155681,11
155683,11
155685,16
155687,5
155689,10
155691,7
155693,7
155695,9
155697,2
155699,3
155701,1
155707,5
155709,3
155711,11
155713,3
155715,42
155717,1
155719,2
155721,9
155723,4
155725,2
155727,33
155731,1
155733,5
155735,11
155737,2
155739,2
155741,5
155743,275
155745,1
155748,53
155750,2
155752,1
155754,5
155756,3
155758,13
155760,3
155762,3
155764,1
155766,3
155768,2
155770,8
155774,27
155776,10
155780,2
155784,2
155786,1
155788,4
155790,3
155792,2
155794,2
155796,5
155798,35
155800,108
155802,2
155804,9
155806,1
155808,7
155810,45
155812,183
155814,28
155816,10
155818,7
155820,633
155822,1
155824,2
155826,10
155828,125
155830,67
155832,117
155834,19
155836,9
155842,2
155844,2
155846,127
155848,1
155850,2
155852,1
155854,4
155856,2
155858,1
155860,1
155862,5
155864,2
155866,8
155868,1
155870,1
155872,1
155874,346
155882,2
155884,1
155886,3
155888,9
155890,16
155892,21
155894,1
155896,14
155898,13
155906,2
155910,8
155917,21
155919,4
155923,2
155927,10
155930,6
155932,1
155936,1
155943,1
155945,2
155950,8
155952,1
155954,1
155956,1
155959,1
155961,2
155963,1
155966,51
155968,710
155970,55
155972,5
155974,1
155976,9
155978,2
155980,26
155982,2
155984,14
155986,1
155988,7
155992,2
155994,5
155996,1
155998,3
156000,187
156002,27
156015,2
156017,32
156019,7
156021,2
156023,7
156025,100
156027,8
156029,2
156031,10
156033,1
156037,3
156039,1
156041,13
156045,2
156048,3
156050,1
156054,4
156063,4
156067,3
156069,2
156071,4
156073,11
156075,1
156077,2
156079,6
156081,11
156083,1
156085,20
156091,3
156093,2
156095,3
156099,1
156104,24
156106,4
156109,12
156111,4
156123,4
156125,79
156129,1
156131,1
156133,3
156137,3
156141,1
156143,2
156145,11
156150,1
156152,1
156154,1
156160,1
156168,1
156170,1
156175,23
156180,3
156184,2
156187,28
156193,2
156197,1
156206,1
156210,10
156213,4
156218,1
156224,1
156233,1
156235,1
156244,8
156250,1
156256,3
156258,1
156266,1
156274,1
156276,1
156280,2
156282,1
156286,4
156303,4
156305,6
156307,5
156309,4
156311,9
156313,6
156315,6
156317,5
156319,6
156321,4
156323,6
156325,1
156329,1
156332,1
156342,1
156346,1
156356,1
156362,3
156364,2
156367,6
156369,303
156371,677
156373,5
156375,4
156377,11
156379,14
156381,3
156383,13
156385,8
156387,1646
156390,2
156394,2
156396,13
156398,6
156404,14
156406,3
156410,28
156412,5
156414,3
156416,2
156418,9
156420,1
156435,1
156449,1
156460,2
156469,1
156471,1
156473,1
156475,3
156481,2
156489,2
156497,1
156517,1
156519,1
156529,2
156531,1
156535,1
156539,1
156545,7
156547,32
156549,10
156551,11
156553,26
156555,6
156557,1
156559,17
156561,9
156563,3
156565,15
156567,11
156569,8
156571,2
156573,4
156575,9
156577,5
156579,9
156581,31
156583,1
156585,2
156587,8
156589,4
156591,1
156593,4
156595,7
156597,4
156599,6
156601,11
156603,1
156605,1148
156607,731
156609,1070
156611,5
156613,8
156615,7
156617,7
156619,3
156621,1
156623,2
156627,3
156631,2
156635,4
156637,4
156641,1
156643,5
156657,1
156665,1
156667,2
156671,2
156673,1
156675,6
156678,2
156680,9
156682,9
156684,9
156686,2
156688,9
156690,4
156692,22
156694,11
156696,21
156698,7
156700,4
156702,6
156704,3
156706,169
156708,1
156710,5
156712,9
156714,2
156718,23
156720,1
156722,26
156724,1
156726,1571
156728,8
156730,4
156732,7
156734,8
156736,1
156738,1
156740,3
156742,1
156745,9
156751,2
156753,28
156755,130
156757,5
156759,9
156761,1
156763,12
156765,4
156767,21
156769,2
156771,35
156773,43
156775,47
156777,46
156779,31
156781,56
156783,57
156785,41
156787,35
156789,8
156791,24
156793,4
156795,20
156799,6
156801,25
156803,2
156810,4
156815,1
156819,56
156823,3
156826,4
156828,3
156830,1
156832,4
156834,2
156837,1
156840,3
156846,34
156848,2
156850,4
156853,1
156855,8
156857,2
156859,2
156862,2
156869,5
156873,2
156877,2
156879,1
156881,1
156883,2
156885,7
156887,1
156889,1
156894,4
156896,36
156898,34
156900,18
156903,120
156907,1
156909,6
156911,2
156913,3
156915,7
156917,3
156919,3
156921,9
156923,2
156925,4
156927,4
156929,3
156931,1
156935,1
156940,5
156942,2
156944,294
156950,1
156954,1
156956,46
156958,5
156960,5
156962,4
156964,13
156966,4
156968,23
156972,2
156974,6
156976,3
156978,8
156989,1
156991,3
156993,5
156996,1
156998,2
157000,2
157002,2
157004,3
157006,4
157009,3
157017,1
157019,1
157021,1
157023,1
157028,1
157034,1
157036,1
157038,2
157041,4
157043,1
157045,4
157047,11
157049,4
157051,5
157053,3
157055,12
157057,16
157059,6
157061,5
157063,3
157065,13
157067,12
157069,10
157071,1
157073,13
157075,12
157077,31
157079,16
157083,1
157085,3
157087,8
157089,1
157091,41
157093,1
157095,7
157098,10
157100,25
157102,3
157104,1
157106,58
157108,15
157110,18
157112,15
157114,3
157116,1
157118,2
157120,7
157122,727
157124,10
157126,6
157128,28
157130,17
157132,31
157134,10
157136,4
157138,10
157140,9
157142,31
157144,2
157146,5
157148,6
157150,9
157152,8
157154,25
157156,14
157158,17
157160,5
157162,6
157164,28
157168,1
157170,5
157172,11
157174,2
157176,87
157178,5
157182,3
157184,7
157186,32
157188,6
157190,5
157192,2
157194,2
157196,11
157198,6
157200,783
157202,2
157204,11
157206,4
157208,1
157210,7
157212,38
157214,3
157218,13
157220,1
157222,15
157224,173
157226,18
157228,3
157230,16
157232,9
157234,4
157236,1
157240,1
157242,1
157244,3
157250,1
157254,12
157258,1
157262,7
157264,4
157266,10
157268,274
157270,89
157272,18
157274,211
157276,167
157278,23
157280,3
157282,13
157284,4
157286,7
157288,1
157290,53
157292,2
157294,18
157296,5624
157298,8
157300,2
157302,3
157304,7
157306,3
157308,11
157310,3
157312,299
157314,2
157316,1
157318,639
157320,1
157322,3
157324,2
157326,232
157328,8
157330,8
157332,7
157334,6
157336,5
157338,387
157340,905
157342,37
157344,5
157346,11
157348,11
157350,8
157352,12
157355,3
157357,2
157359,3
157361,431
157363,7
157365,33
157367,6
157369,10
157371,6
157373,330
157375,8
157377,5
157379,8
157381,3
157385,24
157387,41
157389,2
157399,1
157401,9
157403,15
157405,17
157407,82
157409,8
157411,3
157415,1
157417,15
157419,13
157421,4
157424,2
157428,6
157432,63
157435,1
157438,5
157442,3
157445,8
157448,2
157451,3
157458,1
157464,3
157468,5
157471,1
157473,1
157477,7
157480,1
157482,1
157484,1
157492,2
157494,3
157496,2
157498,376
157500,15
157502,4
157504,2
157506,3
157508,1
157514,1
157524,1
157532,1
157538,3
157542,2
157544,3
157546,2
157549,2
157551,9
157553,11
157555,12
157557,17
157559,13
157561,25
157563,10
157565,3
157567,14
157569,65
157571,7
157573,8
157575,5
157577,11
157579,1
157581,4
157583,6
157585,10
157587,6
157589,4
157591,4
157593,7
157595,5
157597,3
157599,3
157601,3
157603,3
157605,2
157609,1
157615,1
157617,1
157621,1
157623,1
157625,6
157627,5
157629,7
157631,20
157633,5
157635,1
157637,15
157641,2
157643,5
157645,10
157657,6
157663,1
157665,3
157667,151
157669,15
157671,83
157673,29
157675,15
157677,11
157679,22
157681,4
157683,13
157687,2
157691,7
157693,1
157699,2131
157719,1
157721,27
157723,3
157727,4
157729,7
157731,3
157737,1
157749,5
157751,9
157753,3
157755,1
157757,3
157759,2
157761,3
157763,2
157765,3
157767,2
157769,5
157771,7
157773,3
157775,9
157777,9
157779,3
157781,2
157783,8
157785,10
157787,3
157789,2
157791,2
157793,26
157795,3
157797,175
157799,1
157801,8
157803,14
157805,3
157807,3
157809,3
157811,2
157813,10
157815,1
157817,2
157819,4
157821,5
157823,2
157825,3
157827,6
157829,6
157831,3
157833,6
157835,32
157837,6
157839,6
157841,3
157843,2
157845,3
157847,52
157849,19
157851,147
157853,73
157855,4
157857,1
157859,3
157861,1
157863,1
157865,107
157867,9
157869,2
157871,3
157873,3
157875,7
157877,2
157879,1
157881,78
157883,3
157885,1
157887,17
157889,1
157891,21
157893,3
157895,1
157897,1
157899,2
157901,3
157903,1
157907,1
157909,1
157913,2
157915,7
157917,1
157923,5
157925,1
157927,2
157929,1
157931,5
157933,1
157935,2
157937,3
157939,1
157941,1
157943,3
157945,1
157947,1
157949,1
157955,2
157957,6
157959,47
157961,208
157963,3
157965,1
157967,3
157969,13
157971,5
157973,1
157975,2
157977,3
157981,1
157983,1
157985,1
157987,3
157989,1
157991,2
157993,5
157995,20
157997,14
157999,3
158001,3
158003,50
158005,2
158007,24
158009,2
158011,1
158013,2
158015,1
158017,2
158019,5
158022,3
158024,5
158027,5
158029,10
158031,4
158033,3
158035,18
158037,2
158039,2
158041,3
158043,3
158045,2
158047,3
158049,18
158051,6
158053,17
158056,2
158058,2
158060,2
158062,1
158064,3
158066,1
158068,2
158070,72
158072,4
158074,3
158076,5
158078,3
158080,5
158082,2
158084,3
158086,2
158088,2
158090,7
158092,117
158094,22
158099,6
158101,9
158103,4
158105,2
158107,5
158119,3
158121,2
158123,5
158125,2
158127,2
158129,3
158131,2
158133,1
158135,3
158137,10
158139,5
158141,3
158143,3
158145,6
158147,10
158149,3
158151,10
158153,7
158155,4
158157,32
158159,33
158161,5
158163,3
158165,2
158167,4
158172,3
158182,9
158184,4
158186,2
158188,15
158190,1
158192,7
158196,1
158198,2
158200,3
158204,1
158206,3
158208,6
158210,4
158214,6
158216,1
158220,3
158222,1
158224,2
158226,1
158228,6
158230,2
158232,4
158234,1
158236,2
158238,6303
158240,1
158242,3
158244,14
158246,2
158248,6
158250,22
158252,12
158254,59
158256,5
158258,12
158260,311
158262,2
158264,12
158266,12
158268,25
158270,40
158272,2
158274,2
158276,5
158278,2
158280,5
158282,6
158284,27
158286,17
158288,14
158290,11
158292,9
158294,10
158296,28
158298,11
158300,15
158302,3
158304,11
158306,4
158308,7
158310,48
158312,4
158314,31
158316,42
158318,6
158320,4
158322,9
158324,4
158326,15
158328,5
158330,12
158332,3
158334,3
158336,39
158338,11
158344,3
158348,7
158352,1
158354,7
158356,2
158358,8
158360,3
158362,4
158364,8
158366,1
158368,14
158370,1
158372,2
158376,7
158378,1
158380,6
158382,82
158384,3
158386,2
158388,35
158390,18
158392,2
158394,13
158396,4
158398,33
158400,1
158402,82
158404,9
158406,2
158408,48
158410,1
158412,48
158414,58
158416,6
158418,7
158420,7
158422,4
158424,3
158426,4
158428,102
158435,2
158437,1
158439,3
158445,2
158447,1
158449,1
158451,2
158458,4
158460,4
158471,1
158476,2
158478,1
158486,3
158491,11
158508,4
158510,13
158512,3
158514,3
158518,14
158526,6
158528,842
158530,87
158532,17
158534,22
158536,10
158538,37
158540,12
158542,7
158545,1
158547,12
158549,5
158551,3
158553,2
158555,2
158557,1
158559,6
158561,5
158563,1
158565,9
158571,11
158575,30
158577,9
158579,8
158581,23
158583,1
158585,10
158587,9
158589,12
158591,6
158593,3
158595,4
158597,7
158599,7
158601,14
158603,15
158605,7
158607,12
158609,2
158611,15
158613,18
158615,5
158617,6
158619,21
158621,2
158623,2
158625,10
158627,2
158629,2
158631,2
158633,2
158635,2
158637,3
158639,4
158641,2
158643,2
158645,3
158647,2
158649,2
158651,28
158653,3
158655,12
158657,4
158659,13
158661,6
158663,2
158665,4
158667,3
158669,5
158671,4
158673,5
158675,3
158677,1
158679,3
158681,3
158683,2
158685,1
158687,2
158689,6
158691,29
158693,13
158695,5
158697,17
158699,1
158701,1
158705,3
158707,7
158709,5
158711,8
158713,2
158715,1
158717,3
158719,6
158721,5
158723,2
158725,21
158727,28
158729,9
158731,13
158735,2
158737,3
158739,1
158741,5
158743,8
158745,4
158747,3
158751,2
158753,1
158755,4
158757,1
158759,5
158761,4
158763,3
158765,5
158767,4
158769,5
158771,2
158773,1
158775,4
158777,3
158779,5
158781,1
158783,2710
158785,1
158789,2
158791,2
158797,1
158799,1
158801,6
158803,2
158805,10
158807,10
158809,1
158811,9
158813,1357
158815,2
158817,9
158819,7
158821,6
158823,9
158825,10
158827,13
158830,827
158832,8
158836,1
158838,1
158840,11
158842,263
158844,38
158846,41
158848,35
158850,22
158852,27
158854,20
158856,33
158858,58
158860,32
158862,22
158864,38
158866,25
158868,31
158870,22
158872,2321
158874,3
158876,12
158878,11
158880,9
158882,5
158884,4
158886,11
158888,11
158890,12
158892,2
158894,13
158896,5
158898,5
158900,14
158902,5
158904,16
158906,15
158908,4
158910,14
158912,6
158914,3
158916,5
158918,1
158920,2
158922,5
158924,5
158926,2
158928,11
158930,10
158932,2
158934,3
158936,5
158938,3
158940,10
158942,6
158944,3
158946,11
158948,2
158950,4
158952,2
158954,9
158956,202
158958,33
158962,93
158964,3
158966,3109
158968,13
158970,24
158972,658
158974,61
158976,21
158980,3
158982,7
158984,2
158986,3
158988,2
158990,4
158992,4
158996,2
158998,3
159000,42
159002,12
159004,20
159017,12
159022,2
159024,15
159026,5
159028,18
159030,16
159034,8
159036,12
159038,8
159040,7
159042,14
159044,4
159046,9
159048,1
159050,2
159053,1
159055,10
159057,3
159059,4
159061,983
159063,4
159065,5
159067,2
159069,12
159071,6
159073,7
159075,3
159077,109
159079,4
159081,8
159083,12
159085,7
159087,5
159089,16
159091,7
159093,4622
159095,5
159097,3
159099,7
159101,7
159103,10
159105,2
159107,16
159109,2
159111,18
159113,2
159115,15
159117,3
159119,2
159121,6
159123,3
159125,1
159127,5
159129,5
159131,7
159133,3
159135,1
159137,3
159139,5
159141,2
159143,9
159145,2
159147,4
159149,12
159151,10
159153,25
159155,12
159157,11
159159,13
159161,140
159163,88
159165,8
159167,2
159169,22
159173,11
159175,24
159177,40
159179,11
159181,4
159183,4
159185,54
159187,4
159189,3
159191,239
159193,776
159195,563
159197,4
159199,4
159201,1
159203,8
159205,2
159207,6
159209,10
159211,6
159213,14
159215,4
159217,5
159219,3
159221,7
159223,27
159225,3
159233,7
159235,3
159237,1
159239,3
159241,5
159243,12
159245,2
159247,1
159249,21
159251,2
159253,3
159255,2
159257,3
159259,9
159261,5
159265,1
159271,7
159273,1
159275,1
159281,1
159283,1
159287,1
159295,1
159297,1
159301,2
159303,7
159305,5
159307,5
159309,1
159311,6
159313,7
159315,7
159317,3
159319,3
159321,1
159323,3
159325,1
159329,5
159331,5
159333,2
159335,6
159337,2
159339,1
159343,1
159345,2
159347,1
159349,1
159353,1
159355,5
159357,4
159359,13
159361,8
159363,3
159367,7
159369,4
159371,2
159373,1
159375,7
159377,5
159381,3
159383,1
159385,1
159387,2
159389,3
159395,2
159397,2
159399,20
159401,15
159403,53
159405,12
159407,5
159409,11
159411,9
159413,4
159415,2177
159417,2
159419,18
159421,2
159423,17
159425,3
159427,48
159429,7
159431,4
159433,1
159435,7
159437,9
159439,29
159441,425
159443,5
159445,16
159447,264
159449,1
159451,129
159462,21
159464,2
159467,8
159469,12
159471,1
159473,1
159480,3
159482,1
159484,26
159486,16
159488,7
159490,1
159492,4
159496,2
159498,2
159500,2
159510,8
159522,1
159526,1
159528,1
159530,1
159536,5
159538,3
159540,14
159542,4
159546,1
159556,5
159558,2
159560,1
159562,1
159564,2
159568,1
159572,1
159592,1
159594,3
159600,2
159604,2
159606,57
159608,6
159610,13
159612,2
159614,83
159616,2
159618,1
159620,2
159622,13
159624,9
159626,37
159628,13
159630,2
159632,11
159634,1
159636,4
159638,8
159640,10
159642,5
159644,2
159646,5
159648,1
159650,3
159652,6
159654,3
159656,7
159658,6
159660,4
159664,1
159666,1
159668,3
159670,3
159672,3
159674,3
159676,3
159678,3
159680,2
159682,2
159684,2
159686,1
159688,2
159690,682
159692,27
159694,7
159696,102
159698,7
159700,2
159702,6
159704,6
159706,3
159708,4
159710,3
159712,3
159714,8
159717,915
159719,33
159721,15
159723,1
159725,23
159727,8
159729,19
159731,6
159733,16
159735,10
159739,8
159741,13
159747,5
159749,4
159751,2
159753,3
159755,840
159757,1
159759,1
159761,7
159763,2
159767,1
159769,7
159771,37
159773,10
159775,2
159777,3
159779,19
159781,5
159784,11
159786,5
159789,8
159795,8
159797,2
159799,21
159801,2
159803,8
159805,4
159807,6
159809,8
159811,161
159813,38
159817,2948
159821,3
159823,14
159827,145
159829,14
159833,1
159837,2
159839,3
159841,2
159849,491
159851,3
159853,15
159856,2
159858,2126
159860,2
159869,1
159873,5
159877,9
159879,1
159892,1
159894,3
159896,2
159898,1
159904,1
159906,7
159913,1
159915,16
159917,355
159922,3
159924,3
159942,7
159944,24
159951,1
159955,1
159958,4
159960,1
159965,1
159968,1
159970,45
159972,70
159974,2
159976,99
159978,5
159980,6
159984,5
159988,5
159992,7
159994,7
159996,4
159998,2
160000,3
160002,2
160004,2
160008,3
160010,33
160012,23
160014,4
160016,9
160018,22
160020,79
160022,2
160024,3
160026,5
160028,1
160030,2
160040,1
160042,2
160044,2
160048,5
160050,1
160052,1
160054,3
160056,14
160058,1
160062,1
160064,2
160066,5
160068,1
160072,1
160074,1
160078,1
160080,2063
160082,3
160084,50
160086,10
160088,2
160090,3
160092,6
160096,2
160098,2
160100,6
160102,3
160104,3
160106,10
160108,1
160110,59
160112,182
160114,37
160116,5
160118,1
160120,4
160122,2
160124,25
160126,15
160128,9
160131,6
160133,4
160135,2
160137,2
160139,24
160141,6
160143,2
160145,26
160147,14
160149,52
160151,9
160153,6
160155,13
160157,2
160159,11
160161,31
160165,6
160167,2
160169,18
160171,6
160173,7
160175,8
160177,7
160179,9
160181,12
160183,4
160185,11
160187,50
160189,10
160191,13
160195,6
160197,4
160199,6
160201,64
160203,7
160205,15
160207,11
160209,50
160211,1
160213,2
160215,2
160217,8
160219,14
160221,9
160223,4
160225,5
160227,3
160229,1
160231,13
160233,3
160236,27
160238,16
160240,4
160245,1
160247,1
160253,2
160255,1
160259,2
160261,1
160265,4
160267,4
160269,2
160271,1883
160273,9
160275,2
160277,3
160279,9
160281,8
160283,2
160285,2
160287,3
160289,658
160291,15
160293,7
160295,3
160297,5
160299,3
160301,68
160303,8
160305,3
160307,1
160315,7
160317,34
160319,19
160321,3
160323,3
160327,18
160331,2
160333,35
160335,64
160337,10
160339,8
160341,2
160343,3
160346,12
160348,9
160350,1
160352,6
160354,5
160356,5
160358,2
160360,7
160362,1
160366,1
160368,2
160370,2
160378,3
160380,6
160382,1
160384,2
160386,2
160388,3
160392,2
160394,9
160396,2
160398,12
160400,128
160402,16
160404,1
160406,7
160408,6
160410,1
160412,2
160414,1
160416,28
160418,4
160420,13
160422,7
160424,4
160426,12
160428,19
160430,5
160432,18
160434,10
160436,33
160438,3251
160440,5
160442,1
160444,4
160446,6
160448,9
160450,2
160452,5
160454,25
160456,13
160458,6
160460,11
160462,8
160464,16
160466,2
160468,3
160470,10
160472,3
160474,26
160476,2
160480,5
160484,6
160486,5
160488,1
160492,3
160494,11
160496,1
160498,1
160504,2
160506,3
160508,3
160511,4
160513,1
160515,5
160519,10
160521,1
160523,1
160525,2
160527,6
160529,2
160531,6
160533,33
160535,1
160541,3
160543,2
160545,12
160547,1
160549,4
160551,5
160553,80
160555,49
160557,16
160559,135
160561,4
160563,1060
160565,834
160567,757
160569,645
160571,830
160573,451
160575,14
160577,4
160579,4
160581,61
160584,3
160586,18
160588,6
160590,34
160592,1
160596,6
160598,30
160600,5
160602,3
160604,19
160606,3
160608,31
160614,2
160616,1
160618,1
160620,2
160622,1
160624,2
160638,16
160640,1
160642,2
160644,104
160646,50
160648,55
160650,17
160652,21
160654,4
160656,170
160658,1
160660,3
160662,1
160664,2
160666,28
160668,1
160670,2
160672,6
160674,64
160676,1
160678,33
160680,20
160682,10
160684,138
160686,6
160690,1
160692,2
160694,9
160696,1
160698,6
160700,27
160702,2
160704,1
160706,24
160708,6
160710,81
160712,3
160714,9
160716,5
160718,1918
160720,13
160722,17
160724,1
160726,42
160728,2
160730,32
160732,4
160734,8
160736,4
160738,2
160742,1
160744,9
160746,4
160754,3
160756,2
160762,1
160764,5
160766,1
160768,11
160770,14
160772,1
160776,12
160778,1
160780,3
160782,4
160784,1
160788,1
160792,5
160794,2
160796,12
160798,8
160800,2
160802,3
160804,2
160808,3
160810,4
160812,4
160816,1
160822,1
160826,2
160828,5
160830,5
160832,3
160836,14
160838,3
160840,1
160842,1
160844,5
160846,10
160848,500
160850,2
160852,5
160854,3
160858,13
160860,9
160862,22
160864,2
160866,5
160868,1
160870,3
160872,28
160874,79
160876,88
160878,3
160880,31
160882,24
160884,5
160886,8
160888,1
160890,6
160892,78
160894,9
160896,17
160898,16
160900,1
160902,1
160906,2
160908,1
160910,2
160912,2
160914,1
160916,2
160918,3
160920,1
160922,1
160924,2
160926,1
160928,1
160930,1
160932,1
160934,1
160936,1
160938,3
160940,1
160942,3
160944,1
160946,3
160948,9
160950,3
160952,31
160954,1392
160956,21
160958,1
160962,23
160964,25
160966,2
160968,1
160970,1
160972,1
160974,3
160976,15
160978,13
160980,3433
160982,51
160984,18
160986,8
160988,88
160990,156
160992,30
160994,1
160996,2
160998,2
161000,1
161002,2
161004,1
161008,4
161010,1
161012,11
161014,9
161016,4
161018,5
161020,1
161022,9
161024,129
161026,4
161028,10
161030,2
161032,79
161034,63
161036,3
161038,2
161040,3
161042,6
161044,6
161046,18
161048,3
161050,4
161052,3
161054,2
161056,1
161058,4
161060,51
161062,62
161064,4
161066,13
161068,12
161070,4
161072,4
161074,13
161076,1
161078,47
161080,4
161082,3
161084,7
161086,9
161090,4
161092,4
161094,12
161096,7
161098,5
161100,4
161103,5
161105,23
161107,11
161109,8
161111,26
161113,18
161115,10
161117,12
161119,5
161121,7
161123,3
161127,668
161129,1
161131,2910
161133,1
161135,3
161139,1
161141,2
161143,10
161145,3
161147,5
161149,4
161151,5
161153,2
161155,6
161157,24
161159,3
161161,2
161163,9
161165,4
161167,1
161169,11
161171,24
161173,16
161175,19
161177,9
161179,29
161181,10
161185,2
161187,4
161190,14
161192,16
161194,2
161198,2
161200,8
161202,8
161204,8
161206,19
161208,13
161210,3
161212,1
161214,1
161216,13
161218,4
161222,6
161224,2
161226,3
161230,2
161232,1
161234,6
161240,67
161246,2
161248,1
161250,5
161256,1
161258,1
161262,3
161264,1
161266,1
161268,1
161270,6
161274,8
161276,1
161278,2
161280,2
161282,6
161284,1
161286,7
161288,10
161290,10
161292,23
161294,10
161296,1
161298,7
161300,3
161302,14
161304,8
161306,5
161308,3
161310,6
161312,38
161316,3
161318,8
161324,4
161326,15
161328,19
161330,3
161332,4
161334,35
161336,21
161338,6
161340,3
161342,6
161344,1
161346,30
161348,291
161350,3
161354,520
161356,3
161358,4
161360,8
161362,11
161364,8
161368,3
161370,2
161374,2
161378,1
161392,2
161394,5
161396,9
161398,4
161400,1
161402,3
161404,1
161406,7
161408,2
161410,1
161412,1
161418,1
161420,1
161422,2
161426,9
161428,2
161430,3
161432,4
161436,2
161438,2
161440,5
161442,1
161444,8
161446,6
161448,4
161450,8
161454,3
161456,2
161458,3
161460,3
161464,4
161466,2
161468,4
161470,1
161474,15
161476,3
161482,2
161484,5
161486,4
161490,16
161492,2
161494,1
161500,4
161502,5
161504,10
161506,5
161508,9
161512,1
161514,1
161520,1
161524,1
161526,1
161528,2
161530,5
161534,4
161536,2
161538,3
161544,6
161550,4
161554,5
161556,6
161558,1
161562,4
161564,8
161568,1
161570,1
161572,2
161578,6
161580,1126
161582,4099
161584,67
161586,73
161588,46
161590,11
161592,18
161594,157
161596,13
161598,2
161600,1
161602,6
161604,25
161606,4
161608,23
161610,2
161612,2
161614,2
161616,26
161618,1
161620,33
161622,27
161624,14
161626,12
161628,4
161630,7
161632,11
161634,2471
161636,4
161638,6
161640,4
161642,3
161644,1
161646,6
161650,281
161652,15
161654,22
161656,5
161658,29
161660,1
161662,7
161666,13
161668,2
161670,3
161672,11
161674,14
161676,8
161678,8
161680,1
161682,2
161684,11
161686,45
161688,2
161690,2
161692,3
161694,2
161696,1
161700,1
161702,7
161704,1
161706,1
161708,4
161710,6
161712,4
161716,1
161720,5
161722,2
161724,2
161726,1
161730,2
161732,1
161734,2
161738,33
161742,2
161746,4
161750,1
161752,4
161754,3
161756,3
161758,1
161760,1
161762,6
161764,1
161766,1
161768,6
161770,2
161772,2
161774,1
161776,2
161778,7
161780,5
161782,7
161784,11
161786,15
161788,8
161790,16
161792,11
161794,16
161796,15
161798,15
161800,8
161802,8
161804,11
161806,11
161808,6
161810,10
161812,9
161814,11
161816,9
161818,7
161820,12
161822,7
161824,2
161826,5
161830,11
161832,1
161834,2
161836,1
161838,2
161842,3
161846,4
161848,3
161852,80
161854,3
161864,1
161868,1
161872,5
161876,2
161878,1
161882,2
161888,1
161892,4
161894,4
161896,1
161898,2
161902,1
161904,3
161906,2
161908,2
161912,1
161914,3
161916,22
161918,81
161920,47
161922,1685
161924,14
161926,5
161928,14
161930,7
161932,2
161934,10
161936,5
161938,3
161940,30
161942,32
161944,3
161948,1
161950,1
161952,1
161954,343
161956,348
161958,62
161960,4
161962,7
161964,2
161966,618
161968,22
161970,4
161972,11
161974,23
161976,6
161978,4
161980,1
161984,3
161986,4
161988,2
161990,12
161992,3
161998,9
162000,1
162002,4
162004,15
162006,14
162008,11
162010,4
162012,4
162018,1
162022,2
162024,3
162026,4
162032,4
162038,3
162040,1
162042,2
162046,5
162052,1
162054,3
162056,1
162058,8
162060,4
162062,4
162064,1
162066,5
162070,2
162072,1
162074,2
162078,3
162080,11
162082,3201
162084,1
162086,10
162088,10
162090,10
162092,11
162094,12
162098,12
162100,5
162102,6
162106,4
162108,4
162110,6
162112,4
162116,1
162118,1
162120,2
162126,3
162128,1
162130,2
162132,1
162134,4
162138,1
162146,2
162148,115
162150,40
162152,7
162154,3
162156,7
162158,21
162160,65
162162,27
162164,1
162166,3
162168,9
162170,10
162172,21
162174,3
162178,1
162188,4
162190,3
162192,3
162194,3
162196,3
162198,3
162200,1
162202,2
162204,7
162208,3
162210,48
162212,3
162214,2
162216,15
162218,3
162220,2
162222,1
162224,2
162226,3
162228,11
162230,1
162232,8
162234,1
162236,1
162238,2
162240,4
162242,4
162244,5
162246,25
162248,3
162250,9
162252,4
162254,7
162256,2
162258,4
162260,3
162262,6
162264,5
162266,3
162268,10
162270,4
162272,16
162274,6
162276,6
162278,6
162280,2
162282,3
162284,4
162286,3
162288,4
162290,6
162292,3
162294,4
162296,7
162298,3
162300,3
162302,12
162304,17
162306,2
162308,25
162310,6
162312,5
162314,1
162316,38
162318,4
162320,7
162322,793
162324,7
162326,12
162328,2
162330,1
162332,4
162334,5
162336,6
162338,4
162340,1
162342,2
162344,117
162346,35
162348,64
162350,1939
162352,3
162354,4
162356,39
162358,4
162360,2
162362,21
162364,3
162368,8
162372,1
162374,5
162378,3
162380,13
162382,11
162384,9
162386,6
162388,4
162390,5
162392,3
162394,7
162396,149
162398,10
162400,9
162402,1
162404,1
162406,2
162408,2
162410,6
162412,2
162414,4155
162416,48
162418,106
162420,13
162422,18
162424,8
162426,2
162428,4
162430,3
162434,4
162436,5
162438,1
162442,11
162444,1
162446,3
162448,58
162450,6
162452,10
162454,1
162456,8
162458,6
162460,56
162462,13
162464,34
162468,2
162470,35
162472,14
162474,18
162478,456
162480,6
162482,7
162484,4
162486,1
162488,13
162496,1
162498,5
162500,4
162502,2
162506,1
162508,1
162510,1
162512,3
162514,3
162518,1
162520,3
162522,6
162530,3
162536,7
162540,32
162542,37
162544,2
162546,7
162550,4
162552,1
162554,1
162556,7
162558,3
162560,1
162566,41
162568,10
162570,5
162572,12
162574,3
162576,66
162578,3312
162580,1
162582,7
162584,7
162586,11
162588,4
162590,632
162592,240
162594,342
162596,193
162598,1460
162600,2289
162602,1493
162604,63
162606,4370
162608,57
162610,14
162612,3
162614,1
162616,8
162618,5
162620,12
162622,1
162624,9
162626,10
162628,4
162632,35
162634,45
162636,3
162638,12
162640,8
162642,3
162644,3
162646,6
162648,11
162650,12
162652,5
162654,14
162656,13
162658,9
162660,65
162662,7
162664,18
162666,18
162668,12
162670,13
162672,15
162674,1
162676,23
162678,1
162680,2
162682,24
162690,1
162698,3
162700,1
162702,4
162704,2
162710,1
162712,2
162714,7
162716,58
162718,13
162720,2
162722,7
162724,5
162726,73
162728,6
162730,156
162732,25
162734,1
162736,10
162738,515
162740,4
162742,1
162744,10
162746,3
162748,1
162750,2
162752,3
162754,2
162756,1
162758,4
162760,5
162762,5
162764,1
162766,2
162768,3
162774,7
162776,16
162778,2
162780,4
162782,2
162784,1
162786,2
162788,2
162794,1
162796,3
162798,3
162800,7
162802,1
162806,2
162808,13
162810,5
162812,4
162814,9
162816,5
162818,5
162820,5
162822,5
162824,5
162826,6
162828,407
162830,9
162832,3
162834,3
162836,1
162838,6
162840,1
162842,121
162844,29
162846,9
162848,3
162850,20
162852,3
162854,1
162856,3
162858,3
162860,10
162862,4
162864,94
162866,6
162868,9
162870,14
162872,8
162874,1
162876,5
162878,7
162880,10
162882,173
162884,3
162886,3
162888,5
162890,4
162892,11
162894,1
162896,2
162898,5
162900,10
162902,1
162904,1
162906,1
162908,2
162910,1
162912,5
162914,3
162916,9
162918,1
162920,2
162922,8
162924,6
162926,1
162928,13
162930,5
162932,2
162934,5
162936,4
162938,2
162940,2
162942,3
162944,4
162946,7
162948,6
162950,11
162952,6
162956,7
162958,6
162960,1
162962,4
162964,2
162966,1
162968,69
162970,6
162972,2
162974,3
162976,2
162978,2
162980,2
162982,122
162984,12
162986,4
162988,12
162990,77
162992,9
162994,4
162996,3
162998,5
163000,19
163002,7
163004,5
163006,45
163008,1
163010,1
163012,2
163014,2
163016,1
163018,1
163020,71
163022,49
163024,3
163026,12
163028,2
163030,4
163032,3
163034,7
163036,1
163038,3
163040,4
163042,3
163044,3
163046,1
163048,18
163050,2
163052,22
163054,2
163056,402
163058,1
163060,46
163062,26
163064,29
163066,121
163068,13
163070,15
163072,237
163074,1
163076,19
163078,7
163080,2
163082,1
163084,1
163086,1
163088,13
163092,43
163094,96
163096,5
163098,1
163100,1
163102,9
163104,1
163106,4
163108,3
163110,4
163112,191
163116,1
163118,40
163120,4
163122,34
163124,19
163126,14
163128,7
163130,3
163132,6
163134,3764
163136,68
163138,1
163140,21
163142,4
163144,17
163146,2
163148,2
163150,1
163152,3
163154,9
163158,1
163160,1
163162,1
163164,1
163166,1
163168,2
163170,1
163172,1
163174,1
163178,2
163180,2
163190,4
163194,19
163196,1
163202,2
163206,6
163208,14
163210,1
163214,1
163218,2
163228,1
163232,2
163234,2
163236,2
163238,2
163240,4
163242,3
163246,6
163250,4
163254,1
163256,1
163260,1
163262,1
163266,1
163268,1
163270,1
163272,3
163274,4
163276,1
163278,1
163280,1
163282,1
163284,1
163286,14
163288,1
163290,1
163292,1
163294,2
163296,3
163298,1
163300,1
163302,10
163304,3
163306,4
163308,7
163310,2
163312,48
163314,6
163316,1
163318,7
163320,1
163322,1
163324,1
163326,1
163328,1
163330,1
163332,1
163334,1
163336,1
163338,1
163340,1
163342,1
163344,1
163346,1
163348,1
163350,1
163352,1
163354,2
163356,1
163358,1
163360,2
163364,1
163366,2
163368,1
163370,1
163372,1
163374,1
163376,14
163378,1
163382,9
163384,4
163386,161
163388,15
163390,3
163392,7
163396,11
163398,5
163400,3
163404,2
163408,1
163410,2
163412,6
163414,2
163420,2
163422,13
163424,8
163426,8
163428,4
163430,3
163432,5
163434,1
163436,3
163438,5
163440,3
163442,1
163444,6
163446,1
163448,2
163450,18
163452,2
163454,11
163456,25
163458,5
163460,14
163462,13
163464,56
163466,27
163468,5
163470,11
163472,5
163474,28
163476,10
163478,21
163480,6
163482,4
163484,1
163486,1
163488,8
163490,2
163492,7
163494,3
163496,88
163498,3
163500,1
163502,2
163504,59
163506,3
163508,146
163510,54
163512,155
163514,10
163517,2
163519,12
163521,6
163523,10
163525,9
163527,27
163529,14
163531,7
163533,9
163535,27
163537,1
163539,8
163541,22
163543,3
163545,4
163547,39
163549,1
163551,2
163553,13
163555,19
163557,4
163559,3
163561,17
163563,11
163565,6
163567,4
163569,22
163571,29
163573,8
163576,5
163583,1
163585,71
163587,43
163589,4
163591,12
163593,2
163595,2
163597,4
163599,6
163601,4
163603,3
163605,6
163611,1
163613,1
163615,8
163617,19
163619,1
163625,4
163627,2
163631,8
163633,5
163635,1
163637,2
163639,8
163641,3
163643,3
163645,5127
163647,4
163649,1
163651,4
163653,28
163655,2
163659,3
163661,4
163663,119
163665,4
163667,2
163669,3
163671,10
163673,9
163675,3
163677,6
163679,1
163681,7
163683,6
163685,1
163687,4
163689,6
163691,18
163693,11
163695,7
163697,5
163699,4
163701,10
163703,1
163705,4
163707,1
163709,2
163711,2
163713,30
163715,26
163717,45
163719,35
163723,2
163725,1
163731,8
163733,3
163735,1
163739,1
163741,1
163745,2
163747,10
163749,1
163751,5
163755,1
163757,8
163759,3
163761,27
163763,26
163765,29
163767,13
163769,5
163771,86
163773,4
163775,15
163779,24
163781,14
163783,6
163787,2
163789,1
163793,1
163797,4
163799,3
163801,1
163803,4
163805,1
163807,18
163809,1397
163811,7
163813,2
163815,1
163817,2
163819,3
163821,3
163823,1
163825,2
163831,1
163833,1
163835,1
163837,1
163839,1
163843,3
163847,1
163851,2
163853,2
163855,1
163859,1
163861,1
163863,1
163865,1
163871,1
163873,1
163875,1
163877,1
163881,22
163883,4
163885,3
163887,1
163891,1
163893,3
163897,1
163901,2
163905,4
163907,1
163909,68
163911,63
163913,10
163915,4
163917,7
163919,3
163921,34
163923,9
163925,66
163927,1
163929,3
163931,86
163933,1
163935,25
163937,421
163939,22
163941,75
163943,6
163945,2
163947,2
163949,154
163951,52
163953,9
163955,84
163957,3
163959,251
163961,2
163963,4
163965,85
163967,3
163969,3
163971,195
163975,3
163977,4
163979,41
163981,108
163983,29
163985,625
163987,6
163989,18
163991,4
163993,33
163995,26
163997,13
163999,20
164001,6
164003,4
164005,18
164007,10
164009,3
164011,1
164013,4
164015,7
164017,15
164019,47
164021,2
164023,3
164025,19
164027,14
164029,6
164031,3
164033,4
164035,4
164037,2
164039,4
164041,35
164043,2
164045,5
164047,29
164049,12
164053,2
164055,6
164057,7
164059,2
164061,2
164063,2
164065,1
164067,4
164069,3
164071,9
164073,1
164075,4
164077,5
164079,1
164081,4
164083,1
164085,2
164087,1
164089,1
164091,1
164093,3
164095,1
164097,1
164099,1
164101,4
164103,28
164105,5
164107,152
164109,1
164111,17
164113,1
164115,8
164117,6
164119,2
164121,5
164123,6
164125,1
164127,3
164129,4
164131,5
164133,2
164135,7
164137,10
164139,15
164141,122
164143,15
164145,37
164147,70
164149,29
164151,9
164153,3
164155,2
164157,5
164159,2
164161,6
164163,104
164165,5
164167,7
164169,12
164171,7
164173,24
164175,749
164177,1
164179,19742
164181,18
164183,12
164185,14
164187,3
164189,2
164191,6
164194,9
164196,20
164198,3
164200,710
164202,10
164204,124
164206,2
164208,4
164210,2
164212,1
164214,10
164216,1
164218,15
164220,4
164222,17
164224,6
164226,40
164228,58
164230,1
164232,8
164234,4
164236,28
164238,10
164240,9
164242,3
164244,1
164246,4
164248,2
164250,2
164252,5
164254,4
164256,10
164258,8
164260,122
164262,7
164264,54
164266,2
164268,41
164270,4
164272,6
164274,5
164276,8
164278,3
164280,80
164282,19
164284,3
164286,4
164288,3
164290,1
164292,3
164298,10
164300,9
164302,6
164304,3
164306,3
164308,2
164310,2
164312,1
164314,8
164316,2
164326,1
164328,2
164330,4
164332,2
164334,1
164336,2
164338,2
164342,4
164344,6
164348,10
164350,1
164352,7
164354,6
164356,3
164363,2
164365,6
164367,674
164369,100
164371,13
164373,44
164375,17
164379,2
164381,8
164383,2
164387,45
164391,4
164393,3
164395,57
164397,29
164399,24
164401,1
164403,13
164405,13
164407,11
164409,3
164411,426
164413,2
164415,6
164417,3
164421,2
164423,2
164425,6
164431,2
164433,1
164435,8
164437,5
164439,2
164441,8
164443,3
164445,11
164447,6
164449,19
164451,2
164453,4
164455,51
164467,2
164471,2
164473,1
164481,6
164485,3
164493,11
164495,11
164497,3
164499,17
164501,5
164503,9
164505,1
164507,8
164509,1
164511,1
164513,10
164515,2
164518,6
164520,2
164522,2
164524,3
164526,1
164528,16
164530,2
164532,7
164534,4
164536,3
164538,6
164540,365
164542,3
164544,22
164546,74
164548,1
164550,5
164552,1
164554,1
164556,1
164558,1
164560,3
164562,4
164564,3
164566,2
164568,14
164572,2
164574,1
164576,2
164578,8
164580,4
164582,1
164584,6
164586,5
164588,10
164590,13
164592,1
164594,6
164596,5
164598,75
164600,13
164602,15
164604,18
164606,82
164608,4
164610,5
164612,6
164614,10
164616,27
164618,1
164620,1
164622,11
164624,1
164627,1
164629,3
164631,9
164633,5
164635,11
164637,1
164639,49
164641,2
164643,29
164645,9
164647,13
164649,64
164651,5
164653,2
164655,70
164657,2
164659,21
164661,3
164663,1
164667,17
164669,11
164671,1
164673,15
164675,3
164677,3
164679,3
164681,1
164683,1
164685,6
164687,7
164689,9
164691,5
164693,1
164695,21
164697,4
164699,48
164701,3
164703,8
164705,3
164707,21
164709,32
164711,7
164713,5
164715,2
164717,3
164719,3
164721,4
164723,4
164725,50
164727,25
164729,46
164731,7
164733,3
164735,93
164737,24
164739,20
164741,14
164743,11
164745,2
164747,13
164749,19
164751,22
164753,8
164755,6
164757,9
164759,12
164761,4
164763,14
164765,2
164767,27
164769,6
164771,7
164773,6
164775,5
164777,6
164779,6
164781,1
164783,2
164785,3
164787,4
164789,8
164791,9
164793,8
164795,3
164797,8
164799,1
164801,34
164803,14
164805,7
164807,7
164809,5
164813,3
164815,4
164817,13
164819,3
164821,755
164823,12
164825,3
164827,5
164829,4
164831,4
164833,3
164835,4
164837,4
164839,7
164841,5
164843,6
164845,3
164847,2
164849,6
164851,2
164853,8
164855,13
164857,6
164859,18
164861,3
164863,5
164865,4
164867,1
164869,44
164871,4
164873,4
164875,5
164877,11
164879,7
164881,19
164883,1
164885,1
164887,2
164889,3
164893,27
164895,6
164897,3
164899,215
164901,9
164903,9
164905,51
164907,5
164909,7231
164911,1
164913,5
164915,7
164917,608
164919,1
164921,54
164923,10
164925,2
164927,2
164929,23
164931,267
164933,66
164935,55
164937,7
164939,14
164941,19
164943,3
164945,9
164947,5
164949,544
164951,1
164953,6
164955,1
164957,23
164959,37
164961,3
164963,7
164965,2
164967,11
164969,3
164971,16
164973,2
164975,2
164977,1
164981,983
164983,109
164985,3
164987,1
164989,2
164991,2
164993,3
164997,3
164999,1
165003,24
165009,15
165013,4
165015,2
165017,1
165023,35
165025,2
165027,1
165029,4
165031,1
165033,2
165035,3
165039,8
165041,6
165043,1
165045,4
165049,10
165051,7
165053,13
165057,2
165059,13
165063,1
165065,5
165067,9
165069,81
165071,26
165073,3
165075,15
165077,1
165079,2
165081,2
165083,6
165085,72
165087,176
165089,2
165091,7
165093,4
165095,9
165097,3
165099,4
165101,1336
165103,591
165105,492
165107,5
165109,4
165111,2
165113,5
165115,36
165117,34
165119,131
165121,5
165123,29
165125,31
165127,18
165129,11
165131,2
165133,3
165135,2
165137,5
165139,34
165141,829
165145,13
165147,6
165149,2
165151,11
165153,15
165155,17
165157,4
165159,9
165161,6
165163,36
165165,2
165167,14
165169,14
165171,11
165173,4
165175,4
165177,6
165179,69
165181,3
165183,3
165185,10
165187,3
165189,11
165191,8
165193,1
165195,3
165197,2
165199,3
165201,1
165203,6
165205,12
165207,8
165211,4
165215,7
165217,7
165219,125
165221,5
165223,12
165225,4
165227,5
165229,5
165231,6
165233,2
165235,38
165237,4
165239,96
165241,11
165243,2
165249,1
165253,3
165257,1
165259,2
165263,1
165265,9
165271,2
165273,1
165275,2
165279,1
165281,2
165283,4
165285,1
165287,15
165289,10
165291,6
165293,3
165295,10
165297,1
165299,2
165301,11
165303,2
165305,5
165307,4
165309,2
165311,1
165313,12
165315,2
165317,5
165319,5
165321,2
165323,6
165325,2
165327,6
165329,55
165331,6
165333,4
165335,5
165337,207
165339,1
165341,3
165343,102
165345,1
165347,1243
165349,57
165351,29
165353,111
165355,7
165357,10
165359,3
165361,2
165365,9
165367,8
165369,4
165371,1
165375,3
165377,4
165379,2
165381,2
165383,3
165385,1
165387,5
165389,3
165391,5
165393,3
165395,44
165397,22
165399,1
165401,1
165403,1
165405,2
165407,45
165409,3
165411,1
165413,59
165415,3
165417,4
165419,2
165421,125
165423,6
165425,6
165431,3
165437,6
165439,1
165441,69
165443,7
165449,4
165459,1
165461,3
165465,2
165469,1
165471,25
165473,3
165475,3
165477,3
165479,2
165483,102
165485,3
165487,40
165489,32
165491,170
165493,22
165495,1
165497,9
165499,5
165501,13
165503,277
165505,3
165507,2
165509,3
165511,5
165513,1
165515,1
165519,1
165523,3
165525,4
165527,244
165529,6
165531,16
165533,18
165535,1
165537,27
165539,53
165541,2
165543,2
165545,20
165547,3
165549,3452
165551,2501
165553,43
165555,17
165557,1
165559,4
165561,4
165563,8
165565,5
165567,9
165569,7
165571,2
165573,4
165575,6
165577,10
165579,7
165581,13
165583,4
165585,1
165587,1
165589,8
165591,6
165593,4
165595,2
165599,1
165601,132
165603,1408
165605,6
165607,1
165609,2
165611,9
165613,7
165615,1
165617,1
165621,4
165625,4
165627,4
165629,12
165631,20
165633,7
165635,45
165637,5
165639,162
165641,117
165643,48
165645,195
165647,32
165649,1
165651,22
165653,3
165655,5
165659,1
165661,7
165663,2
165665,2
165667,3
165669,79
165671,24
165673,37
165675,5
165677,9
165679,1
165681,50
165683,4
165685,12
165687,3
165689,2
165691,1
165693,2
165695,3
165699,477
165701,4
165703,5
165709,38
165713,1
165715,12
165717,9
165719,14
165721,1
165723,36
165725,1
165727,7
165729,10
165731,1
165733,2
165735,11
165737,17
165739,3
165741,4
165743,3
165745,1
165747,4
165749,16
165753,15
165755,3
165757,2
165759,3
165761,4
165763,1
165765,1
165767,2
165769,3
165771,1
165773,4
165775,1
165777,1
165779,1
165781,5
165787,3
165791,1
165793,1
165797,2
165799,2
165801,5
165803,6
165805,5
165807,8
165809,1
165811,1
165815,2
165817,4
165819,8
165821,2
165823,61
165825,11
165827,4
165829,1
165831,127
165833,1
165835,4
165837,18
165841,26
165843,27
165845,8
165847,2
165849,16
165851,5
165853,39
165855,28
165857,1
165859,87
165861,1
165863,7
165865,16
165867,4
165869,50
165871,3
165873,7
165875,4
165877,11
165879,14
165881,2
165883,51
165885,34
165889,7
165891,10
165893,15
165895,4
165897,63
165899,3
165901,10
165903,2
165905,2
165907,2
165909,2
165911,2
165913,2
165915,1
165917,1
165919,1
165923,11
165925,4
165927,41
165929,17
165931,11
165933,25
165935,3
165937,624
165939,26
165941,21
165945,3
165947,210
165949,2
165951,13
165953,7
165957,2
165959,92
165961,71
165963,49
165965,7
165967,1
165969,302
165973,4
165981,4
165983,1
165985,8
165987,2
165989,1
165991,2
166001,1
166005,13
166007,1
166009,12
166011,6
166013,18
166015,59
166018,2
166020,65
166022,12
166024,3080
166026,14
166028,3
166030,4
166034,1
166036,7
166038,1
166040,6
166042,100
166044,8
166046,1
166048,1
166050,1
166052,3
166054,3
166056,3
166058,2
166060,3
166062,8
166064,5
166066,1
166068,4
166070,10
166072,3
166074,8
166076,3
166126,12
166136,5
166138,3
166140,53
166143,28
166145,4
166147,1
166149,104
166151,6
166153,4
166155,3
166157,9
166159,1
166161,4
166163,13
166165,1
166167,15
166169,6
166171,2
166173,8
166175,11
166177,2
166179,17
166181,1
166183,110
166185,14
166187,3
166189,3
166191,3
166193,2
166195,4
166197,3
166199,2
166201,4
166203,30
166205,2
166207,4
166209,4
166211,3
166213,26
166215,2
166217,7
166219,2
166221,8
166223,3
166225,4
166227,4
166229,5
166231,4
166233,9
166235,55
166237,4
166239,2
166241,7
166243,3
166245,55
166247,9
166251,6
166253,1
166255,11
166257,3
166259,11
166263,1
166265,2
166267,3
166269,2
166271,3
166273,4
166275,5
166277,2
166279,2
166281,11
166283,16
166285,43
166287,22
166289,8
166291,893
166293,2
166295,44
166297,3
166299,14
166301,4
166303,1
166306,15
166310,29
166312,26
166314,2
166316,1
166318,1
166320,3
166322,11
166324,8
166326,2
166328,3
166330,3
166332,6
166334,6
166336,3
166338,2
166340,6
166342,3
166344,1
166346,13
166348,9
166367,1
166369,100
166371,5
166373,13
166375,2
166377,1
166379,42
166381,1
166383,2
166389,2
166391,1
166393,2
166395,11
166399,3
166401,3
166403,7
166405,1
166409,5
166411,1
166413,2
166415,4
166417,1
166419,6
166421,1
166423,9
166425,5
166429,3
166437,1
166441,6
166443,5
166445,5
166447,4
166449,4
166451,2
166453,7
166455,13
166457,1
166459,11
166461,8278
166463,3
166465,14
166467,2
166472,19
166474,7
166476,3
166478,55
166480,25
166482,13
166484,5
166486,686
166488,2
166490,7
166492,516
166494,28
166496,1
166498,23
166500,9
166502,3
166504,2
166506,4
166508,4
166510,2
166512,3
166514,2
166516,7
166518,10
166520,4
166522,3
166524,25
166526,472
166528,12513
166530,117
166532,216
166534,5711
166536,11
166538,14
166540,16
166542,11
166544,54
166546,6
166548,2
166550,9
166552,2
166554,2
166556,2
166558,735
166560,2
166562,53
166564,4
166566,17
166568,811
166570,6
166572,51
166574,2
166576,2
166578,1
166580,5
166583,7
166587,9
166589,33
166591,6
166593,2
166595,3
166597,3
166599,6
166601,8
166603,6
166605,5
166607,5
166609,8
166611,3
166613,16
166615,68
166617,4
166619,2
166621,6
166623,4
166625,4
166627,21
166629,11
166631,3
166633,2
166635,5934
166637,1
166639,2
166641,2
166643,5669
166645,3
166647,8
166649,7
166651,3
166653,35
166655,235
166657,10
166659,3
166663,5
166665,11
166667,4
166669,5
166671,4
166673,9
166677,2
166679,4
166685,2
166687,4
166691,4
166695,4
166697,1
166699,9
166701,1
166703,3
166705,781
166707,3
166709,3
166711,3
166715,20
166717,3
166719,1
166721,112
166723,2
166725,4
166727,10
166729,18
166731,4
166733,2
166735,6
166737,1
166739,5
166741,30
166743,5
166745,5
166747,5
166749,3
166751,2
166753,6
166755,48
166757,3
166759,4
166761,18
166763,18
166765,50
166767,47
166769,2
166771,19
166773,4
166775,7
166777,95
166779,5
166782,3
166786,2
166788,727
166790,15
166792,3
166794,16
166796,7
166798,3
166800,18
166802,42
166804,1
166806,1
166810,2
166812,2
166814,2
166818,3
166820,3
166830,7
166836,2
166838,1
166842,3
166844,6
166848,5
166850,1
166854,3
166856,4
166860,1
166862,18
166864,6
166866,6
166868,4
166870,1
166872,8
166874,5
166876,1
166878,11
166880,6
166882,1
166884,2
166888,2
166892,8
166894,5
166896,1
166898,10
166900,1
166902,8
166904,5
166906,13
166908,6
166910,6
166912,4
166914,2
166916,14
166918,915
166920,14
166922,1
166924,1
166926,2
166928,1
166930,10
166932,17
166934,20
166936,13
166938,25
166940,140
166942,8
166944,4
166946,2653
166948,8
166950,3
166952,41
166954,8
166956,2
166958,61
166960,8
166962,14
166964,51
166966,5
166968,6
166972,4
166974,59
166976,1
166978,1
166982,2
166984,3
166986,2
166988,3
166990,1
166992,2
166994,2
166996,1
166998,2
167000,1
167002,2
167004,1
167006,1
167008,3
167010,2
167012,2
167014,1
167018,1150
167020,2
167022,2
167024,2
167026,10
167028,6
167030,7
167032,20
167034,18
167036,1727
167038,74
167040,22
167042,9
167044,3
167046,2
167048,9
167050,7
167052,22
167054,17
167056,1
167058,6
167060,5
167062,3
167064,345
167066,3
167068,7
167070,4
167072,3
167074,3
167076,3
167078,5
167080,5
167082,3
167084,22
167086,3
167088,3
167090,9
167092,1
167094,20
167096,4
167098,1
167102,2
167104,1
167106,4
167108,2
167110,1
167112,17
167114,10
167116,4
167118,20
167122,28
167124,2
167126,34
167128,3
167130,6
167132,9
167134,4
167136,39
167138,2
167140,4
167142,3
167144,3
167146,5
167148,4
167150,22
167152,26
167154,4
167156,1
167158,2
167160,8
167162,8
167164,2
167166,19
167168,3
167170,2
167172,15
167174,74
167176,7
167178,6
167180,8
167182,2
167184,30
167186,25
167188,4
167190,7
167192,1
167194,5
167196,1
167198,6
167200,2
167202,3
167204,2
167206,5
167234,69
167236,11
167238,1
167240,5
167242,1
167244,2
167246,1
167248,194
167250,5
167252,17
167254,10
167256,1
167258,3
167260,3
167262,4
167264,2
167266,10
167268,5
167270,2
167272,1
167276,7
167278,8
167282,2
167284,2
167286,4
167288,6
167290,1
167294,1
167296,3
167304,1
167308,1
167310,3
167312,3
167316,4
167318,3
167320,4
167322,3
167324,5
167326,1
167328,2
167330,3
167332,2
167334,47
167336,1
167338,1
167340,3
167342,8
167344,15
167348,2
167350,13
167352,57
167354,10
167358,3
167360,1
167362,6
167366,27
167368,1
167370,1263
167372,8
167374,1
167376,16
167378,28
167380,488
167382,5
167384,6
167386,1
167388,25
167390,6
167392,548
167394,2
167398,2
167400,4
167402,1
167404,1
167406,4
167408,1
167410,1
167412,12
167414,2
167416,1
167418,1
167420,15
167422,9
167424,8
167426,54
167428,3
167430,2
167432,2
167434,1
167436,3
167438,3
167440,9
167442,6
167444,1
167446,4
167448,23
167450,3
167454,3
167456,1
167458,1
167460,11
167462,3
167464,1
167466,4
167468,17
167470,85
167472,7
167474,7
167476,6
167478,5
167480,5
167482,1
167484,1
167486,11
167488,57
167490,1
167492,5
167494,41
167496,2
167498,35
167500,8
167502,26
167504,8
167506,6
167508,13
167510,18
167512,25
167514,12
167516,12
167518,10
167520,19
167522,14
167524,14
167526,8
167528,6
167530,7
167532,11
167534,14
167536,29
167538,26
167540,1
167542,2
167544,719
167546,368
167548,3
167550,2
167552,5
167554,14
167556,2
167558,17
167560,2
167562,1
167564,284
167566,1
167568,14
167570,346
167572,21
167574,3
167576,8
167578,3
167580,2
167582,15
167584,10
167586,2
167588,2
167590,1
167592,2
167594,5
167596,3
167598,13
167600,4
167602,1
167604,7
167606,7
167608,26
167610,11
167612,2
167614,1
167616,6
167620,167
167622,3
167624,1
167628,4
167630,6
167632,7
167634,271
167636,90
167638,128
167640,967
167642,9
167644,36
167646,1
167648,2
167650,6
167652,16
167654,8
167656,1
167658,4
167660,6
167662,8
167664,3
167666,2
167668,3
167670,2
167672,1
167674,15
167676,12
167678,16
167680,20
167682,81
167684,7
167686,9
167688,2
167690,10
167696,48
167698,36
167700,19
167702,1
167704,1
167706,5
167708,1
167710,36
167712,15
167714,14
167716,1
167718,6
167722,2
167724,3
167726,12
167728,8
167730,5
167732,171
167734,3
167736,1
167738,627
167740,150
167742,4
167744,69
167746,2296
167748,6
167752,7
167754,12
167756,2
167758,1
167760,21
167762,50
167764,34
167766,20
167768,2
167770,61
167772,33
167774,22
167776,22
167778,4
167780,49
167782,3
167784,13
167786,23
167788,35
167790,21
167792,199
167794,157
167796,6
167798,1
167800,44
167802,14
167804,3
167806,14
167808,2
167810,7
167812,1
167814,11
167816,6
167818,2
167820,1
167822,10
167824,3
167826,21
167828,3
167830,1
167832,1343
167834,22
167836,2
167838,60
167840,9
167842,58
167844,10
167848,7
167850,37
167852,11
167854,25
167856,39
167858,32
167860,15
167862,1
167864,8
167866,4
167868,2
167870,51
167878,4
167884,3
167886,1
167890,2
167894,1
167904,1
167910,1
167912,4
167924,2
167926,3
167928,1
167930,3
167932,3
167934,2
167936,2
167940,3
167942,6
167946,1
167948,2
167950,3
167954,1
167956,1
167958,2
167960,3
167962,7
167964,42
167966,4
167968,4
167970,8
167972,3
167974,8
167976,6
167978,1
167980,32
167982,13
167984,20
167986,50
167988,4
167990,89
167992,5
167994,2
167996,4
167998,7
168000,7
168002,10
168004,1
168006,7
168008,2
168010,6
168012,3
168014,5
168016,4
168018,4
168020,4
168022,5
168024,9
168026,140
168028,4
168030,10
168032,2
168034,16
168036,15
168038,4
168040,103
168042,19
168044,3
168046,6
168048,10
168050,3
168052,5
168054,2
168056,6
168058,51
168060,219
168062,6
168064,20
168068,3
168070,6
168072,16
168074,7
168076,4
168078,2
168080,8
168082,1
168084,4
168086,2
168088,6
168090,69
168092,4
168094,1
168096,5
168098,1
168102,2
168104,6
168106,2
168108,8
168110,14
168112,9
168114,2
168116,1
168118,3
168120,4
168122,1046
168124,11
168126,43
168128,15
168130,30
168132,2
168134,25
168136,7
168140,6
168142,10
168144,14
168146,2
168148,2
168150,7
168152,2
168154,26
168156,9
168158,1
168160,2
168162,2
168164,1
168166,27
168168,22
168170,2
168172,74
168174,61
168178,4
168180,4
168184,8
168186,6
168192,11
168194,1
168202,5
168204,3
168206,2
168208,3
168210,14
168212,7
168214,9
168216,7
168218,61
168222,2
168224,12
168226,3
168228,1
168230,1
168232,6
168234,2
168236,1
168238,10
168240,19
168242,15
168244,39
168246,6
168248,7037
168250,11679
168252,12727
168254,2339
168258,3
168260,4
168262,12
168264,1
168266,1135
168268,8
168270,2
168272,3
168274,57
168276,5
168278,66
168280,15
168282,51
168284,6
168286,316
168288,417
168290,13
168292,4
168294,3
168296,2
168298,3
168300,9
168302,7
168304,6
168306,8
168308,9
168310,6
168312,11
168314,13
168316,9
168318,1
168320,6
168322,9
168324,1
168326,2810
168328,509
168330,848
168332,15
168334,49
168336,1
168338,5
168340,3
168342,1
168344,1298
168346,10
168348,82
168350,17
168352,70
168354,1
168358,42
168360,3
168362,1
168364,3
168366,3030
168370,29
168374,7
168376,2
168382,3
168386,1
168390,1
168392,1
168394,5
168400,3
168402,11
168404,1
168406,21
168408,71
168410,3
168412,10
168414,3
168418,1288
168420,219
168422,3
168424,4
168426,64
168428,2
168430,50
168432,1
168434,25
168436,4
168438,11
168440,3
168442,4
168444,6
168446,4
168448,3
168450,3
168452,12
168454,4
168456,10
168458,16
168460,4
168462,33
168464,11
168466,7
168468,12
168470,7
168472,7
168474,3
168476,2
168478,10
168482,5
168486,1
168488,10
168490,2
168492,3190
168494,2
168498,780
168500,4
168502,7
168504,2
168506,2
168508,7
168510,13
168518,1
168522,1
168524,1
168526,1
168528,10
168530,8
168532,5
168534,4
168536,1
168538,1
168540,5
168542,1
168546,3
168548,1
168550,11
168552,6
168554,199
168556,22
168558,6
168560,6
168562,1
168564,14
168566,1
168568,5
168570,1
168572,1
168574,1
168576,10
168578,4
168580,1
168582,2
168584,8
168586,65
168588,3
168602,1
168606,2
168608,401
168610,899
168612,2895
168614,9
168616,7
168618,24
168620,4
168622,5
168624,5
168626,28
168628,2
168630,17
168632,129
168634,6
168636,67
168638,17
168640,3
168642,7
168644,1
168646,10
168648,2
168650,94
168652,31
168654,14
168656,5
168658,7
168660,30
168664,6
168666,6
168668,33
168670,5
168672,4
168674,1
168676,2
168678,3
168680,3
168682,5
168684,1
168686,1
168688,2
168690,5
168692,10
168694,3
168696,6
168698,2
168700,2
168702,2
168704,3
168706,1
168708,3
168710,5
168712,672
168714,87
168716,17
168718,5
168720,10
168722,119
168724,16
168726,11
168728,1
168730,2
168732,2
168736,6
168738,69
168740,25
168742,12
168744,4
168746,2
168748,17
168750,20
168752,12
168754,3
168756,8
168758,2
168760,50
168762,3
168764,6
168766,1
168768,1
168770,11
168772,50
168774,30
168776,15
168778,23
168780,4
168782,3
168784,31
168786,6
168788,4
168790,3
168792,21
168796,4
168798,37
168800,6
168802,1
168804,5
168806,162
168808,10
168810,1
168812,5
168814,1
168816,3
168818,3
168820,3
168822,4
168824,12
168826,3
168828,8
168830,1
168832,13
168834,5
168836,1
168838,39
168842,3
168844,1
168846,51
168848,1
168850,3
168852,4
168854,2
168856,2
168858,3
168860,18
168862,42
168864,12
168866,5
168868,3
168870,9
168874,3
168876,1
168884,80
168886,4
168888,2
168890,2
168892,5
168894,3
168896,2
168898,10
168900,3
168902,6
168904,9
168906,5
168908,1
168910,72
168912,3
168914,3
168916,3
168918,5
168920,3
168922,1
168924,2
168926,21
168928,2
168930,9
168932,3
168934,15
168936,7
168938,1
168940,2
168942,10
168944,7
168946,7
168948,2
168950,4
168952,9
168954,5
168956,4
168958,7
168960,5
168962,62
168964,13
168966,2
168968,1
168972,5
168974,2
168978,9
168980,3
168982,8
168984,2
168986,3
168988,1
168992,1
168994,6
168996,34
168998,4
169000,9
169002,24
169004,2
169006,2
169008,19
169010,1
169012,3
169014,6
169016,10
169018,3
169020,15
169022,36
169024,5
169028,153
169030,7
169032,11
169034,34
169036,5
169038,3
169040,2
169042,1
169044,2
169046,4
169048,2
169050,6
169052,7
169054,9
169056,3
169058,3
169060,6
169062,2
169064,5
169066,3
169068,10
169070,4
169072,2
169082,5
169086,1
169088,4
169090,3
169092,20
169094,6
169096,7
169098,10
169100,13
169102,11
169104,4
169106,10
169110,8
169112,1
169114,10
169116,2
169118,2
169120,2
169122,3
169124,2
169126,2
169128,1
169130,2
169132,6
169134,3
169136,1
169140,1
169142,1
169144,2
169146,1
169148,2
169150,2
169152,1
169154,10
169156,3
169158,2
169160,1
169162,3
169164,188
169166,277
169168,45
169170,16
169172,25
169174,1
169176,8
169178,4
169180,33
169182,8
169184,9
169186,16
169188,35
169190,14
169192,2
169194,2
169196,9
169198,27
169200,3
169202,4
169204,44
169206,5
169208,5
169210,3
169212,8
169214,2
169216,39
169218,277
169220,176
169222,9
169226,4
169228,11
169230,2
169232,2
169234,3
169236,6
169238,10
169240,3
169242,10
169244,16
169246,7
169248,6
169250,30
169252,201
169254,3
169256,50
169258,3
169260,4
169262,4
169264,29
169266,11
169268,3
169270,9
169272,2
169274,4
169276,7
169278,2
169280,5
169282,11
169284,2
169286,3
169288,41
169290,2
169292,5
169294,58
169296,18
169298,8
169300,7
169302,18
169304,6
169306,8
169310,1
169312,2
169314,6
169316,1
169318,8
169320,3
169324,3
169326,7
169328,9
169330,1
169332,4
169334,3
169336,2
169338,1
169346,2
169350,1
169352,19
169354,5
169356,7
169358,1
169360,3
169364,1
169366,4
169370,13
169374,1
169378,1
169380,1
169382,3
169386,3
169388,2
169390,38
169392,6
169394,22
169396,1
169398,1
169400,140
169402,6
169404,20
169406,9
169408,8
169410,9
169416,2
169418,1
169420,7
169422,2
169424,2
169426,7
169428,8
169430,6
169432,4
169434,5
169436,5
169438,3
169440,2
169442,5
169444,6
169446,3
169448,2
169450,2
169452,3
169454,6
169456,1
169458,4
169460,6
169462,6
169464,3
169466,5
169468,2
169470,18
169472,2
169474,3
169476,20
169478,20
169480,23
169482,10
169484,2
169486,7
169488,57
169490,16
169492,4
169494,13
169496,3
169498,15
169500,1
169502,8
169504,4
169506,7
169508,4
169510,4
169512,5
169514,4
169516,5
169518,1
169520,5
169522,6
169524,7
169526,7
169528,7
169530,25
169532,7
169534,12
169536,7
169540,1
169542,3
169550,2
169552,6
169554,3
169558,6
169560,11
169562,3
169564,1
169566,1
169576,1
169578,1
169580,1
169582,9
169584,11
169588,10
169590,2
169592,8
169594,1
169596,1
169602,1
169604,15
169606,6
169608,1
169610,5
169614,2
169616,4
169618,3
169622,5
169624,1
169628,4
169630,10
169632,5
169634,7
169638,1
169642,1
169644,1
169646,5
169648,10
169650,3
169652,5
169654,58
169656,210
169658,10
169660,4
169662,3
169664,1
169666,33
169668,32
169670,496
169672,12
169674,1
169678,2
169682,1
169684,6
169686,2
169688,7
169690,8
169692,60
169694,28
169696,2
169698,4
169700,3
169706,2
169708,5
169710,2
169714,12
169716,6
169718,6
169720,10
169722,2
169724,2
169726,7
169732,2
169736,3
169738,2
169740,3
169742,7
169744,5
169746,2
169750,22
169752,25
169754,8
169756,155
169758,27
169760,184
169762,42
169764,371
169766,9
169768,20
169770,6
169772,2
169774,5
169776,29
169778,3
169780,2
169782,39
169784,23
169786,18
169788,9
169790,2
169792,87
169794,5
169796,6
169798,2
169800,22
169802,2
169804,7
169806,1
169808,5
169810,8
169812,16
169814,56
169816,2
169818,2
169820,1
169822,2
169824,6
169826,3
169828,66
169830,1
169832,2
169834,5
169836,5
169838,2
169840,3
169842,148
169844,3
169846,2
169848,4
169850,18
169852,4
169854,16
169858,1
169860,4
169862,4
169864,2314
169866,2
169868,6
169870,2
169872,9
169874,11
169876,2
169880,41
169882,12
169884,1
169886,1
169888,27
169890,5
169892,5
169894,9
169896,3
169898,18
169900,599
169902,72
169904,25
169906,1137
169908,2
169910,3
169912,32
169914,1
169916,8
169918,4
169920,3
169922,4
169924,8
169926,1
169928,10
169930,3
169932,9
169934,3
169936,1
169940,1
169942,1
169944,2
169948,120
169950,4
169952,7
169954,47
169956,2
169958,122
169960,18
169962,8
169964,5
169966,17
169968,11
169970,9
169972,15
169974,12
169976,2
169978,7
169980,4
169982,762
169984,2754
169986,4
169988,2
169990,3
169992,416
169994,9
169996,5
169998,3
170000,15
170006,7
170008,8
170010,2
170012,3
170014,5
170016,2
170018,3
170020,2
170022,1
170024,75
170026,20
170028,8
170030,5
170032,8
170036,1
170040,3
170042,3
170044,2
170046,90
170048,2
170050,2
170054,1
170056,3
170058,3
170060,1
170062,5
170064,2
170066,4
170068,8
170070,10
170103,3
170105,8
170107,4
170109,4
170111,5
170113,14
170115,3
170117,42
170119,6
170121,11
170123,12
170125,56
170127,45
170129,64
170133,2
170137,1
170139,1
170141,1
170143,2
170145,1
170147,1
170151,137
170153,67
170155,23
170157,1
170159,1
170161,5
170163,1
170165,2
170167,3
170171,1
170173,1
170175,2
170183,13
170191,44
170193,31
170195,12
170197,25
170199,10
170201,22
170203,5
170205,11
170207,9
170209,6
170211,5
170213,69
170215,3
170217,16
170221,1
170223,3
170225,5
170227,6
170229,1
170231,2
170233,5
170235,58
170237,18
170239,3
170241,30
170245,2
170247,5
170251,1
170253,65
170255,2
170257,10
170259,2
170261,4
170263,100
170265,21
170267,2
170269,5
170271,5
170273,41
170275,2
170277,16
170279,16
170281,18
170283,8
170285,44
170287,32
170289,62
170291,43
170293,136
170295,17
170297,52
170299,8
170301,14
170303,47
170305,19
170307,6
170309,1
170311,12
170315,8
170317,40
170319,10
170321,4
170323,5
170325,2
170327,2
170329,1
170331,1
170333,3
170335,6
170337,2
170339,1
170341,1
170343,2
170345,2
170347,2
170349,10
170351,4
170353,2
170355,1481
170357,403
170359,19
170361,52
170363,4
170365,34
170367,5
170369,32
170371,29
170373,1
170375,3
170377,15
170379,2
170381,4
170383,4
170385,2
170389,6
170391,3
170393,66
170395,4
170397,2
170399,296
170401,224
170403,723
170405,79
170407,62
170409,12
170411,214
170413,3
170417,1
170421,1
170423,50
170425,54
170427,4
170429,1
170431,3
170433,18
170435,1
170437,3
170439,3
170441,11
170443,2
170445,4
170447,19
170449,3
170451,33
170453,14
170455,10
170457,3
170459,4
170461,11
170463,3
170465,4
170467,4
170469,2
170471,3
170475,18
170477,30
170479,4
170481,58
170483,6
170485,19
170487,23
170489,62
170491,2
170493,7
170495,1
170497,5
170499,6
170501,12
170503,4
170505,4
170507,14
170509,39
170511,3
170513,22
170515,18
170517,12
170519,1
170521,7
170523,15
170525,15
170527,10
170529,5
170531,5
170533,5
170535,9
170537,34
170539,4
170541,3
170543,3
170545,4
170549,14
170551,54
170553,16
170555,171
170557,2
170561,6
170563,7
170565,1
170567,6
170571,17
170573,9
170575,1
170577,1
170579,5
170581,2
170583,1
170589,12
170591,63
170593,3
170595,13
170597,74
170599,27
170601,80
170605,46
170607,1
170609,13
170611,44
170613,12
170615,38
170617,16
170619,5
170621,18
170623,25
170625,18
170627,135
170629,463
170631,5
170633,1
170635,304
170637,31
170639,4
170641,20
170643,3
170645,307
170647,16
170649,13
170651,1
170653,16
170655,1
170657,2
170659,10
170661,8
170663,1
170665,11
170667,1
170669,6
170671,8
170673,13
170675,20
170681,2
170683,3
170685,4
170687,8
170689,24
170691,19
170693,7
170695,3
170697,1407
170699,10
170701,5
170703,5
170705,2811
170707,35
170709,132
170711,4
170715,4
170717,1
170719,5
170721,1
170723,2
170725,1
170727,19
170729,348
170731,13
170733,22
170735,2
170737,1
170739,5
170741,7
170743,6
170745,362
170747,3
170749,5
170751,115
170753,19
170755,11
170757,4
170763,5
170765,1
170767,1
170771,4
170773,20
170775,29
170777,428
170779,1
170781,58
170783,17
170785,7
170787,149
170789,41
170791,1
170793,5
170795,7
170797,4
170799,175
170801,9
170803,9
170805,6
170807,8
170809,97
170811,2
170813,947
170815,71
170817,195
170819,4
170821,6
170823,3
170825,2
170827,1256
170829,5
170831,1
170833,3
170835,34
170837,58
170839,4
170841,3
170843,3
170845,1
170847,2
170849,3
170851,4
170853,12
170855,1
170857,3
170859,7
170861,1
170863,17
170865,42
170867,1
170869,4
170871,24
170873,13
170875,1561
170877,9
170879,4
170881,30
170885,12
170887,4
170889,12
170891,108
170893,19
170895,2
170897,109
170899,14
170901,34
170903,11
170905,4
170907,110
170909,3
170911,2
170913,68
170915,30
170917,30
170919,7
170921,22
170923,4
170925,13
170927,14
170929,4
170931,8
170933,28
170935,6
170937,75
170939,246
170941,5
170943,83
170945,1037
170947,150
170949,96
170951,8
170953,1
170955,9
170957,871
170959,125
170961,135
170963,2
170965,1
170967,5
170969,1
170971,1
170973,90
170975,1
170977,6
170979,3
170981,6
170983,5
170985,12
170987,6
170989,6
170991,2
170993,26
170995,12
170997,1
170999,7
171001,10
171003,3
171005,2
171007,162
171009,2
171011,1956
171013,151
171015,13
171017,2
171021,7
171023,66
171025,2
171027,1
171031,13
171033,4
171035,2
171037,4
171041,18
171043,4
171045,3
171047,7
171049,129
171051,3
171055,3
171057,2
171059,4
171061,1
171063,1
171065,1
171067,34
171069,2
171071,24
171073,9
171075,2
171077,2
171079,1
171083,7
171085,5
171087,6
171089,18
171091,3
171093,38
171095,39
171097,1
171099,1
171101,4
171103,5
171105,3
171107,3
171109,40
171111,50
171113,41
171115,11
171117,2
171121,1
171123,4
171127,4
171129,12
171131,4
171133,9
171137,1
171139,1
171141,131
171143,17
171147,3
171149,14
171151,17
171153,39
171155,17
171157,6
171161,22
171163,6
171165,10
171167,30
171169,27
171171,3
171173,22
171175,12
171177,25
171179,84
171181,21
171183,14
171185,2
171187,31
171189,1
171191,94
171193,24
171195,21
171197,3
171199,3
171201,10
171203,4
171205,2
171207,173
171209,16
171211,14
171213,28
171215,18
171217,1
171219,6
171221,5
171223,2
171225,15
171227,73
171229,2
171231,2
171233,95
171235,11
171237,12
171239,2
171241,4
171243,15
171245,11
171247,6
171249,3
171251,36
171253,341
171255,1
171257,1
171259,20
171261,12
171263,57
171265,48
171269,3
171271,26
171273,7
171275,15
171277,24
171279,2
171281,3
171283,10
171285,22
171287,15
171289,9
171291,7
171293,14
171295,13
171297,16
171299,3
171301,6
171303,3
171309,6
171311,2
171313,4
171315,123
171317,1
171319,2
171321,2
171323,4
171325,2
171327,17
171329,1
171331,24
171333,10
171335,8
171337,11
171339,10
171341,14
171345,4
171347,2
171349,27
171351,2
171353,3
171355,4
171357,1
171359,4
171361,16
171363,6
171365,3
171367,4
171369,2
171371,2
171373,3
171375,7
171377,4
171379,13
171381,2
171383,8
171385,10
171387,10
171389,1
171391,1
171393,20
171395,3
171397,11
171399,3
171401,9
171403,6
171405,9
171407,7
171409,11
171411,4
171413,6
171415,4
171417,3
171419,4
171421,2
171423,6
171425,3
171427,4
171429,17
171433,6
171435,12
171437,16
171439,300
171441,3
171443,40
171445,4
171447,2
171449,3
171451,2
171455,28
171457,17
171459,2
171461,25
171463,25
171465,37
171467,81
171469,12
171471,4
171473,11
171475,12
171477,3
171479,17
171481,9
171483,6
171485,10
171487,3
171489,25
171491,177
171493,2
171495,615
171497,51
171499,3
171501,58
171503,21
171505,31
171507,1
171509,2
171511,3
171513,1
171515,4
171517,7
171519,46
171521,6
171523,3
171525,6
171527,5
171529,2
171531,15
171533,9
171535,1
171537,19
171539,1
171541,54
171543,10
171545,25
171547,1
171549,27
171551,1
171553,4
171555,11
171557,15
171559,7
171561,30
171563,7
171565,2
171567,3
171569,4
171571,9
171573,9
171575,11
171577,4
171579,6
171581,101
171583,215
171587,5
171589,5
171591,9
171593,9
171595,8
171597,4
171599,20
171601,27
171603,52
171605,41
171607,7
171609,36
171611,155
171613,19
171615,5
171619,1
171621,2
171623,4
171625,5
171627,4
171629,4
171631,26
171633,1
171635,3
171637,5
171639,3
171641,6
171643,3
171645,3
171647,120
171649,4
171651,7
171653,1
171657,1
171659,1
171661,11
171663,6
171665,4
171667,2
171669,4
171671,3
171673,3
171675,2
171677,4
171679,5
171681,1
171683,7
171685,2
171687,6
171689,58
171691,6
171693,2
171695,59
171697,19
171699,1
171701,22
171703,31
171705,37
171707,1
171709,3
171711,8
171713,1
171715,16
171717,3
171719,5
171721,3
171723,3
171725,20
171727,53
171729,50
171731,17
171733,13
171735,4
171737,30
171739,3
171741,16
171743,10
171745,28
171747,5
171749,501
171751,130
171753,1
171755,1
171757,63
171759,447
171761,8
171763,9259
171765,1551
171767,26
171769,87
171771,13
171773,2
171775,5
171777,3
171779,12
171781,16
171783,5
171785,1
171787,2
171789,1
171791,2
171793,6
171795,2
171797,4
171799,14
171801,8
171803,38
171805,25
171807,4
171809,7
171811,11
171813,1
171815,3
171817,11
171819,12
171821,7
171823,17
171825,11
171827,1
171831,6
171833,22
171835,40
171837,2
171839,2
171841,1
171843,21
171845,3
171847,1
171849,1
171851,10
171853,5
171855,3
171857,3
171859,3
171861,4
171863,3
171865,4
171867,305
171869,49
171871,3
171873,3
171875,8
171877,8
171879,32
171881,138
171883,5
171885,2
171887,14
171889,10
171891,17
171893,1
171895,11
171897,2
171899,9
171901,7
171903,43
171905,5
171907,10
171909,6
171911,6
171913,4
171915,2
171917,2
171919,6
171921,1
171923,5
171925,88
171927,3
171929,1
171933,4
171935,1
171937,5
171939,16
171941,14
171943,10
171945,15
171947,10
171949,11
171951,9
171953,12
171955,12
171957,12
171959,14
171961,3
171963,2
171965,8
171967,1
171969,6
171971,13
171973,1
171975,7
171977,8
171979,1
171983,66
171985,16
171987,2
171989,1
171991,22
171993,1
171995,9
171997,4
171999,3
172001,5
172003,8
172005,9
172007,12
172009,301
172011,23
172013,22
172015,5
172017,44
172019,14
172021,6
172023,11
172025,1
172027,4
172029,7
172031,1
172033,3
172035,2
172037,12
172039,1
172041,10
172043,21
172045,2
172047,2
172049,2
172051,13
172053,2
172055,1
172057,2
172059,8
172061,1
172063,18
172065,25
172067,27
172069,14
172071,1
172073,1
172075,5
172077,28
172079,6
172081,4
172083,3
172085,13
172087,3
172089,1
172091,21
172093,17
172095,3
172097,22
172099,21
172101,8
172103,1
172105,36
172107,63
172109,6
172111,3
172113,2
172115,2
172117,43
172119,7
172121,7
172123,6
172125,9
172127,10
172129,3
172131,23
172133,11
172135,2
172137,2
172139,14
172141,8
172143,3
172145,7
172147,1
172149,1
172151,2
172153,4
172155,8
172157,14
172159,1
172161,2
172163,19
172165,14
172167,4
172169,7
172171,6
172173,16
172175,5
172177,1
172179,3
172181,1
172183,6
172185,4
172187,1
172189,2
172191,3
172193,2
172195,2
172197,2
172199,7
172201,2
172203,1
172205,2
172207,4
172209,1
172211,5
172213,2
172215,20
172217,23
172219,4
172221,3
172223,34
172225,3
172227,1
172229,8
172231,3
172233,5
172235,7
172237,2
172239,3
172241,2
172243,1
172245,1
172247,14
172249,5
172251,19
172253,21
172255,153
172257,9
172259,6
172261,9
172263,3
172265,1
172267,1
172269,3
172271,5
172273,12
172275,5
172277,8
172279,4
172281,2
172283,2
172285,2
172287,2
172289,51
172291,2
172293,8
172295,9
172297,5
172299,5
172301,4
172303,4
172305,1
172307,3
172309,2
172311,4
172313,2
172315,1
172317,1
172319,2
172321,19
172323,2
172325,5
172327,8
172329,10
172331,9
172333,10
172335,8
172337,1
172339,2
172341,1
172343,39
172345,3
172347,6
172349,4
172351,4
172353,3
172355,1
172357,1
172359,1
172361,1
172363,3
172365,7
172367,3
172369,5
172371,2
172373,1
172375,1
172377,3
172379,3
172381,4
172383,3
172385,7
172387,3
172389,4
172391,22
172393,1
172395,3
172397,1
172399,1
172401,2
172403,11
172405,5
172407,20
172409,37
172411,10
172413,15
172415,17
172417,3
172419,2
172421,30
172423,5
172425,3
172427,9
172429,39
172431,11
172433,43
172435,11
172437,25
172439,25
172441,9
172443,1
172445,13
172447,8
172449,21
172451,1
172453,1
172455,84
172457,6
172459,14
172461,115
172463,9
172465,18
172467,14
172469,7
172471,21
172473,21
172475,2
172477,5
172479,3
172481,7
172483,2
172485,10
172487,6
172489,29
172491,6
172493,2
172495,3
172497,23
172499,7
172501,29
172503,15
172505,20
172507,8
172509,6
172511,91
172513,5
172515,16
172517,19
172519,17
172521,27
172523,22
172525,7
172527,23
172529,29
172531,4
172533,4
172535,78
172537,13
172539,11
172541,33
172543,10
172545,6
172547,1319
172549,32
172551,12
172553,5
172555,1
172557,2
172559,2
172561,1
172563,4
172565,12
172567,3
172569,6
172571,12
172573,46
172575,13
172577,247
172579,10
172581,6
172583,53
172585,120
172587,166
172589,131
172593,29
172595,21
172597,18
172599,2
172601,14
172603,3
172605,3
172607,2
172609,39
172611,19
172613,7
172615,2
172617,6
172619,10
172621,37
172623,40
172625,19
172627,2
172629,13
172631,18
172635,29
172637,73
172639,2
172641,46
172643,11
172645,9
172647,4
172649,5
172651,1
172653,22
172655,2
172657,5
172659,2
172661,39
172663,12
172665,15
172667,101
172669,6
172671,69
172673,1
172675,11
172677,8
172679,21
172681,6
172683,16
172685,10
172687,7
172689,2
172691,1
172693,2
172695,7
172697,3
172699,111
172701,4
172703,6
172705,14
172707,2
172709,16
172711,3
172713,4
172715,14
172717,13
172719,15
172721,1
172723,18
172725,12
172727,9
172729,6
172731,45
172733,1
172735,17
172737,21
172739,1
172741,4
172743,184
172745,33
172747,20
172749,2
172751,11
172753,4
172755,12
172757,3
172759,4
172761,17
172763,50
172765,1
172767,9
172769,2
172775,1
172777,36
172779,3
172781,2
172783,3
172785,25
172787,4
172789,50
172791,12
172793,89
172795,41
172797,2
172799,44
172801,9
172803,26
172805,21
172807,52
172809,40
172813,157
172815,4
172817,5
172819,40
172821,2
172823,2
172825,47
172827,3
172829,11
172831,12
172833,27
172835,8
172837,2
172839,5
172841,11
172843,7
172845,13
172847,3
172849,15
172851,7
172853,3
172855,1
172857,2
172859,6
172861,3
172863,2
172865,26
172867,13
172869,6
172871,12
172873,2
172877,170
172879,157
172881,138
172883,14
172885,12
172887,162
172889,160
172891,2
172893,23
172895,5
172897,20
172899,5
172901,7
172903,10
172905,15
172907,3
172909,74
172911,7
172913,18
172915,67
172917,1
172919,9
172925,7
172927,16
172929,2
172931,10
172933,1
172935,41
172937,8
172939,1
172941,6
172943,7
172945,13
172953,7
172955,2
172957,2
172959,8
172961,8
172965,1
172967,6
172969,2
172971,2
172975,10
172977,1
172979,1
172981,3
172983,2
172985,4
172987,2
172989,3
172991,2
172993,1
172995,1
172997,9
172999,4
173001,10
173003,9
173005,5
173007,120
173009,4
173011,4
173013,2
173015,2
173017,12
173019,3
173021,8
173023,4
173025,5
173027,6
173029,7
173031,3
173033,4
173035,3
173037,3
173039,4
173041,8
173043,4
173045,4
173047,5
173049,5
173051,5
173053,6
173055,5
173057,2
173059,9
173061,5
173063,4
173065,4
173067,2
173069,7
173071,5
173073,3
173075,4
173077,5
173079,9
173081,11
173083,8
173085,13
173087,4
173089,5
173091,11
173093,38
173095,4
173097,5
173099,12
173101,10
173103,5
173105,6
173107,11
173109,14
173111,17
173113,12
173115,12
173117,3
173119,15
173121,11
173123,13
173125,7
173127,1
173129,11
173131,1
173133,8
173135,6
173137,54
173139,218
173141,9
173143,23
173145,2873
173147,2
173149,7
173151,21
173153,3
173155,13
173157,8
173159,9
173161,138
173163,2
173165,17
173167,23
173169,22
173171,3
173173,14
173175,25
173177,3
173179,3
173181,1
173183,19
173185,4
173187,13
173189,2
173191,2
173193,3
173195,11
173197,861
173199,1
173201,11
173203,126
173205,549
173207,27
173209,389
173211,6
173213,3
173215,8
173217,2
173219,8
173221,25
173223,30
173225,4
173227,3
173229,6
173231,10
173233,1
173235,18
173237,2
173239,2
173241,24
173245,5
173247,4
173249,19
173251,1
173253,5
173255,52
173257,8
173259,1
173261,1
173263,12
173265,16
173267,29
173269,4
173271,2
173273,119
173275,2
173277,3
173279,1
173281,18
173283,51
173285,26
173289,1
173291,2150
173293,25
173295,9
173297,6
173299,8
173301,3
173303,6
173305,1
173307,29
173309,18
173311,2
173313,5
173315,21
173317,8
173319,1
173321,24
173323,8
173325,5
173327,2
173329,6
173331,16
173333,3
173335,10
173337,4
173339,4
173341,6
173343,2
173345,46
173347,3
173349,15
173351,89
173353,10
173355,41
173357,8
173359,26
173361,2
173363,1
173365,3
173367,13
173369,1479
173371,4
173373,2
173377,1
173379,1
173381,7
173383,1
173387,2
173389,2
173393,4
173395,4
173397,4
173399,3
173401,2
173405,12
173407,24
173409,2
173411,1
173413,4
173415,15
173417,27
173419,4
173421,4
173423,4
173427,3
173429,88
173431,3
173433,16
173435,6
173437,7
173439,3
173441,22
173443,2
173445,19
173447,7
173449,9
173451,7
173453,2
173457,6
173459,6
173461,5
173463,3
173465,4
173467,69
173469,23
173471,1
173473,2
173475,3
173477,16
173479,6
173481,13
173483,4
173485,3
173487,1
173489,12
173491,3
173493,3
173495,23
173497,3
173499,83
173501,14
173503,1
173505,3
173507,6
173509,1
173511,1
173513,15
173515,6
173517,6
173519,6
173521,1
173523,31
173525,6
173527,3
173529,2
173531,2
173533,20
173535,122
173537,2
173539,10
173541,29
173543,1
173545,10
173547,2
173549,17
173551,3
173553,8
173555,3
173557,1
173559,1
173561,3
173563,3
173565,1
173567,2
173569,2
173571,19
173573,1
173575,2
173577,1
173579,1
173581,5
173583,5
173585,1
173587,12
173589,3
173591,13
173593,2
173595,6
173597,6
173599,12
173601,6
173603,3
173605,8
173607,11
173609,8
173611,5
173613,9
173615,10
173617,3
173619,56
173621,24
173623,72
173625,9
173627,57
173629,51
173631,3
173633,14
173635,9
173637,5
173639,11
173641,4
173643,5
173645,5
173647,2
173649,8
173651,14
173653,1
173655,7
173657,7
173659,10
173661,4
173663,2
173665,14
173667,14
173669,15
173671,9
173673,23
173675,6
173677,7
173679,2
173681,5
173683,3
173685,24
173687,54
173689,1
173691,5
173693,10
173695,5
173697,4
173699,6
173701,2
173703,8
173705,4
173707,18
173709,22
173711,17
173713,4
173715,2
173717,9
173719,21
173721,7
173723,2
173725,3
173727,9
173729,16
173731,54
173733,9
173735,75
173737,4
173739,5
173741,3
173743,3
173745,8
173747,3
173749,17
173751,5
173753,8
173755,6
173757,2
173759,5
173761,1
173763,4
173765,4
173767,11
173769,16
173771,11
173773,19
173775,6
173777,13
173779,4
173781,20
173783,9
173785,3
173787,12
173789,15
173791,6
173793,5
173795,3
173797,6
173799,10
173801,2
173803,11
173805,4
173807,12
173809,5
173811,19
173813,23
173815,32
173817,58
173819,2
173821,2
173823,97
173825,2
173827,42
173829,7
173831,26
173833,2
173835,27
173837,26
173839,10
173841,7
173843,4
173845,78
173847,31
173849,3
173851,4
173853,7
173855,4
173857,18
173859,12
173863,1
173865,6
173867,2
173869,1
173871,2
173873,26
173875,9
173877,3
173879,104
173883,7
173885,7
173887,10
173889,5
173891,29
173893,8
173895,24
173897,7
173899,1
173901,8
173903,5
173905,2
173907,5
173909,9
173911,6
173913,44
173915,2
173917,8
173919,4
173921,22
173923,2
173925,1215
173927,2
173929,6
173931,4
173933,35
173935,22
173937,9
173939,304
173941,1992
173945,13
173947,23
173949,9
173951,13
173953,20
173955,68
173957,50
173959,2
173963,31
173965,9
173967,1
173971,7
173973,13
173975,15
173977,17
173979,25
173981,22
173983,3
173987,6
173989,15
173991,7
173993,20
173995,6
173997,9
173999,11
174001,4
174003,9
174005,6
174007,1
174011,1
174013,7
174015,7
174017,96
174019,1
174021,8
174023,1
174025,9
174027,16
174029,6
174031,28
174033,1
174035,75
174037,1
174039,1
174041,6
174043,1
174045,98
174047,2
174049,3
174051,5
174055,8681
174057,19
174059,10
174061,8
174063,11
174065,10
174067,4
174069,5
174073,3
174079,5
174081,4
174083,2
174085,26
174087,50
174089,7
174091,25
174093,15
174095,25
174097,4
174099,4
174101,1
174103,14
174105,14
174107,11
174111,7
174113,4
174115,2
174117,3
174119,5
174121,4
174123,2
174125,4
174127,5
174129,5
174131,2
174133,6
174135,4
174137,1
174139,1
174141,136
174143,3
174147,23
174149,4
174151,1
174153,16
174155,9
174157,28
174159,10
174161,2
174163,2
174165,1
174167,4
174169,3
174171,20
174173,9
174175,2
174177,4
174179,17
174181,145
174183,11
174185,14
174187,3
174189,1
174191,3
174193,1
174195,14
174197,4
174199,4
174201,3
174203,2
174205,1
174207,6
174209,4
174211,8
174213,8
174215,22
174219,5
174225,7
174227,3
174229,1
174231,2
174233,4
174235,3
174237,2
174239,2
174241,26
174243,10
174245,4
174247,2
174249,10
174251,1
174253,1
174255,7
174257,10
174261,3
174263,17
174265,10
174267,2
174269,7
174271,1
174273,8
174275,1
174277,4
174279,1
174281,3
174283,4
174285,3
174287,5
174289,1
174293,5
174295,1
174297,6
174299,1
174301,1
174303,1
174305,2
174307,4
174309,2
174311,2
174317,1
174321,1
174327,1
174329,6
174331,1
174345,1
174347,1
174349,6
174351,1
174353,5
174357,4
174359,8
174361,1
174363,15
174365,4
174367,2
174371,118
174373,3
174375,4
174377,3
174379,1
174381,1
174393,4
174395,313
174397,1
174399,6
174401,2
174403,37
174405,6
174407,68
174409,3
174411,23
174413,6
174415,4
174417,9
174419,13
174421,2
174423,105
174425,14
174427,20
174429,5
174431,5
174435,1
174437,5
174439,10
174441,3
174443,10
174445,11
174447,16
174449,21
174451,2
174453,3
174455,25
174457,12
174459,12
174461,1
174463,2
174465,11
174467,4
174469,7
174471,20
174473,17
174475,2
174477,5
174479,61
174481,28
174483,47
174485,64
174487,309
174489,229
174491,171
174493,24
174495,8
174497,7
174499,16
174501,8
174503,91
174505,5
174507,2
174509,1
174511,15
174515,37
174517,2
174519,23
174521,8
174523,2
174525,3
174527,20
174529,7
174531,17
174533,92
174535,32
174537,12
174539,21
174541,37
174543,53
174545,41
174547,6
174549,81
174551,56
174553,1
174555,3
174557,7
174561,16
174563,2
174565,49
174567,5
174569,5
174571,5
174573,1
174575,4
174577,3
174579,5
174581,8
174583,1
174585,839
174587,7
174589,7
174591,6
174593,14
174595,6
174597,10
174599,21
174601,11
174603,13
174605,13
174607,23
174609,1
174611,14
174613,5
174615,32
174617,20
174619,12
174621,8
174625,3
174627,2
174629,11
174631,13
174633,2
174635,4
174637,4
174639,4
174641,4
174643,3
174645,58
174647,10
174649,2
174651,5
174653,6
174655,7
174659,4
174661,18
174663,11
174665,37
174667,3
174669,10
174671,1
174673,2
174675,6
174677,9
174679,20
174681,79
174683,6
174685,48
174687,8
174689,1
174691,11
174693,9
174695,20
174697,25
174701,14
174703,101
174705,12
174707,1
174709,11
174711,47
174713,4
174715,5
174717,2
174719,29
174721,3
174723,2
174725,1
174727,1883
174735,1
174737,19
174741,4
174743,11
174745,8
174749,2
174751,1
174753,4
174755,2
174757,6
174759,2
174761,1
174763,1
174765,5
174767,1
174769,2
174771,1
174773,1
174775,2
174779,1
174783,2
174785,1
174787,1
174789,1
174791,3
174793,13
174795,7
174797,3
174799,3
174801,5
174803,2
174805,9
174807,2
174809,1
174811,5
174813,8
174815,329
174817,3
174819,54
174821,4
174823,6
174827,6
174829,54
174831,59
174835,11
174837,4
174839,14
174841,22
174843,5
174845,8
174847,3
174849,14
174851,3
174857,29
174859,143
174861,17
174863,7
174865,2
174867,2
174869,2
174871,2
174873,4
174875,23
174877,1
174879,30
174881,6
174883,20
174885,5
174887,28
174889,12
174891,4
174893,128
174895,2
174897,7
174899,5
174901,30
174903,5
174905,13
174907,1
174909,1855
174911,4
174913,1
174915,3
174917,14
174919,5
174921,8
174923,5
174925,3
174927,5
174929,9
174931,1
174933,82
174935,9
174937,2
174939,8
174941,13
174943,3
174945,1
174949,3
174951,9
174953,3
174955,1
174957,59
174959,13
174963,17
174965,8
174969,3
174971,1
174973,4
174975,4
174979,1
174983,1
174985,1
174991,9
174993,3
174995,1
174997,8
175001,7
175003,1
175005,1
175009,7
175011,1
175013,3
175015,1
175019,4
175023,4
175027,1
175029,1
175031,2
175033,10
175035,1
175043,6
175045,1
175047,1
175049,1
175051,1
175053,4
175055,1
175059,1
175061,1
175063,12
175065,2
175069,2
175071,3
175073,1
175077,1
175079,2
175081,3
175083,1
175085,1
175089,1
175093,1
175095,1
175097,5
175099,2
175101,1
175103,4
175109,6
175111,3
175113,1
175115,4
175117,4
175119,1
175123,2
175125,1
175127,1
175133,1
175135,1
175137,1
175139,47
175141,34
175143,66
175145,15
175147,2
175149,16
175151,46
175153,2
175155,31
175157,3
175159,4
175161,5
175163,4
175165,117
175167,9
175169,23
175171,1
175173,1
175175,19
175177,7
175179,22
175181,3
175183,1
175187,63
175189,1
175191,26
175193,8
175195,57
175197,1047
175199,708
175203,9
175205,2
175207,4
175209,6
175211,5
175213,4
175217,14
175219,6
175221,19
175223,1
175229,11
175231,61
175233,47
175235,7
175237,2
175239,21
175241,7
175243,92
175245,2
175247,33
175249,11
175251,9
175253,41
175255,7
175257,8
175259,6
175261,4
175263,21
175265,1
175267,17
175269,5
175271,2
175273,6
175275,5
175277,193
175279,1
175281,134
175283,23
175285,1
175287,4
175289,11
175291,37
175293,71
175297,2
175299,25
175301,37
175303,5025
175305,3
175307,1
175309,28
175311,33
175313,2
175315,11
175317,5
175319,1
175321,2
175323,23
175325,8
175327,8
175329,1
175331,5
175333,3
175335,6
175337,12
175339,3
175341,5
175343,4
175345,19
175347,7
175349,2
175351,31
175353,2
175355,20
175357,8
175359,16
175361,6
175363,6
175365,2
175367,4
175369,1
175371,10
175373,9
175375,5
175377,1
175379,11
175381,3
175383,14
175385,2
175387,70
175389,4
175391,12
175393,20
175395,3
175397,78
175399,10
175401,32
175403,2
175405,5
175407,26
175409,13
175411,15
175413,3
175415,4
175417,6
175419,2
175421,3
175423,7
175425,1
175427,5
175429,42
175431,56
175433,14
175435,27
175437,2
175439,4
175441,45
175443,2
175445,1
175447,10
175449,14
175451,6
175453,10
175455,14
175457,5
175459,6
175461,2
175463,6
175465,4
175467,3
175469,39
175471,10
175473,13
175475,314
175477,36
175479,15
175481,2
175483,5
175485,616
175487,18
175489,6
175491,2
175493,9
175495,1
175497,10
175499,1
175501,1
175503,8
175505,38
175507,6
175509,2
175511,5
175513,4
175515,22
175517,4
175519,13
175521,1
175523,4
175525,2
175527,12
175529,3
175531,48
175533,1
175535,1
175539,2
175543,7
175545,1
175547,2
175549,2
175551,1
175553,2
175555,1
175557,5
175559,3
175561,1
175563,2
175567,1
175569,3304
175571,5
175573,9
175575,6
175577,10
175579,72
175581,19
175583,9
175585,806
175587,3
175589,1
175591,6
175593,55
175595,12
175597,1
175599,2
175601,7
175603,63
175605,19
175609,2
175611,12
175613,2
175615,7
175617,7
175619,6
175621,14
175623,3
175625,3
175627,10
175629,1
175631,5
175633,7
175635,4
175637,1
175639,29
175641,21
175643,75
175647,4
175649,115
175651,2
175653,2
175655,250
175657,49
175659,305
175661,2322
175663,7
175665,69
175667,368
175669,86
175671,40
175673,71
175675,7
175677,1
175679,1
175681,1
175683,1
175685,6
175687,5
175689,6
175691,1
175693,107
175695,42
175697,6
175699,14
175701,7
175703,1
175705,12
175707,4
175709,2
175711,4
175713,2
175715,4
175717,11
175719,2
175721,6
175723,14
175725,1
175727,2
175729,2
175731,4
175733,3
175735,1
175737,5
175739,4
175741,12
175743,12
175745,3
175747,16
175749,5
175751,4
175753,22
175755,62
175757,5
175759,7
175761,6
175763,7
175765,35
175767,8
175769,4
175771,1
175773,9
175775,17
175777,14
175779,31
175781,2
175783,55
175785,2
175787,36
175789,6
175791,131
175793,2
175795,112
175797,32
175799,5
175801,4
175803,13
175805,6
175807,5
175809,281
175811,5
175813,433
175815,4
175817,3
175819,7
175821,1
175823,11
175827,3
175829,8
175831,105
175833,5
175835,2
175837,3
175839,1
175841,12
175843,3
175845,2
175847,3
175849,7
175851,3
175853,13
175855,2
175857,6
175859,2
175861,15
175863,7
175865,3
175867,8
175869,20
175871,23
175873,1
175875,3
175877,24
175879,17
175881,5
175883,2
175885,5
175887,3
175889,4
175891,19
175893,5
175895,2
175897,3
175899,8
175901,13
175903,10
175905,13
175907,3
175909,4
175911,2
175913,6
175915,1
175917,2
175919,4
175921,4
175923,3
175925,4
175927,2
175929,2
175931,4
175933,2
175935,2
175937,17
175939,2
175941,4
175943,1
175945,9
175947,16
175951,3
175953,2
175955,3
175957,3
175959,6
175961,3
175963,3
175965,3
175967,8
175969,1
175971,14
175973,11
175975,2
175977,13
175979,9
175983,2
175985,1
175987,17
175989,10
175991,12
175993,1
175995,23
175997,7
175999,3
176001,3
176003,5
176005,19
176007,3
176009,16
176011,4
176013,19
176015,21
176017,7
176019,8
176021,3
176023,3
176025,15
176027,1
176029,2
176031,3
176033,1
176035,4
176037,3
176039,2
176041,3
176043,1
176045,4
176047,5
176049,4
176051,12
176053,8
176055,1
176057,53
176059,3
176061,14
176063,10
176065,1
176067,1
176069,4
176071,5
176073,78
176075,38
176077,5
176079,1
176081,1
176083,8
176085,26
176087,7
176089,6
176091,5
176093,6
176095,5
176097,4
176099,10
176101,3771
176103,197
176105,307
176107,2
176109,1
176113,10
176115,3
176117,2
176119,2
176121,7
176123,4
176125,16
176127,10
176129,20
176131,9
176133,4
176135,8
176137,3
176139,3
176141,12
176143,12
176145,4
176147,1
176149,10
176151,2
176153,5
176155,3
176157,10
176159,4
176161,2
176163,1
176165,8
176167,9
176169,17
176171,14
176173,59
176175,27
176177,3
176179,5
176181,6
176183,8
176185,14
176187,3
176189,11
176191,2
176193,3
176195,1
176197,2
176199,1
176201,4
176203,2
176205,7
176207,8
176209,1
176211,226
176213,8
176215,3
176217,6
176219,95
176221,8
176223,36
176225,14
176227,8
176229,17
176231,11
176233,2
176235,10
176237,16
176239,15
176241,5
176243,1
176245,1
176247,19
176249,17
176251,2
176253,8
176255,10
176257,2
176259,3
176261,4
176263,2
176265,27
176267,13
176269,9
176271,4
176273,4
176275,2
176277,2
176279,3
176281,4
176283,7
176285,1
176289,4
176291,3
176293,12
176295,23
176297,14
176299,13
176301,6
176303,2
176305,1
176307,2
176309,6
176311,7
176313,8
176315,1
176317,6
176319,7
176321,6
176323,1
176325,4
176327,11
176329,12
176331,22
176333,3
176335,3
176337,15
176339,29
176341,12
176343,13
176345,22
176347,12
176349,147
176351,71
176353,2
176355,329
176357,2
176359,2
176361,5
176363,9
176365,76
176367,2
176369,1
176371,11094
176373,16
176375,9
176377,1
176379,3
176381,5
176383,3
176385,3
176387,1
176389,47
176391,42
176393,4
176395,16
176397,40
176399,4
176401,3
176403,27
176405,14
176407,4
176409,3
176411,1
176413,2
176415,2
176417,1
176419,2597
176421,6
176423,883
176425,4
176427,2
176429,5
176431,3
176435,1
176437,20
176439,1
176441,1
176443,1
176445,2
176447,1
176449,5
176451,3
176453,1
176455,4
176457,9
176459,11
176461,1
176463,5
176465,3
176467,2
176469,1
176471,4
176473,3
176475,1
176477,3
176479,2
176481,1
176483,3
176485,1
176487,107
176489,2
176491,5
176493,7
176495,3
176497,4
176499,14
176501,6
176503,4
176505,17
176507,9
176509,7
176511,2
176513,7
176515,14
176517,10
176519,20
176521,99
176523,165
176525,6
176527,3
176529,5
176531,6
176533,34
176535,4
176537,2
176539,2
176541,9
176543,4
176545,8
176547,1
176549,1
176551,145
176553,11
176555,2
176557,8
176559,5
176561,8
176563,8
176565,3
176567,993
176569,9
176571,66
176575,2
176577,5
176579,18
176581,2
176583,2
176585,13
176587,3
176589,9
176591,4
176593,1
176595,4
176597,7
176599,115
176601,1027
176603,321
176605,34
176607,1
176609,34
176611,2
176613,1
176615,18
176617,20
176619,29
176621,24
176623,14
176625,62
176627,6
176629,1
176631,9
176633,4
176635,4
176637,3
176639,1
176641,6
176643,4
176645,2
176647,2
176649,2
176651,4
176653,92
176655,2
176657,7
176659,1
176661,2
176663,6
176665,4
176669,3
176673,1
176675,4
176677,12
176679,3
176681,120
176683,4
176685,13
176691,2
176693,3
176697,18
176699,35
176701,29
176703,2
176705,2
176707,1
176709,1
176711,3
176713,2
176715,3
176717,7
176719,1
176721,2
176723,2
176725,2
176727,3
176729,7
176731,6
176733,3
176735,3
176737,1
176739,2
176741,2
176743,5
176745,2
176747,3
176749,1
176751,1929
176753,44
176755,2
176757,14
176759,27
176761,17
176763,20
176765,3
176767,12
176769,2
176771,1
176773,23
176775,7
176777,8
176779,20
176781,6
176783,11
176785,1
176787,14
176789,3
176791,1
176793,1
176795,16
176797,9
176799,3
176801,1078
176803,7
176805,23
176807,13
176809,19
176811,5
176813,20
176815,3
176819,8
176823,3
176825,4
176827,5
176829,125
176831,2
176835,3
176839,1
176841,1
176843,3
176845,8
176847,10
176849,44
176851,2
176855,3
176857,3
176859,11
176861,10
176863,2
176865,1
176867,3
176873,1
176875,14
176879,2
176881,13
176883,20
176887,118
176889,10
176891,8
176893,3
176897,2
176899,12
176901,4
176903,8
176905,8
176907,6
176909,4
176911,1
176915,3
176917,16
176919,123
176921,143
176923,70
176925,3
176927,30
176929,1489
176931,24
176933,934
176935,662
176937,515
176939,28
176941,12
176943,136
176945,15
176947,6
176949,14
176951,1
176953,5
176955,1
176957,3
176959,2
176961,5
176963,3
176965,3
176967,8
176969,2
176971,2
176973,5
176975,1
176977,16
176979,4
176981,4
176983,16
176987,26
176989,9
176991,5
176993,1
176995,2
176997,31
176999,14
177001,6
177003,45
177005,4
177007,11
177009,2
177011,8
177013,28
177017,3
177019,3
177021,2
177023,12
177025,5
177027,1
177029,12
177031,5
177033,3
177035,11
177037,11
177039,4
177041,4
177043,4
177045,14
177047,15
177049,3
177053,5
177055,4
177057,13
177059,2
177061,4
177063,8
177065,1
177067,24
177069,18
177071,27
177073,15
177075,3
177077,3
177079,1
177081,2
177083,4
177085,2
177089,9
177091,10
177093,17
177095,56
177097,1
177099,7
177101,122
177103,3
177105,10
177107,11
177109,2
177111,9
177113,38
177115,19
177117,4
177119,65
177121,1
177123,84
177125,2
177127,3
177129,3
177131,1
177133,2
177135,3
177137,2
177139,3
177141,3
177143,2
177145,6
177147,4
177149,1
177153,2
177155,13
177157,6
177159,2
177161,5
177163,6
177167,2
177169,2
177171,2
177173,2
177175,1
177177,3
177179,1
177181,4
177183,1
177185,15
177187,11
177189,11
177191,4
177193,18
177195,18
177197,3
177199,5
177203,15
177205,6
177207,7
177209,2
177211,10
177213,19
177215,6
177217,5
177219,2
177223,1
177225,223
177227,19
177229,20
177231,151
177233,47
177235,15
177237,692
177239,236
177241,75
177243,180
177245,32
177247,5
177249,19
177251,12
177255,4
177257,10
177261,23
177263,6
177265,1
177267,3
177269,7
177271,6
177273,7
177275,3
177277,2
177279,3
177281,2
177283,4
177285,57
177287,205
177289,6
177291,3
177293,1
177295,5
177297,32
177299,7
177301,5
177303,1
177305,14
177307,3
177309,5
177313,3
177315,5
177317,1
177319,3
177323,3
177325,3
177327,10
177329,2
177331,12
177333,1
177335,2
177337,16
177339,16
177341,12
177343,3
177345,2
177347,1
177349,3
177351,1
177353,2
177355,2
177357,2
177359,2
177361,2
177363,1
177365,6
177367,6
177369,9
177371,8
177373,5
177379,35
177381,38
177383,1
177385,5
177393,4
177395,1
177397,6
177399,2
177401,7
177403,3
177405,1
177407,6
177411,5
177413,12
177415,10
177417,2
177419,2
177421,6
177423,2
177425,1
177427,2
177429,2
177431,30
177433,2
177435,2
177437,2
177439,8
177441,5
177443,4
177445,3
177447,3
177449,3
177451,9
177453,10
177455,4
177457,1
177459,1
177461,1
177463,3
177465,7
177467,1
177469,11
177471,10
177473,2
177475,3
177477,1
177479,4
177481,4
177483,72
177485,3
177487,4
177489,5
177491,8
177493,1
177495,58
177497,645
177499,2
177501,25
177503,9
177505,5
177507,2
177509,1
177511,3
177513,6
177515,14
177517,3
177521,9
177523,4
177525,2
177527,5
177529,15
177531,14
177533,3
177535,5
177537,2
177539,1
177541,1
177543,1
177545,28
177547,6
177549,9
177551,1
177553,3
177555,25
177557,1
177559,1
177561,4
177563,3
177565,29
177567,20
177569,7
177571,4
177573,11
177575,4
177577,6
177579,12
177581,8
177583,3
177585,9
177587,34
177589,1
177591,3
177593,7586
177595,7
177597,4
177599,4
177601,59
177603,1
177605,10
177607,395
177609,3
177611,76
177613,7
177615,5054
177617,3
177619,4
177621,6
177625,1
177627,2
177629,13
177631,2
177637,5
177639,12
177641,1
177643,4
177645,6
177647,9
177649,15
177651,1910
177653,8
177655,2
177657,4
177659,4
177661,1
177663,2
177665,2
177667,3
177669,9
177671,1
177673,2
177677,1
177679,3
177681,2
177683,3
177685,3
177689,2214
177691,1
177693,15
177695,4
177697,3
177699,12
177701,3
177703,6
177705,5
177707,3
177709,14
177711,5
177713,9
177715,4
177717,9
177719,2
177721,8
177723,2
177725,35
177727,1
177729,12
177731,5
177733,2
177735,1
177737,99
177739,2
177741,1
177743,7
177745,5
177747,14
177749,1
177751,10
177753,11
177755,6
177757,27
177759,4
177761,16
177763,2363
177765,9638
177767,6
177769,35
177771,282
177775,6
177777,3
177779,3
177781,3
177783,2
177785,3
177787,144
177789,1
177791,6
177793,13
177795,1
177797,15
177799,9
177801,2
177803,6
177807,43
177809,3
177811,1
177813,3
177815,4
177819,8
177821,7
177823,10
177825,4
177827,6
177829,5
177831,7
177833,3
177835,2
177837,13
177839,8
177841,4
177843,3
177845,5
177847,3
177849,10
177851,9
177853,4
177855,1
177857,5
177859,3
177861,2
177863,2
177865,28
177867,175
177869,11
177871,239
177873,3
177875,1
177877,8
177879,15
177881,24
177883,110
177887,13
177889,2
177891,3
177893,4
177895,5
177897,4
177899,1
177901,11
177903,6
177905,15
177907,11
177909,2
177911,1
177913,33
177915,1
177917,9
177919,2
177921,3
177923,16
177925,3
177927,2
177929,8
177931,4
177933,17
177935,5
177937,2
177939,206
177941,20
177943,2
177945,25
177947,5
177949,5
177951,100
177953,6
177955,2
177957,3
177959,2
177961,2
177963,3
177965,2
177967,5
177969,4
177971,1
177973,1
177975,1
177977,3
177979,1
177981,2
177983,1
177985,9
177987,8
177989,5
177991,4
177993,69
177999,4
178003,3
178009,2
178011,4
178013,10
178015,4
178017,1
178019,3
178021,3
178023,1
178025,2
178027,7
178029,10
178031,4
178033,7
178035,4
178037,3
178039,1
178041,9
178043,1
178045,3
178047,3
178049,15
178051,4
178053,5
178055,3
178057,3
178059,33
178061,2587
178063,120
178065,3
178067,7
178071,16
178073,6
178075,6
178077,9
178079,40
178081,5
178083,37
178085,56
178087,13
178091,4
178093,5
178095,4
178097,3
178099,5
178101,2
178103,2
178105,3
178107,2
178109,3
178111,45
178113,2
178115,3
178121,1
178123,15
178125,2
178127,1
178129,4
178135,1
178139,1
178143,1
178147,3
178149,2
178151,4
178153,10
178157,1
178163,2
178167,2
178183,1
178185,1
178191,1
178193,1
178201,2
178203,1
178209,1
178213,1
178217,2
178221,2
178223,1
178233,1
178235,2
178239,3
178247,1
178251,1
178255,2
178257,1
178269,2
178271,3
178273,1
178279,2
178281,1
178283,1
178285,1
178289,1
178295,1
178297,2
178299,1
178311,4
178313,1
178315,2
178317,3
178319,23
178321,1
178323,92
178325,2
178327,2
178329,3
178331,4
178333,3
178335,411
178337,10
178339,26
178341,17
178343,3
178345,18
178347,4
178349,1
178351,3
178353,11
178355,91
178357,5
178359,1
178361,2
178363,5
178365,3
178367,21
178369,9
178371,34
178373,3
178375,28
178377,1
178379,16
178383,2
178385,2
178387,5
178391,1
178393,3
178397,12
178401,241
178403,3
178407,7
178409,1
178411,2
178413,6
178415,3
178417,1
178419,66
178421,16
178429,2
178439,1
178445,1
178447,159
178451,1
178453,18
178455,1
178459,2
178461,1
178465,6
178467,3
178469,18
178471,5
178473,4
178475,6
178477,49
178479,4
178481,4
178483,2
178485,1
178487,4
178489,9
178491,7
178493,1
178495,3
178497,2
178499,4
178501,2
178503,1
178505,2
178507,8
178509,71
178511,5
178513,9
178515,1
178517,32
178519,5
178521,773
178523,582
178525,4
178527,2
178529,27
178531,5
178533,1
178535,5
178537,3
178539,1
178541,6
178543,4
178545,1
178547,2
178549,1
178551,4
178553,2
178555,1
178557,8
178559,1
178561,2
178563,5
178565,14
178567,3
178569,2
178571,10
178573,1
178575,8
178577,1
178579,9
178581,6
178583,1
178585,5
178587,7
178589,1
178591,2
178593,6
178595,2
178597,2
178599,4
178603,2
178605,11
178607,17
178609,3
178611,1
178613,343
178615,16
178617,6
178619,4
178621,1
178623,2
178625,2
178627,1
178629,2
178631,1
178633,3
178635,4
178637,1
178639,23
178641,18
178643,1
178645,18
178647,2
178649,20
178651,6
178653,2
178655,3
178657,2
178663,7
178665,13
178667,889
178669,20
178671,3
178673,2
178675,1
178679,33
178681,2
178683,10
178685,3
178687,2
178691,1
178693,4
178695,1
178697,2
178699,5
178701,10
178703,3
178705,14
178707,3
178709,1
178711,7
178713,15
178715,60
178717,6
178719,19
178721,2
178723,1
178725,1
178727,10
178729,13
178731,3
178733,1
178735,21
178737,4
178739,1
178741,1
178743,10
178745,8
178747,13
178749,5
178751,1
178753,4
178755,6
178757,4
178759,2
178761,1
178763,1
178765,1
178767,6
178769,8
178771,12
178773,9
178775,6
178777,2
178779,4
178781,4
178783,12
178785,9
178787,3
178789,3
178791,3
178793,3
178795,3
178797,3
178799,3
178801,3
178803,3
178805,4
178807,11
178815,2
178817,2
178819,4
178821,3
178823,3
178825,22
178827,1191
178829,2
178831,3
178833,4
178835,14
178837,11
178839,175
178841,1
178843,64
178845,1
178847,1
178849,5
178851,7
178853,5
178855,16
178857,1
178859,2
178861,14
178863,3
178865,9
178867,1
178869,3
178873,4
178875,1
178877,12
178879,3
178881,2
178883,4
178885,65
178887,2
178889,8
178891,10
178893,3
178895,18
178897,3
178899,2
178901,6
178903,3
178905,7
178907,174
178909,3
178911,6
178913,1
178915,1
178917,6
178919,9
178921,3
178923,7
178925,5
178927,8
178929,2
178933,50
178935,3
178937,2
178939,6
178941,4
178943,11
178945,2
178947,5
178949,7
178951,6
178953,4
178955,23
178957,7
178959,7
178961,23
178963,26
178965,4
178967,10
178969,8
178971,4
178973,4
178975,4
178977,2
178979,9
178981,11
178983,3
178985,4
178987,1
178989,2
178991,4
178995,11
178997,52
178999,7
179001,3
179003,5
179005,88
179007,15
179009,2
179011,12
179013,6
179015,4
179017,4
179019,4
179021,6
179025,7
179027,7
179029,7
179031,6
179035,3
179037,5
179039,3
179041,4
179043,3
179045,10
179047,1
179049,5
179051,6
179053,123
179055,88
179057,2
179059,7
179061,2
179063,7
179065,10
179067,2
179069,2
179073,3
179075,1
179077,4
179079,2
179081,21
179083,1
179085,1124
179089,6
179091,38
179093,6
179095,1
179097,6
179099,53
179101,7
179103,7
179105,2
179107,11
179109,7
179111,16
179113,12
179115,14
179117,7
179119,1716
179121,12
179127,5
179129,8
179131,5
179133,667
179135,1163
179137,249
179139,7
179141,3
179143,8
179145,3
179147,5
179149,8
179151,5
179153,17
179155,27
179157,21
179159,1
179161,2
179163,113
179165,8
179167,2
179169,1
179173,257
179175,38
179177,1
179179,10
179181,1
179185,1
179187,3
179189,1
179191,1
179193,4
179197,5
179199,1
179201,1
179203,5
179205,2
179207,2
179209,1
179211,25
179213,5
179215,7
179217,7
179219,12
179221,656
179223,1
179225,18
179227,2
179231,1
179233,14
179237,5
179239,1
179241,3
179243,7
179245,16
179247,340
179249,18
179251,15
179253,6
179255,1
179257,1
179259,2
179261,2
179263,2
179265,2
179267,6
179269,13
179271,2
179273,1
179275,119
179277,12
179279,3
179281,3
179283,5
179285,101
179287,96
179289,9
179291,8
179293,77
179295,181
179297,35
179299,45
179301,103
179303,6
179305,1
179307,3
179309,7
179311,3
179313,2
179315,5
179317,3
179323,1
179325,25
179327,4
179329,57
179331,525
179333,241
179335,1
179337,7
179339,3
179341,8
179343,2
179345,98
179347,3
179349,4
179351,1
179353,1
179355,4
179357,10
179359,1
179361,5
179363,5
179365,1
179367,5
179369,15
179371,26
179373,11
179375,2
179377,4
179379,19
179381,5
179383,3
179385,1
179387,3
179389,12
179391,1
179393,4
179397,34
179399,5
179401,4251
179403,11
179405,2
179409,166
179411,115
179413,2
179415,132
179417,70
179419,14
179421,5
179423,3
179425,2
179427,11
179429,5
179431,12
179433,2
179435,11
179437,29
179439,8
179441,2
179443,14
179445,2
179447,2
179449,6
179451,57
179453,24
179455,4
179457,1
179461,1
179463,1
179467,3
179475,6
179477,3
179479,7
179481,5
179483,2
179485,4
179489,2
179491,190
179493,15
179495,48
179497,36
179499,8
179501,4
179503,5
179505,7
179507,5
179509,17
179511,14
179513,1
179515,1
179517,2
179519,1
179521,17
179523,7
179525,2
179527,9
179529,2
179531,2
179533,4
179535,5
179537,1
179539,2
179541,5
179543,4
179545,2
179547,4
179549,2
179551,1
179553,3
179555,3
179557,3
179559,6
179561,8
179563,5
179565,8
179567,1
179569,7
179571,1
179573,1
179575,3
179577,1
179579,2
179581,7
179583,1
179585,4
179587,13
179589,6
179591,14
179593,31
179595,13
179597,1
179599,12
179601,3
179603,4
179605,16
179607,2
179609,6
179611,5
179613,3
179615,6
179617,5
179619,2
179621,2
179623,2
179625,2
179627,2
179629,4
179631,2
179633,2
179635,2
179637,8
179639,4
179641,3
179643,4
179645,9
179647,62
179649,3
179651,1
179653,3
179655,8
179657,3
179659,2
179661,1
179665,1
179667,1
179669,4
179671,3
179673,2
179675,5
179677,2
179679,9
179681,3
179683,2
179685,1
179687,4
179689,5
179691,10
179695,15
179697,14
179701,55
179703,7
179705,13
179707,2
179709,169
179711,8
179713,1
179715,3
179717,1
179719,4
179721,4
179723,5
179725,9
179727,4
179729,5
179731,3
179733,5
179737,1
179739,2
179741,2
179743,4
179745,14
179747,24
179749,447
179751,3
179755,4
179757,3
179759,12
179761,44
179763,12
179767,17
179769,8
179771,2
179773,3
179777,2
179779,232
179781,1
179783,17
179785,69
179789,2
179791,2
179793,8
179795,38
179797,6
179799,3
179803,4
179805,2
179807,1
179809,6
179811,193
179813,62
179815,226
179817,2121
179819,6646
179821,64
179823,29
179825,25
179827,42
179829,3
179831,1
179833,2
179835,1
179837,4
179839,4
179841,1
179843,1
179845,2
179847,8
179849,3
179853,1
179855,2
179857,5
179859,3
179861,1
179863,197
179865,1
179867,1
179869,4
179871,3
179873,8
179875,7
179877,9
179881,923
179883,3
179885,2
179889,15
179891,3
179893,1
179895,2
179897,6
179899,3
179901,75
179903,7
179905,6
179907,3
179909,8
179911,4
179913,15
179915,25
179917,4
179919,49
179921,6
179923,16
179925,107
179927,5
179929,4
179931,5
179933,16
179935,2
179937,3
179939,1
179941,81
179943,4
179945,2
179947,3
179949,1
179951,2
179953,247
179955,2
179957,1
179959,13
179961,16
179963,6
179965,7
179967,26
179969,1
179971,6
179973,1
179975,1
179977,159
179979,4
179981,4
179983,155
179985,3
179987,5
179989,7
179991,3
179993,3
179995,17
179997,2
179999,1
180001,29
180003,1
180005,2
180007,2
180009,2
180011,2
180013,1
180017,15
180019,6
180021,5
180023,1
180025,2
180027,1
180029,7
180031,4596
180033,50
180035,6
180037,95
180039,30
180041,20
180043,36
180045,2227
180049,3
180051,2
180053,1
180055,4
180057,1
180059,3
180061,3
180063,7
180065,10
180067,12
180069,7
180071,2
180073,7
180075,3
180077,1
180079,3
180081,11
180083,1
180085,1
180087,9
180089,1
180091,60
180093,66
180095,1626
180097,7
180099,23
180101,2
180103,10
180105,1
180107,1
180109,5
180111,5
180113,2
180115,1
180117,2
180119,6
180121,2
180123,16
180125,2
180127,3
180129,42
180131,11
180133,4
180137,74
180139,25
180141,1
180143,1
180145,12
180147,9
180149,14
180151,10
180153,2
180155,4
180159,3
180161,72
180163,1
180165,3
180167,1
180169,21
180171,2
180173,5
180175,1
180177,1
180179,4
180181,4
180183,1
180185,1
180187,1
180189,1
180191,7
180193,1
180195,4
180197,2
180199,17
180201,3
180203,1
180205,29
180207,1
180209,8
180211,54
180213,1
180215,1
180217,2
180219,2
180221,6
180223,5
180225,1
180227,16
180231,438
180233,7
180235,8
180237,2
180239,3
180241,1
180243,5
180245,29
180249,28
180251,6
180253,11
180255,3
180257,5
180259,2
180261,93
180263,89
180265,429
180267,14
180269,6
180273,3
180275,5
180277,4
180279,6
180281,12
180283,4
180285,4
180289,12
180291,10
180293,14
180295,4
180297,2055
180299,7
180301,13
180303,5
180305,3
180307,2
180309,11
180311,6
180313,4
180315,7
180317,18
180319,9
180321,3
180323,6
180325,45
180327,3
180333,1
180335,1
180337,1
180339,1
180341,5
180343,7
180345,12
180347,12
180353,1
180355,1
180357,9
180359,2
180361,1
180363,1
180365,1
180367,148
180369,2
180371,2
180373,1
180377,5
180379,2
180385,20
180387,3
180389,2
180393,14
180395,1
180397,1
180399,2
180401,2
180403,2
180405,3
180407,1
180409,1
180411,4
180413,2
180415,4
180417,2
180419,2
180425,9
180427,8
180429,11
180431,9
180435,89
180437,19
180439,10
180441,14
180443,24
180445,25
180447,18
180449,12
180451,17
180453,28
180455,7
180457,1
180461,1
180463,1
180465,38
180467,1
180469,2
180471,9
180473,4
180475,3
180477,5
180479,9
180481,13
180483,1
180485,1
180487,9
180489,6
180491,13
180493,1
180495,3
180497,2012
180499,6
180501,1
180503,12
180505,1
180507,21
180511,12
180513,2
180515,1
180517,1
180519,1
180521,1
180523,4
180525,2
180531,5
180533,13
180535,8
180537,24
180539,52
180543,8
180545,3
180547,4
180549,1
180553,6
180555,193
180557,3
180559,10
180561,3
180563,7
180565,1
180567,5
180569,35
180571,6
180573,2
180575,1
180577,2
180579,7
180581,6
180583,3
180585,1
180587,258
180589,13
180591,66
180593,1
180595,1
180599,5
180601,2
180607,5
180611,3
180615,2
180619,8
180625,1
180627,2
180629,7
180631,2
180633,1
180635,3
180639,2
180641,2
180643,4
180645,2
180647,1
180651,2
180653,2
180655,4
180659,1
180661,1
180663,6
180665,2
180667,3
180669,6
180675,5
180677,2
180679,2
180681,1
180685,8
180687,4
180689,13
180693,5
180695,7
180699,1
180701,2
180709,1
180711,1
180713,1
180715,5
180717,1
180719,4
180723,1
180725,11
180727,2
180729,3
180731,5
180733,1
180735,5
180737,143
180745,3
180749,4
180753,1
180755,1
180757,2
180759,2
180761,1
180763,1
180765,2
180767,3
180769,18
180771,1
180773,5
180775,1
180777,1
180781,4
180783,1
180785,1
180787,4
180789,3
180791,1
180793,2
180795,2
180799,6
180803,2
180807,1
180809,1
180815,4
180825,1
180827,3
180829,3
180831,1
180833,60
180835,1
180837,5
180839,5
180841,3
180843,3
180845,1
180851,3
180857,1
180859,1
180861,6
180863,1
180865,6
180867,1
180869,1
180871,1
180873,7
180875,4
180877,1
180879,1
180881,1
180883,1
180885,14
180887,1
180889,1
180891,3
180897,1
180899,4
180901,1
180903,2
180905,2
180907,1
180909,1
180913,1
180915,1
180917,1
180919,2
180923,6
180929,1
180933,1
180935,1
180941,1
180945,2
180949,1
180953,6
180955,8
180957,13
180959,2
180961,3
180963,8
180965,24
180967,22
180969,1
180971,1
180973,1
180975,1
180979,7
180981,3
180983,6
180985,2198
180987,437
180989,5
180991,1
180993,2
180995,3
180997,1
180999,1
181003,3
181005,1
181007,5
181011,1
181015,2
181019,2
181023,6
181025,1
181027,2
181029,4
181031,4
181033,1
181035,2
181037,1
181039,6
181041,10
181047,3
181051,2
181055,3
181057,10
181059,1
181061,3
181063,1
181065,28
181067,2
181069,2
181071,5
181073,7
181075,111
181077,37
181079,13
181081,5
181085,1
181089,2
181091,1
181093,3
181095,2
181097,2
181099,1
181101,2
181103,2
181105,4
181107,1
181111,20
181113,4
181115,77
181117,1
181119,4
181121,2
181123,5
181125,3
181127,1
181131,2
181133,2
181135,13
181137,3
181139,6
181141,8
181143,7
181149,1
181151,1
181155,28
181157,12
181159,4
181163,1
181165,1
181167,1
181169,10
181171,3
181175,5
181179,1
181181,1
181187,1
181189,1
181191,1
181193,1
181195,1
181197,3
181199,1
181201,2
181203,3
181205,7
181207,1
181209,13
181211,11
181213,2
181215,13
181217,85
181219,11
181221,13
181223,2
181225,24
181227,6
181229,2
181231,36
181235,36
181239,4
181241,1
181243,7
181245,31
181247,2
181249,5
181251,21
181255,1
181257,13
181259,4
181261,4
181263,3
181265,4
181267,123
181269,1
181271,1
181273,2
181275,10
181277,31
181279,6
181281,2
181283,3
181285,12
181287,1
181289,2
181291,7
181293,1
181295,5
181297,5
181299,3
181301,4
181303,3
181305,2
181307,4
181309,2
181311,4
181313,1
181315,1816
181317,2
181319,3
181321,3
181323,1
181325,5
181327,1
181329,4
181331,2
181333,4
181335,1
181337,9
181339,7
181341,2
181343,1
181345,4
181347,3
181349,8
181351,6
181353,2
181355,70
181357,100
181359,3
181361,3
181363,8
181365,10
181367,2
181369,3
181371,1
181373,5
181375,1
181377,3
181379,2
181381,3
181383,1
181385,3
181387,1
181389,2
181391,3
181393,3
181395,1
181397,1
181399,3
181401,3
181403,3
181405,8
181407,1
181409,2
181411,2
181413,43
181415,27
181417,2
181419,1
181421,2
181423,3
181425,1
181431,2
181433,1
181435,2
181437,1
181439,3
181441,4
181443,6
181445,2
181447,3
181449,5
181451,4
181453,38
181455,3
181459,3
181461,4
181463,1
181465,9
181467,10
181469,6
181473,14
181475,39
181479,5
181483,2
181485,4
181487,1
181489,11
181491,15
181493,13
181495,1
181497,12
181499,20
181501,18
181503,8
181505,7
181507,3
181509,1
181511,1
181513,5
181515,6
181517,5
181521,1
181525,1
181527,3
181529,2
181531,7
181533,8
181535,2
181537,5
181539,5
181541,8
181543,4
181545,47
181547,14
181549,1
181551,2
181553,7
181555,2
181559,6
181561,1
181563,2
181565,7
181567,4
181569,1
181571,2
181573,2
181575,3
181577,1
181579,2
181581,3
181583,4
181585,2
181587,7
181589,2
181591,6
181593,10
181595,3
181597,1
181599,2
181601,111
181603,1
181605,9
181607,9
181609,4
181611,4
181613,4
181617,2
181619,2
181621,2
181623,4
181625,3
181627,11
181629,6
181631,3
181633,4
181635,13
181637,2
181639,1
181641,1
181643,8
181645,2
181647,1
181649,2
181651,4
181653,4
181655,1
181659,23
181661,1
181663,13
181665,2
181667,2
181669,3
181671,322
181673,9
181675,2
181677,1
181679,7
181681,2
181683,6
181685,6
181687,3
181689,9
181691,8
181693,6
181695,28
181697,4
181699,22
181701,9
181703,10
181705,11
181707,11
181709,4
181711,2
181713,1
181715,2
181717,1
181719,5
181721,3
181723,8
181725,9
181727,4
181729,3
181731,3
181733,4
181735,3
181737,8
181739,2
181741,6
181743,3
181745,9
181747,2
181749,2
181751,160
181753,17
181755,23
181757,24
181759,3
181761,11
181763,2
181765,2
181767,7
181769,6
181771,6
181773,9
181775,12
181777,9
181779,16
181781,7
181783,8
181785,6
181787,5
181789,8
181791,4
181793,8
181795,3
181797,5
181799,6
181801,7
181803,14
181805,3
181807,6
181809,5
181811,8
181813,4
181815,5
181817,2
181819,5
181821,5
181823,1
181825,2
181827,1
181829,1
181831,2
181833,2
181835,2
181837,5
181839,9
181841,7
181843,5
181845,6
181847,3
181849,9
181851,4
181853,6
181855,3
181857,6
181859,7
181861,6
181863,4
181865,4
181867,3
181869,7
181871,5
181873,8
181875,6
181877,6
181879,9
181881,6
181883,5
181885,10
181887,6
181889,6
181891,6
181893,6
181895,11
181897,5
181899,3
181901,8
181903,6
181905,7
181907,3
181909,10
181911,8
181913,6
181915,4
181917,5
181919,3
181921,5
181923,7
181925,44
181927,12
181929,8
181931,7
181933,2
181935,4
181937,18
181939,8
181941,8
181943,6
181945,8
181947,6
181949,6
181951,7
181953,9
181955,6
181957,8
181959,9
181961,4
181963,5
181965,3
181967,13
181969,9
181971,15
181973,12
181975,10
181977,10
181979,9
181981,11
181983,12
181985,8
181987,3
181989,3
181991,3
181993,5
181995,8
181997,4
181999,5
182001,10
182003,7
182005,6
182007,7
182009,7
182011,9
182013,5
182015,8
182017,6
182019,6
182021,13
182023,7
182025,8
182027,5
182029,7
182031,4
182033,5
182035,4
182037,12
182039,7
182041,9
182043,5
182045,4
182047,10
182049,6
182051,12
182053,5
182055,7
182057,4
182059,10
182061,10
182063,8
182065,11
182067,10
182069,8
182071,11
182073,13
182075,11
182077,5
182079,18
182081,17
182083,2
182085,5
182087,7
182089,7
182091,3
182093,4
182095,5
182097,5
182099,7
182101,5
182103,7
182105,4
182107,8
182109,3
182111,5
182113,5
182115,6
182117,8
182119,10
182121,1
182123,12
182125,25
182127,5
182129,6
182131,15
182133,12
182135,5
182137,35
182139,4
182141,5
182143,7
182145,7
182147,4
182149,5
182151,6
182153,12
182155,11
182157,9
182159,6
182161,3
182163,3
182165,6
182167,4
182169,5
182171,8
182173,6
182175,13
182177,7
182179,4
182181,5
182183,15
182185,11
182187,3
182189,11
182191,23
182193,22
182195,5
182197,8
182199,36
182201,2
182203,8
182205,14
182207,6
182209,5
182211,12
182213,4
182215,6
182217,6
182219,4
182221,4
182223,6
182225,9
182227,5
182229,7
182231,7
182233,2
182235,4
182237,7
182239,14
182241,6
182243,3
182245,4
182247,5
182249,6
182251,6
182253,5
182255,5
182257,4
182259,6
182261,4
182263,6
182265,9
182267,11
182269,18
182271,6
182273,4
182275,4
182277,6
182279,4
182281,3
182283,6
182285,12
182287,9
182289,6
182291,9
182293,15
182295,11
182297,38
182299,12
182301,25
182303,8
182305,6
182307,10
182309,6
182311,1
182313,6
182317,1
182319,20
182323,13
182325,5
182327,3
182329,2
182331,7
182333,1
182335,5
182337,5
182339,3
182341,49
182343,2
182345,2
182347,16
182349,3
182351,8
182353,50
182355,2
182357,1
182359,41
182361,2
182363,4
182365,2
182367,15
182369,47
182371,2
182373,2
182377,5
182379,7
182381,4
182383,5
182387,62
182389,3
182393,2
182395,18
182397,3
182399,1
182401,3
182403,19
182407,43
182409,15
182411,3
182413,3
182415,2
182417,3
182419,48
182421,2
182423,1
182425,3
182427,9
182429,19
182431,9
182433,15
182435,14
182437,1
182439,8
182441,9
182443,3
182445,34
182447,4
182449,5
182451,1
182455,6
182457,3
182459,4
182461,1
182463,1
182465,2
182467,95
182469,1
182471,3
182473,5
182475,54
182477,60
182479,236
182481,5
182483,9
182485,10
182487,11
182489,10
182491,3
182493,3
182495,4
182499,2
182501,3
182503,4
182505,8
182507,6
182509,5
182511,3
182513,3
182515,4
182517,2
182519,1
182521,1
182523,1
182525,3
182527,3
182529,16
182531,19
182533,7
182535,8
182537,15
182539,15
182541,14
182543,9
182545,3
182547,17
182549,17
182551,37
182553,9
182555,14
182557,97
182559,25
182563,31
182565,3
182567,1
182569,2
182573,1
182575,3
182581,2
182585,3
182587,1
182589,1
182595,1
182597,2
182611,1
182613,23
182615,67
182617,5
182619,7
182623,6
182625,4
182627,4
182629,3
182631,4
182633,5
182635,3
182637,317
182641,1
182643,16
182645,6
182647,1
182651,3
182653,18
182655,2
182657,3
182659,3
182661,4
182663,9
182665,2
182667,3
182669,2
182671,20
182673,12
182675,3
182677,11
182679,74
182681,3
182683,9
182685,3
182687,1
182689,4
182691,4
182693,1
182695,5
182697,4
182699,2
182703,8
182705,21
182707,1
182709,2
182711,9
182713,26
182715,5126
182717,1
182719,2
182721,3
182723,594
182725,2
182727,22
182729,11
182731,18
182733,1
182735,5
182737,19
182739,5
182741,7
182743,8
182745,3
182747,5
182749,26
182751,2
182753,3
182755,6
182757,1
182759,7
182761,1
182763,20
182767,3
182769,2
182771,3
182773,8
182775,20
182777,8
182779,12
182781,3
182783,113
182785,12
182787,1
182789,3
182791,3
182793,7
182795,2
182797,2
182799,1
182801,1
182803,8
182805,3
182807,2
182811,6
182813,20
182815,14
182817,3
182819,104
182821,2
182823,1665
182825,563
182827,1
182829,32
182831,4
182833,1
182835,146
182837,1
182841,2
182843,1
182845,4
182847,5
182849,1
182851,2
182853,77
182855,1
182857,13
182859,3
182861,2
182863,11
182865,3
182867,2
182869,5
182871,26
182873,5
182875,6
182877,1
182879,1
182881,1
182885,2
182887,1
182889,12
182891,6
182893,10
182895,5
182897,2
182899,2
182901,9
182903,12
182905,6
182907,2
182909,9
182911,3
182915,4
182919,1
182921,4
182923,1
182925,2
182927,1
182929,5
182931,12
182933,4
182935,4
182937,2
182939,4
182941,28
182943,1
182945,5
182947,5
182949,1
182951,5
182953,2
182955,1
182957,12
182959,9
182961,4
182963,1
182965,11
182967,18
182969,6
182971,2
182973,8
182975,3
182977,1
182979,3
182981,11
182983,2
182985,4
182987,2
182989,1
182991,2
182993,28
182995,2
182997,1
182999,3
183001,1
183003,3
183005,13
183007,1
183009,1
183011,922
183013,5
183015,3
183017,7
183019,3
183021,2
183023,1
183025,2
183027,7
183029,22
183031,1
183033,1
183035,1
183037,8
183039,2
183041,1
183043,3
183045,4
183047,8
183049,4
183051,4
183053,4
183055,66
183057,2
183059,2
183061,1
183063,6
183065,2
183067,2
183069,4
183071,9
183073,36
183075,17
183077,95
183079,3
183085,7
183087,60
183089,3
183091,3
183093,3
183103,1
183113,1
183117,1
183121,7
183123,5
183125,49
183127,3
183129,5
183131,4
183133,2
183135,10
183137,1
183139,22
183141,4
183143,8
183145,4
183147,2
183149,23
183151,136
183153,1
183155,117
183157,32
183159,73
183161,16
183163,9
183165,1
183167,1
183169,3
183171,9
183173,2
183175,7
183177,5
183179,15
183181,7
183183,4
183187,6
183193,1
183195,2
183197,268
183199,5
183201,5
183203,6
183205,5
183207,12
183209,2
183213,1
183215,3
183217,4
183219,7
183221,11
183223,4
183225,9
183227,232
183229,1
183231,31
183233,1
183235,13
183237,5
183239,10
183241,8
183243,1
183245,8
183247,7
183249,2
183251,23
183253,1
183255,4
183257,2
183259,6
183261,4
183263,21
183265,3
183267,10
183269,4
183271,2
183273,3
183275,1
183277,11
183279,14
183281,2
183283,2
183285,4
183287,15
183289,5
183291,2
183293,6
183295,339
183297,1
183299,1
183301,4
183303,8
183305,4
183307,6
183309,160
183311,2
183313,5
183315,5
183317,2
183319,1
183321,10
183323,91
183325,16
183327,1
183329,30
183331,8
183333,3
183335,9
183337,1
183339,30
183341,5
183343,2
183345,7
183347,5
183349,25
183351,1
183353,61
183355,13
183357,5
183359,2
183361,9
183363,1
183365,3
183367,1
183369,20
183371,1
183373,7
183375,8
183377,3
183379,37
183381,24
183383,22
183385,10
183387,4
183389,8
183391,3
183393,8
183395,2
183397,88
183399,7
183401,4
183403,12
183405,5
183407,7
183409,6
183411,26
183413,37
183415,7
183417,28
183419,66
183421,1240
183423,530
183425,5
183427,1
183429,12
183431,2
183433,3
183435,7
183437,167
183439,2
183441,12
183443,2
183445,28
183449,1
183451,1
183453,1
183455,26
183457,54
183459,17
183461,166
183463,1
183465,2
183467,1
183469,1
183471,2
183473,2
183475,3
183477,3
183479,2
183483,1
183485,2
183487,6
183489,11
183491,4
183493,5
183495,12
183497,116
183499,17
183501,8
183503,3
183507,35
183509,11
183511,1
183513,1
183515,11
183517,6
183519,5
183521,2
183523,1
183527,1
183529,59
183531,2
183533,7
183535,3
183537,7
183539,3
183541,1
183543,5
183545,1
183547,4
183549,3
183551,4
183553,3
183555,3
183557,8
183559,2
183561,12
183563,9
183565,14
183567,22
183569,8
183571,4
183573,10
183575,6
183577,6
183579,10
183581,4
183583,2
183585,3
183587,1
183589,394
183591,7
183593,24
183595,1
183597,122
183599,2
183601,16
183603,1
183605,24
183607,10
183609,19
183611,3434
183613,640
183615,4
183619,672
183621,2
183623,2
183625,7
183627,2
183629,2
183631,14
183633,26
183635,1192
183637,9
183639,3
183641,50
183643,5
183645,4
183647,1
183649,7
183651,34
183653,3
183655,6
183657,1
183659,4
183661,98
183663,1
183665,2
183667,4
183669,4
183671,88
183675,2
183677,10
183679,4
183681,9
183683,7
183685,5
183687,1
183689,1
183693,1
183695,189
183697,8
183699,163
183701,364
183703,85
183705,3
183707,2
183709,1
183711,8
183713,11
183715,4
183717,7
183719,4
183721,9
183723,9
183725,1
183727,94
183729,5
183731,1
183733,3
183735,3
183737,8
183739,26
183741,14
183743,8
183745,1
183747,3
183749,1
183753,1
183755,6
183757,2
183759,5
183761,1
183763,1
183765,8
183767,19
183769,1
183771,6
183775,1
183779,4
183781,1
183785,1
183787,1
183789,3
183791,4
183793,1
183795,28
183797,6
183799,12
183801,1
183803,16
183805,16
183807,3
183809,4
183811,8
183813,7
183815,129
183817,30
183819,12
183821,2
183823,3
183825,3
183827,65
183829,8
183831,47
183833,229
183835,6
183837,3189
183839,2
183841,3
183843,1252
183845,7
183847,22
183849,13
183851,3
183853,9
183855,161
183857,2
183859,6
183861,3
183863,4
183865,88
183867,24
183869,4596
183871,2
183873,17
183875,7
183877,3
183879,8
183881,1
183885,1
183889,1
183891,45
183893,15
183895,9
183897,4541
183899,1
183901,4
183903,5
183905,3
183907,7
183909,194
183911,72
183913,22
183915,155
183917,4
183919,8
183921,4
183923,3
183925,6
183927,23
183929,2
183931,4
183933,6
183935,3
183937,1
183939,2
183941,10
183943,21
183945,6
183947,1
183949,2
183951,4
183953,9
183955,22
183957,1
183959,67
183963,1
183965,9
183967,13
183969,8
183971,3
183973,6
183977,2
183979,46
183981,31
183983,18
183985,39
183987,8
183989,5
183991,1
183993,1
183995,1
183997,3
183999,7
184001,1
184003,27
184005,3
184007,3
184009,56
184011,15
184013,2
184015,332
184017,312
184019,2
184021,2
184023,464
184025,16
184027,1
184029,6
184031,1
184033,5
184035,3
184039,1
184041,4
184043,11
184045,3
184047,4
184049,2
184051,3
184053,5
184055,1
184057,6
184059,3
184061,5
184065,4
184067,9
184069,85
184071,29
184073,2
184075,2
184077,5
184079,16
184081,1
184083,1
184085,10
184087,20
184089,203
184091,2
184093,11
184095,17
184097,22
184099,33
184101,3
184103,2
184105,1
184107,10
184109,3
184113,7
184115,4
184117,2
184119,133
184123,5
184125,2
184127,12
184129,37
184133,3
184135,15
184137,4
184139,2
184141,3
184143,1
184145,1
184147,8
184149,3
184151,2
184153,1
184155,4
184157,29
184159,14
184161,1
184165,85
184167,5
184169,42
184171,1
184173,1
184177,5
184179,5
184181,7
184189,57
184191,16
184193,28
184195,21
184197,11
184199,8
184201,2
184203,4
184205,5
184207,5
184209,3
184211,23
184213,47
184215,4
184217,5
184219,11
184221,21
184223,26
184225,4
184229,28
184231,10
184233,28
184235,13
184237,3
184239,280
184241,12
184243,4
184245,1
184247,3
184249,14
184251,22
184253,1204
184255,12
184257,909
184259,2
184261,2
184263,1
184265,42
184267,5
184269,30
184271,5
184273,1
184275,19
184279,2
184283,2
184285,7
184287,22
184289,21
184291,12
184293,1
184295,3
184299,5
184301,3
184303,5
184305,4
184307,3
184309,2
184311,8
184313,29
184315,50
184317,8
184319,6
184321,2
184323,2
184325,4
184327,1
184329,2
184331,2
184333,1
184335,2
184337,4
184339,3
184341,5
184343,2
184345,19
184347,9
184349,10
184351,7
184353,58
184357,10
184359,16
184361,5
184363,12
184365,11
184367,3
184369,7
184371,2
184373,1
184375,5
184379,7
184381,1
184383,30
184385,2
184387,3
184389,10
184391,1
184393,9
184395,4
184397,10
184399,1614
184401,18
184403,1
184405,20
184407,25
184409,4
184411,3
184413,3
184415,19
184417,3
184419,2
184421,22
184423,16
184427,25
184429,1
184433,9
184435,4
184437,1
184441,2
184443,3
184445,85
184447,2
184451,12
184453,4
184455,4
184459,2
184461,12
184463,3
184467,2
184469,108
184471,1494
184473,30
184475,2
184477,4
184479,11
184481,17
184483,1
184485,4
184487,5
184489,3
184491,4
184493,12
184495,7
184497,22
184499,2
184501,14
184503,10
184505,8
184507,2
184509,18
184511,1
184513,4
184515,5
184517,13
184519,2
184521,9
184525,5
184527,1
184529,3
184531,1
184533,1
184535,3
184537,3
184539,6
184541,1
184543,1
184545,3
184547,2
184549,4
184551,12
184555,4
184557,3
184559,3
184561,18
184563,3
184565,5
184567,5
184569,5
184571,20
184573,11
184575,8
184577,15
184579,9
184581,1
184583,29
184585,2
184587,3
184589,6
184591,1
184593,10
184595,1
184597,5
184599,24
184601,1
184603,2
184605,2
184607,1
184609,8
184611,2
184613,3
184615,5
184617,1
184619,20
184621,2
184623,159
184625,19
184627,2
184629,11
184631,4
184633,7
184635,11
184637,60
184639,4
184641,60
184643,3
184647,9
184649,4
184651,7
184653,2
184657,3
184659,8
184661,2
184663,2
184667,17
184669,4
184671,5
184673,2
184675,18
184677,1
184681,6
184683,2
184685,19
184687,21
184689,37
184691,10
184693,13
184697,3
184699,3
184701,5
184703,5
184705,7
184707,4
184709,7
184713,18
184715,7
184717,4
184719,4
184721,1052
184723,3
184725,4
184729,3
184731,12
184733,2
184735,3
184739,31
184741,34
184743,3
184745,2
184747,3
184749,4
184751,5
184753,12
184755,3
184757,1
184759,3
184761,3
184763,3
184765,3
184767,7
184769,2
184771,2
184775,2
184777,3
184779,9
184781,5
184783,3
184785,9
184787,8
184789,3
184791,34
184793,30
184795,14
184797,42
184799,3
184801,9
184803,10
184805,1
184807,46
184809,3
184811,1
184813,12
184815,2
184817,1
184819,1
184821,2
184823,1
184825,11
184827,2
184829,18
184831,17
184833,3
184835,51
184839,1
184841,4
184845,8
184847,1
184849,2
184851,1
184853,6
184855,14
184857,3
184859,1
184861,5
184863,1
184865,86
184867,14
184869,4
184871,2
184873,1
184875,3
184877,2
184881,1
184883,1
184885,4
184887,4
184889,5
184891,7
184893,3
184895,3
184897,4
184899,3
184901,6
184903,3
184905,4
184907,12
184909,21
184911,1
184913,6
184915,1
184917,5
184919,3
184921,3
184923,11
184925,84
184927,7
184929,2
184931,421
184933,4
184935,9
184937,33
184939,2
184941,35
184943,3
184945,2
184947,1
184949,1
184951,2
184953,2
184955,6
184959,5
184961,4
184963,4
184965,6
184967,8
184969,1
184971,12
184973,4
184975,6
184977,3
184979,5
184981,3
184983,7
184985,1
184987,422
184989,30
184991,13
184993,19
184995,7
184997,1098
184999,278
185001,375
185003,21
185005,8
185009,1
185013,112
185015,3
185017,5
185019,2
185021,1
185025,33
185027,2
185029,6304
185031,369
185033,243
185035,21
185037,7
185039,26
185041,14
185043,2
185045,2
185047,3
185049,3
185051,13
185053,2
185055,1
185057,3
185059,2
185061,3
185063,1
185065,3
185067,2
185069,3
185071,2
185073,2
185075,7
185077,5
185079,2
185081,16
185083,5
185085,1
185087,6
185089,8
185099,2
185101,1
185103,3
185105,6
185107,2
185109,292
185111,8
185113,2
185115,4
185117,13
185119,2
185121,3
185123,3
185125,1
185127,2
185129,2
185131,1
185133,2
185137,2
185139,2
185141,2
185143,2
185145,2
185147,1
185149,2
185151,1
185153,2
185155,4
185157,3
185159,3
185161,3
185163,3
185165,2
185167,9
185169,129
185171,98
185173,1
185175,1
185177,1
185179,2
185181,10
185183,4
185185,2
185187,5
185189,2
185191,6
185193,7
185195,2
185197,3
185199,6
185201,4
185203,2
185205,3
185207,1
185209,1
185211,2
185213,7
185215,31
185217,8
185221,2
185223,4
185225,4
185227,6
185229,5
185231,75
185233,2
185235,8
185237,2
185239,2
185241,1
185243,1
185245,1
185247,1
185251,1
185253,3
185257,1
185259,7
185261,3
185263,1
185265,5
185267,17
185271,2
185273,7
185275,11
185277,4
185279,11
185281,5
185283,6
185285,22
185287,21
185289,1
185291,2
185293,8
185295,123
185297,11
185299,9
185301,1
185303,4
185305,2
185307,5
185309,15
185311,2
185313,50
185315,11
185317,3
185319,374
185321,6
185323,8
185325,4
185329,4
185331,1
185333,1
185335,29
185337,15
185339,2
185341,13
185343,3
185347,17
185349,6
185351,8
185353,28
185355,4
185357,4
185359,4
185361,4
185363,3
185365,30
185367,24
185369,16
185371,10
185373,4
185375,11
185377,6
185379,2
185381,1
185383,6
185385,138
185387,10
185391,2
185393,1
185405,5
185411,9
185415,7
185417,1
185419,2
185421,6
185423,16
185425,207
185427,21
185429,18
185431,18
185433,31
185435,177
185437,50
185439,23
185441,1
185443,161
185457,1
185459,2
185465,2
185467,4
185471,18
185473,650
185475,49
185477,1
185479,4
185481,173
185483,3
185485,1
185487,4
185489,4
185493,5
185497,2
185499,3
185501,1
185503,2
185513,7
185515,5
185517,3
185519,15
185521,2
185523,5
185525,7
185527,6
185531,5
185533,6
185535,2
185537,32
185539,43
185541,11
185543,1
185545,160
185547,3
185549,2
185551,2
185553,1
185557,3
185561,5
185563,2
185565,3
185567,3
185569,92
185571,80
185573,4
185575,13
185577,8
185579,17
185581,8
185583,7
185585,1103
185587,4
185591,2
185593,3
185595,3
185597,32
185599,2
185601,34
185603,1
185605,7
185609,5
185611,5
185613,7
185617,1
185619,4
185621,8
185623,3
185625,2
185627,2
185629,2
185631,3
185633,2
185635,2
185637,3
185639,7
185641,1
185643,4
185645,10
185647,13
185649,3
185651,6
185653,4
185655,6
185657,3
185659,18
185661,3
185663,19
185665,9
185667,7
185669,17
185671,5
185673,3
185675,3
185677,5
185679,5
185681,4
185683,22
185685,2
185687,6
185689,1
185691,3
185693,1
185695,3
185697,10
185699,1
185701,2
185703,2
185705,6
185707,4
185709,18
185711,11
185713,2
185715,12
185717,4
185719,3
185721,1
185723,2
185725,3
185727,1
185729,12
185731,3
185733,5
185735,1
185737,9
185739,2
185741,6
185743,1
185745,7
185749,5
185751,2
185753,3
185755,7
185757,6
185759,19
185761,2
185763,2
185765,2
185767,16
185769,14
185773,2
185775,1
185777,10
185779,2
185783,3
185785,8
185787,1
185789,1
185791,7
185793,17
185795,11
185797,1
185799,6
185801,1
185803,2
185807,1
185809,4
185811,2
185813,3
185815,3
185817,2
185819,4
185821,5
185823,1
185825,2
185827,1
185829,7
185835,5
185837,1
185839,4
185841,88
185843,6
185845,5
185847,2
185849,2
185851,33
185853,6
185857,3
185859,3
185861,1
185865,4
185867,1
185869,63
185871,4
185873,6
185875,1
185877,14
185879,4
185881,3
185883,15
185887,6
185889,3
185891,9
185893,1
185895,2
185897,1
185899,11
185901,7
185903,5
185905,74
185909,1
185913,1
185915,3
185917,4
185919,1
185921,6
185923,4
185925,2
185927,725
185931,4
185933,1
185935,5
185937,1
185939,2
185941,1
185943,2
185945,1
185947,10
185949,3
185951,8
185953,2
185955,1
185957,35
185959,9
185961,2
185963,6
185965,2
185969,6
185971,4
185973,2
185975,93
185977,144
185979,214
185981,59
185983,10
185985,3
185987,240
185989,246
185991,25
185995,15
185997,200
185999,100
186001,49
186003,74
186005,185
186007,7
186009,7
186011,1
186013,5
186015,6
186017,2
186019,1
186021,4
186023,4
186025,2
186027,3
186029,1
186033,7
186037,11
186039,10
186041,5
186043,3
186045,29
186047,2
186049,2
186051,1
186053,9
186055,3
186057,9
186059,6
186061,3
186063,1
186065,4
186067,1
186069,1
186071,8
186073,10
186075,2
186077,1
186079,6
186081,7
186083,2
186085,1
186087,4
186089,2
186091,5
186093,2
186095,2
186097,1
186099,2
186101,2
186103,6
186105,1
186107,1
186109,12
186111,2
186113,3
186115,1
186117,2
186119,3
186121,8
186123,1
186125,18
186127,9
186129,3
186131,1
186133,1
186135,7
186137,1
186139,5
186141,1
186143,1
186145,7
186147,2
186149,1
186151,2
186153,1
186155,4
186157,5
186159,34
186161,2
186163,3
186165,14
186167,4
186169,4
186171,15
186173,6
186175,2
186177,33
186179,2
186181,4
186183,8
186185,3
186187,4
186189,2
186191,1
186193,2
186195,9
186197,26
186199,3
186201,2
186203,4
186205,7
186207,9
186209,10
186211,1
186213,9
186215,3
186217,3
186219,6
186221,6
186223,3
186225,4
186227,8
186229,3
186233,2
186235,1
186237,4
186239,2
186241,1
186243,1
186245,8
186247,10
186249,45
186251,37
186253,48
186255,1
186257,6
186259,5
186261,1
186263,97
186265,2
186267,14
186269,5
186271,4
186273,4
186275,12
186277,26
186279,9
186281,3
186283,1
186285,2
186287,5
186289,2
186291,2
186293,2
186295,2
186297,2
186299,3
186301,1
186303,2
186305,116
186309,4
186311,340
186313,2
186315,2
186317,8
186319,7
186321,9
186323,3
186325,4
186327,9
186329,13
186331,31
186333,25
186335,9
186337,3
186339,79
186341,51
186343,8
186345,19
186347,8
186349,8
186351,26
186355,3
186357,13
186359,2
186361,9
186363,55
186365,78
186367,43
186369,3
186371,1
186373,1
186375,1
186377,1
186379,2
186381,54
186383,16
186385,3
186387,1
186389,7
186391,15
186393,27
186395,2
186397,2
186399,1
186403,7
186405,8
186407,2
186409,5
186411,1
186413,3
186415,7
186417,2
186419,4
186421,3
186423,2
186425,1
186427,3
186429,6
186431,11
186433,2
186435,7
186437,12
186439,1
186441,6
186443,3
186445,1
186447,3
186449,8
186451,1
186453,2
186455,3
186457,3
186459,7
186461,1
186463,4
186465,5
186467,8
186469,4
186471,2
186473,8
186475,2
186477,1
186479,13
186481,2
186483,2
186485,3
186487,3
186489,1
186491,4
186493,3
186495,20
186497,5
186499,26
186501,1
186503,1
186505,2
186507,1
186509,3
186511,1
186513,1
186515,13
186517,1
186519,3
186521,2
186523,3
186529,9
186531,6
186533,28
186535,2
186537,4
186539,36
186541,35
186543,19
186545,1
186547,2
186549,24
186551,7
186553,3
186555,38
186557,10
186559,4
186561,1
186563,3
186565,23
186567,15
186569,8
186571,5
186573,26
186575,4
186577,3
186579,14
186581,6
186583,2
186585,19
186587,984
186589,4
186591,2
186593,4
186595,4
186597,3
186599,6
186601,3
186603,4
186605,5
186607,10
186609,2
186611,3
186613,10
186615,5
186617,13
186619,2
186621,3
186625,1
186627,3
186629,2
186631,176
186633,6
186635,4
186637,3
186639,3
186641,13
186643,2
186645,2
186647,2
186649,2
186651,4
186653,2
186655,3
186657,3
186659,2
186661,3
186663,5
186665,3
186667,3
186669,1
186671,2
186673,2
186675,2
186677,3
186679,4
186681,3
186683,4
186685,3
186687,3
186689,4
186691,2
186693,3
186695,2
186697,3
186699,6
186701,1
186703,5
186705,3
186707,7
186709,6
186711,3
186713,9
186715,5
186717,4
186719,2
186721,3
186723,4
186725,5
186727,3
186729,3
186731,1
186733,1
186735,2
186737,1
186739,2
186741,2
186743,3
186747,2
186749,26
186751,5
186753,5
186755,4
186757,2
186759,3
186761,12
186763,14
186765,4
186767,3
186769,4
186771,1
186773,11
186775,3
186777,32
186779,6
186781,11
186783,8
186785,11
186787,3
186789,1
186791,1
186793,10
186795,1
186797,6
186799,7
186801,4
186803,8
186805,7
186807,2
186809,10
186811,5
186813,3
186815,7
186817,2
186819,3
186821,20
186823,4
186825,3
186827,2
186829,2
186831,2
186833,8
186835,3
186837,9
186839,6
186841,8
186843,2
186845,2
186847,2
186851,2
186853,10
186855,2
186857,5
186859,2
186861,10
186863,204
186865,3
186867,1
186869,3
186871,14
186873,8
186875,6
186877,2
186879,3
186881,7
186883,2
186885,7
186887,2
186889,2
186891,2
186893,2
186895,7
186897,1
186899,3
186901,2
186903,24
186905,42
186907,11
186909,2
186911,3
186913,1
186915,2
186917,2
186919,2
186921,1
186923,10
186925,7
186927,5
186929,2
186931,8
186933,23
186935,32
186937,5
186939,6
186941,4
186943,2
186945,5
186947,107
186949,50
186951,1
186953,153
186955,55
186957,3
186959,10
186961,9
186963,2
186965,1
186967,7
186971,1
186973,13
186975,2
186977,2
186979,8
186981,4
186983,698
186985,192
186987,1
186989,2
186991,5
186993,11
186995,1
186997,1
186999,6
187001,74
187003,1
187005,3
187007,3
187009,2
187011,3
187013,1
187015,3
187017,1
187019,2
187021,2
187023,142
187025,23
187027,16
187029,14
187031,2013
187033,3
187035,7
187037,5
187041,3
187043,11
187045,14
187047,2
187049,3
187051,120
187053,3
187055,29
187057,6
187059,2
187065,3
187067,222
187069,40
187071,1
187073,8
187075,6
187077,8
187079,5
187081,5
187083,4
187085,49
187087,2
187089,4
187091,2
187093,7
187095,9
187097,19
187101,3
187103,2
187107,4
187109,59
187111,5
187113,3
187115,7
187117,1
187119,3
187121,5
187123,37
187125,7
187127,47
187129,4
187131,6
187133,8
187135,2
187137,2
187139,6
187141,3
187143,5
187145,76
187147,3
187149,12
187151,13
187153,7
187155,3
187157,5
187159,8
187161,2
187163,5
187165,1
187167,32
187169,15
187171,16
187173,2
187175,1
187177,1
187179,4
187183,5
187185,5
187187,6
187191,1
187193,4
187195,2
187197,6
187199,6
187201,8
187203,4
187205,1
187209,4
187211,4
187213,67
187215,33
187217,9
187219,5
187221,10
187223,5
187225,7
187229,47
187231,590
187235,1
187239,1
187241,8
187245,22
187247,7
187249,2
187251,2
187253,4
187255,8
187257,4
187259,27
187261,9
187263,15
187265,13
187267,4
187269,5
187271,2
187273,7
187275,2
187277,5
187279,13
187281,15
187283,39
187285,5
187287,8
187289,9
187291,3
187293,4
187295,8
187297,4
187299,16
187301,8
187303,9
187305,21
187307,11
187309,103
187311,39
187317,14
187319,14
187321,10
187323,31
187325,19
187327,5
187329,21
187331,13
187333,1
187335,7
187337,9
187339,4
187341,7
187343,2
187345,6
187347,20
187349,4
187351,6
187353,12
187355,25
187357,6
187359,10
187361,4
187363,2
187365,5
187367,16
187369,15
187371,3
187373,3
187375,17
187377,10
187379,4
187381,12
187383,9
187385,8
187387,2
187389,14
187391,4
187393,6
187395,9
187397,8
187399,1
187401,4
187403,8
187405,7
187407,12
187409,11
187411,2
187413,2
187415,18
187417,7
187419,10
187421,5
187423,10
187425,1
187427,3
187429,34
187431,2
187433,10
187435,4
187437,3
187439,3
187441,5
187443,2
187445,5
187447,9
187449,19
187451,3
187453,3
187455,32
187457,18
187459,10
187461,10
187463,42
187465,24
187467,16
187469,2
187471,3
187473,5
187475,1
187477,1
187479,34
187481,6
187483,2
187485,5
187487,2
187489,4
187493,29
187495,59
187497,1
187501,794
187503,6
187505,589
187507,25
187509,3
187511,12
187513,1
187515,4
187517,11
187519,4
187521,14
187523,69
187525,1
187527,4
187529,6
187531,478
187533,9
187535,4
187537,4
187539,7
187541,6303
187543,7
187545,16
187547,5
187549,3
187551,8
187553,4
187555,2
187557,3
187559,7
187561,21
187563,9
187565,1
187567,1
187569,3
187571,3
187573,3
187575,2
187577,52
187579,20
187581,3
187583,102
187585,1
187587,2
187589,1
187591,6
187593,9815
187595,3687
187597,1
187599,2
187601,499
187603,13
187605,3
187607,6
187609,1
187611,306
187613,502
187615,3
187617,8
187619,6
187621,13
187623,11
187629,9
187631,5
187641,9
187643,4
187645,1
187647,4
187649,9
187651,2
187653,2
187655,12
187661,2
187663,11
187665,1
187667,1
187669,1
187671,1
187673,3
187675,1
187677,1
187679,3
187681,10
187683,9
187685,3
187687,2
187689,7
187691,7
187693,2
187695,3
187697,5
187699,1
187701,2
187703,3
187705,3
187707,4
187709,13
187711,1
187713,60
187715,9
187717,1218
187719,68
187721,5
187723,572
187725,42
187727,10
187729,4
187731,1
187733,3
187735,3
187737,9
187739,2
187741,10
187743,5
187745,1
187747,3
187749,6
187751,38
187753,13
187755,8
187757,1
187759,5
187761,1
187763,1
187765,1
187767,4
187769,5
187771,5
187773,3
187777,1
187781,1
187783,1
187785,1
187787,1
187789,1
187791,1
187793,2
187795,1
187797,2
187799,2
187801,2
187803,5
187805,3
187807,1
187809,17
187811,1
187813,10
187815,303
187819,1
187821,1
187823,1
187825,2
187827,1
187829,1
187831,2
187833,1
187835,1
187837,1
187839,1
187841,1
187843,1
187845,1
187847,8
187849,3
187851,1
187853,4
187855,2
187857,5
187859,5
187861,3
187863,2
187865,5
187867,12
187869,4
187871,3
187873,5
187875,12
187877,1
187879,1
187881,3
187883,3
187885,2
187887,3
187889,3
187891,3
187893,1
187895,1
187897,1
187899,12
187901,12
187903,11
187905,6
187907,16
187909,3
187911,4
187913,1
187915,5
187917,2
187919,2
187921,8
187923,2
187925,1
187927,3
187929,1
187931,2
187933,1
187935,1
187937,12
187939,5
187941,7
187943,3
187945,17
187957,13
187959,99
187961,3
187963,4
187965,2
187967,2
187969,2
187971,3
187973,10
187975,3
187977,17
187979,18
187983,13
187985,9
187987,15
187989,8
187991,11
187993,4
187995,8
187997,11
187999,4
188001,6
188003,1
188005,2
188007,6
188009,8
188011,4
188013,4
188015,4
188017,7
188019,4
188021,4
188023,4
188025,1
188029,9
188031,5
188033,8
188035,13
188037,3
188039,3
188041,1
188043,11
188045,1
188047,8
188049,14
188051,5
188053,13
188055,14
188057,5
188059,9
188061,3
188063,2
188065,8
188067,114
188069,2
188071,2
188073,7
188075,3
188077,13
188079,6
188081,11
188083,4
188085,6
188087,9
188089,6
188091,10
188093,4
188095,7
188097,3
188099,3
188101,2
188103,4
188105,2
188107,12
188109,27
188111,4
188113,7
188115,6
188117,5
188119,6
188121,8
188123,2
188125,10
188127,6
188129,2
188131,7
188133,3
188135,12
188137,3
188139,1
188141,7
188143,1
188145,13
188147,7
188149,10
188151,2
188153,3
188155,17
188157,5
188159,9
188161,6
188163,2
188165,6
188167,5
188169,4
188171,3
188173,20
188175,44
188177,15
188179,14
188181,11
188183,33
188185,3
188187,70
188189,2455
188191,24
188193,3
188195,5
188197,2
188199,5
188201,11
188203,5
188205,5
188207,537
188209,3
188211,10
188213,11
188215,49
188217,88
188219,10
188221,9
188223,1
188225,11
188227,6
188229,13
188231,3
188233,2
188235,2
188237,5
188239,7
188241,2
188243,3
188245,4
188247,5
188249,3
188251,13
188253,10
188255,2
188257,1
188259,4
188261,6
188263,4
188265,5
188267,5
188269,3
188271,16
188273,5
188275,4
188277,4
188279,4
188281,20
188283,22
188285,9
188287,7
188289,3
188291,6
188293,6
188295,2
188297,4
188299,47
188301,4638
188303,410
188305,238
188307,469
188309,701
188311,58
188313,1
188315,8
188317,83
188319,3
188321,3
188323,1
188325,4
188327,10
188329,10
188331,8
188333,7
188335,9
188337,4
188339,20
188341,49
188343,7
188345,8
188347,3
188349,4
188351,4
188353,7
188355,8
188357,4
188359,1
188361,2
188363,3
188365,12
188367,1
188369,3
188371,6
188373,5
188375,8
188377,11
188379,12
188381,5
188383,306
188385,5
188387,12
188389,7
188391,2
188393,2
188395,1
188397,2
188399,8
188401,3
188403,4
188405,3
188407,1
188409,6
188411,6
188413,4
188415,5
188417,1
188419,11
188421,2
188427,8
188429,1
188431,5
188433,4
188441,1
188447,3
188449,18
188451,2
188453,3
188455,3
188457,3
188459,21
188461,1
188467,1
188473,3
188477,96
188479,1
188483,2
188487,3
188489,1
188491,5
188493,6
188495,1
188497,1
188499,16
188501,2
188503,4
188505,95
188507,3
188509,27
188511,12
188513,16
188515,28
188517,7
188519,24
188521,1
188523,3
188525,2
188527,7
188529,1
188531,2
188533,6
188535,6
188537,11
188539,3
188541,287
188543,7
188545,5
188547,1
188549,1
188551,22
188553,11
188555,3
188557,4
188559,1
188561,11
188563,1
188565,13
188567,3
188569,2
188571,8
188573,2
188575,28
188577,8
188579,9
188581,3
188583,2
188585,3
188587,3
188589,4
188591,8
188593,3
188595,2
188597,4
188599,1
188601,2
188603,18
188605,5
188607,17
188609,3
188611,2
188613,6
188615,5
188617,2
188621,2
188623,1132
188625,218
188627,1
188629,9
188631,6
188633,21
188635,20
188637,3
188641,25
188643,6
188645,3
188647,9
188649,18
188651,2
188653,1
188655,1
188657,2
188659,36
188663,5
188665,2
188671,4
188673,2
188675,174
188677,1
188679,191
188681,12
188685,1
188691,1
188693,3
188695,17
188697,167
188701,2
188703,1
188705,3
188707,9
188711,1
188715,4
188723,5
188731,41
188733,4
188735,2
188737,7
188741,10
188743,8
188745,4
188747,3
188749,1098
188751,704
188753,204
188755,3
188757,44
188761,57
188763,2
188765,11
188767,9
188769,14
188771,12
188773,1346
188775,7
188777,4
188779,7
188781,2
188783,5
188785,21
188787,7
188789,1
188791,1
188793,6
188795,5
188797,1263
188799,2
188801,2
188803,1
188805,2
188807,2
188809,10
188811,4
188813,2
188815,5
188817,11
188819,2
188821,2
188823,57
188825,17
188827,4
188829,460
188831,3
188833,231
188835,3
188837,21
188839,7
188841,2
188843,7
188845,3
188847,2
188849,1
188851,1
188853,4
188855,8
188857,8
188859,59
188861,3
188863,14
188865,4
188867,1
188869,1
188871,1
188873,2
188875,5
188877,9
188879,4
188881,3
188885,10
188887,2
188889,1
188895,2
188899,2
188905,1
188909,2
188911,2
188915,3
188917,7
188919,53
188921,2
188923,2
188925,1
188927,1
188931,9
188933,17
188937,6
188939,4
188941,558
188943,1
188945,2
188947,1
188949,9
188951,3
188953,37
188957,1
188961,1
188967,1
188973,1
188975,2
188977,1
188979,3
188983,2
188987,1
188995,2
188997,2
189003,2
189005,3
189009,1
189011,20
189013,5
189015,4
189017,10
189019,8
189021,6
189023,1
189025,1
189027,17
189029,6
189031,11
189033,16
189035,5
189037,36
189039,6
189041,1285
189043,21
189045,8
189047,2
189049,19
189051,1
189053,1
189055,2
189057,2
189059,2
189061,58
189063,5
189065,56
189067,4
189069,3
189071,149
189073,2
189075,1
189077,5
189079,2
189081,2
189083,12
189085,1
189087,2
189089,2
189091,7
189093,5
189095,3
189097,5
189099,24
189101,3
189103,14
189105,13
189107,4
189109,4
189111,4
189113,2
189115,9
189117,16
189119,5
189121,6
189123,1
189125,22
189129,4
189131,22
189133,7
189137,14
189139,1
189141,4
189143,3
189145,2
189147,2
189149,24
189151,5
189153,4
189155,1
189157,15
189159,13
189161,12
189163,12
189165,3
189167,5
189169,5
189171,2
189173,21
189175,14
189177,20
189179,7
189183,9
189185,2
189187,2
189189,4
189191,11
189193,2
189195,82
189197,2
189199,1
189201,1
189203,2958
189205,74
189207,3
189209,2
189211,3
189213,14
189215,3
189217,9
189219,8
189223,6
189225,5
189227,1
189229,2
189231,2
189233,15
189235,3
189237,3
189239,2
189241,457
189243,1
189245,5
189247,2
189249,36
189251,1
189253,1
189255,8
189257,1
189259,2
189261,1
189263,1
189265,5
189267,7
189269,2
189271,2
189273,2
189279,1
189281,4
189287,1
189291,4
189293,3
189295,1
189299,1
189301,6
189303,4
189307,4
189311,1
189313,3
189315,1
189317,4
189319,1
189321,4
189323,4
189329,77
189331,566
189333,4002
189335,1
189337,2
189341,1
189343,1
189345,1
189347,3
189349,13
189351,3
189353,5
189355,13
189357,7
189359,10
189361,8
189363,1996
189365,3
189367,16
189369,2
189371,4
189373,5
189375,3
189377,7
189379,4
189381,41
189383,2
189385,1
189387,1
189389,1
189391,1
189393,2
189395,2
189397,3
189399,77
189401,9
189403,3
189405,8
189407,13
189409,2
189413,1
189415,1
189417,10
189421,2
189423,6
189427,11
189429,9
189431,14
189433,2
189435,2
189437,5
189439,2
189441,4
189443,24
189445,1
189447,11
189449,4
189451,6
189453,7
189455,19
189457,3
189459,4
189461,38
189463,2
189465,4
189467,7
189471,7
189473,3
189475,264
189477,3
189479,2
189481,32
189483,38
189485,4
189489,2
189491,4
189493,4
189495,3
189497,8
189499,5
189501,4
189503,4
189505,4
189507,1
189509,3
189511,4
189513,2
189517,1
189525,10
189527,24
189529,7
189531,7
189533,3
189535,8
189537,3
189539,13
189541,3
189543,4
189545,4
189547,1
189549,99
189551,1
189553,2
189555,9
189559,2
189561,1
189563,1
189565,4
189567,181
189569,1
189571,5
189573,3
189577,283
189579,1
189585,6
189587,1
189589,3
189591,5
189593,3
189595,13
189597,5
189599,2
189601,3
189603,2
189605,1
189607,1
189609,1
189611,2
189613,2
189615,1
189617,2
189619,1
189621,1
189623,3
189625,23
189627,14
189629,1
189631,2
189633,3
189635,2
189637,19
189639,9
189641,54
189643,41
189645,12
189647,8
189649,1
189651,1
189657,1
189659,3
189661,3
189663,1
189665,1
189667,34
189669,27
189671,3
189677,5
189679,4
189681,4
189683,1
189685,2
189687,2
189693,3
189695,25
189697,2
189699,1
189701,31
189703,7
189707,2
189709,6
189711,2
189713,4002
189715,4
189717,2
189719,5
189721,6
189723,2
189725,5
189727,3
189729,1
189731,1
189735,1
189743,10
189745,23
189747,4
189749,1
189751,1
189753,25
189755,9
189757,8
189759,8
189761,9
189763,2
189765,3
189767,4
189769,3
189771,1
189773,2
189775,1
189777,5
189779,3
189781,56
189783,715
189785,24
189787,10
189789,1
189791,14
189793,1
189795,21
189797,3
189799,3
189801,2
189803,2
189805,314
189807,1
189809,111
189811,1
189813,2
189815,2
189817,3
189819,160
189821,1
189823,4
189825,4
189827,3
189829,4
189831,7
189833,3
189835,16
189837,4
189839,1
189841,3
189843,2
189845,2
189847,7
189849,8
189851,5
189853,27
189855,31
189857,10
189859,4
189861,3
189863,27
189865,3
189867,27
189869,16
189871,3
189873,559
189875,1
189877,14
189879,73
189881,2
189883,2
189885,746
189887,8
189889,114
189891,11
189893,215
189895,2
189897,5
189899,2
189901,4
189903,2
189905,4
189907,8
189909,3
189911,27
189913,10
189915,8
189917,4
189919,2
189923,19
189925,3
189927,2
189929,23
189931,2
189935,5
189937,3
189939,2
189941,3
189943,2
189945,3
189947,6
189949,3
189951,2
189953,8
189955,3
189957,33
189959,21
189961,5
189963,1
189965,1
189967,3
189971,2
189973,3
189977,1
189979,1
189983,3
189985,1
189987,8
189989,1
189991,42
189995,2
189997,2
189999,1
190003,4
190005,2
190007,4
190009,1
190011,7
190013,2
190015,3
190017,148
190019,4
190021,5
190023,11
190025,2
190027,23
190029,32
190031,2
190033,2
190035,5
190037,2
190039,7
190041,3
190043,7
190045,7
190047,20
190049,22
190051,1
190053,4
190055,2
190057,3
190059,8
190061,7
190063,3
190067,5
190069,1
190071,5
190073,2
190077,116
190079,12
190081,7
190083,13
190085,210
190087,35
190089,420
190091,23
190093,2
190095,2
190097,5
190099,1
190101,4
190103,18
190105,1
190109,1
190111,1
190113,6
190115,1
190117,1
190121,1
190123,2
190125,6
190127,9
190129,2
190131,2
190133,2
190135,7
190137,4
190139,6
190141,1
190143,2
190145,1
190147,7
190151,2
190155,14
190157,12
190159,4
190161,3
190163,4
190165,5
190167,4
190169,3
190171,2
190173,7
190175,6
190177,9
190179,12
190181,28
190183,204
190185,5
190187,6
190189,6
190191,1
190193,27
190195,19
190197,5
190199,8
190201,2
190203,9
190205,6
190207,3
190209,4
190211,3
190213,5
190215,5
190217,8
190219,14
190221,9
190223,5
190225,2
190227,4
190229,4
190231,2
190233,3
190237,4
190239,15
190241,2
190243,2
190245,3
190247,5
190249,12
190255,2
190257,29
190259,32
190261,3
190263,1
190265,1
190267,1
190269,3
190271,4
190273,3
190275,2
190277,2
190279,2
190281,6
190283,2
190285,1
190287,110
190289,1
190291,3
190293,22
190295,1
190297,7
190299,2
190301,10
190303,2
190305,130
190307,18
190309,12
190317,2
190319,2
190321,4
190323,7
190325,6
190327,2
190329,4
190331,1
190333,5
190335,5
190337,5
190339,36
190341,2
190343,1
190345,2
190347,6
190349,198
190351,1
190353,1
190355,36
190357,4
190359,4
190361,16
190363,3
190365,4
190367,39
190369,2
190371,1
190373,1
190375,1
190377,1
190379,5
190381,1
190383,2
190385,3
190387,2
190389,2
190391,9
190393,1
190395,11
190397,68
190399,58
190401,246
190403,1
190405,4
190407,12
190409,4
190411,2
190413,25
190415,8
190417,1
190419,3
190423,1
190425,1
190431,5
190433,2
190435,2
190445,3
190447,4
190451,4
190459,2
190463,1
190465,3
190467,6
190469,2
190471,8
190473,2
190475,1
190477,2
190479,1
190481,10
190483,3
190485,6
190487,1
190489,2
190491,2
190493,2
190495,10
190497,4
190499,7
190501,17
190503,6
190505,9
190507,105
190509,42
190511,1
190513,1
190515,3
190517,1
190519,4
190521,8
190525,14
190527,5
190529,3
190531,3
190533,1
190535,1
190537,1
190539,5
190541,2
190543,11
190545,1
190547,1
190551,481
190553,47
190555,2005
190557,14
190559,24
190561,2
190563,5
190565,3
190567,6
190569,7
190571,1
190573,8
190575,24
190577,1
190579,2
190581,2
190583,2
190585,1
190587,1
190589,1
190591,1
190593,2
190595,5
190599,8
190601,2
190603,6
190605,3
190607,3
190609,6
190611,40
190613,5
190615,14
190617,1
190619,2
190621,15
190623,25
190625,14
190627,1
190629,6
190631,3
190633,1
190635,2
190637,2
190639,1
190641,1
190645,1
190647,10
190649,3
190651,26
190653,4
190655,4
190657,4
190659,1
190661,3
190665,1
190667,1
190669,1
190673,3
190675,2
190681,2
190687,1
190695,3
190697,8
190699,2
190701,1
190703,1
190705,16
190707,5
190709,9
190713,1
190715,1
190717,1
190719,5
190721,3
190723,2
190725,2
190727,1
190737,6
190739,67
190741,269
190743,126
190745,55
190747,40
190749,67
190751,44
190753,30
190755,63
190757,5
190759,43
190761,4
190763,14
190765,43
190767,7
190769,10
190771,1
190773,1
190775,11
190777,1
190779,1
190781,4
190783,6
190785,1
190791,2
190793,3
190797,2
190801,7
190803,1
190805,6
190809,4
190811,1
190813,96
190815,2
190817,10
190819,1
190821,1
190823,34
190825,2
190827,2
190829,8
190831,2
190833,3
190835,24
190837,16
190839,15
190841,5
190843,2
190845,5
190847,1
190849,5
190851,1
190853,2
190855,1
190857,1
190859,6
190861,6
190863,4
190865,6
190867,1
190869,5
190871,1
190873,2
190875,1
190877,5
190879,5
190881,1
190883,3
190885,13
190887,2
190889,11
190891,1
190893,3
190895,6
190897,1
190899,1
190901,2
190903,3
190905,6
190907,3
190909,4
190911,2
190913,2
190915,7
190917,4
190919,4
190921,9
190923,2
190925,1
190927,9
190931,11
190933,3
190935,2
190937,10
190939,1331
190941,11
190943,21
190945,102
190947,272
190949,248
190951,10
190953,8
190955,3
190957,34
190959,2
190961,1
190963,66
190967,6
190971,1
190973,4
190975,2
190977,4
190979,62
190981,2
190983,1
190985,2
190987,1
190989,1
190991,2
190993,1
190995,5
190997,2
191001,1
191003,7
191005,8
191009,2
191011,2
191013,2
191017,6
191021,1
191025,1
191027,2
191029,2
191039,2
191041,5
191043,4
191061,1
191069,1
191071,5
191073,1
191075,6
191077,8
191079,2
191081,6
191083,1
191085,1
191087,15
191089,20
191091,3
191093,11
191095,7
191097,2
191099,9
191101,12
191107,1
191109,3
191111,1
191113,78
191119,6
191123,1
191125,7
191127,5
191129,9
191131,2
191133,8
191135,2
191137,2
191139,16
191141,1
191143,8
191145,3
191147,3
191151,1
191153,5
191157,2
191159,6
191161,1
191163,1
191165,5
191167,2
191169,5
191171,2
191173,3
191175,1
191177,2
191179,3
191181,3
191183,8
191185,1
191187,5
191189,5
191191,1
191193,2
191195,4
191197,1
191199,6
191201,12
191203,5
191205,1
191207,2
191209,1
191211,4
191213,10
191215,5
191217,7
191219,4
191221,7
191223,1
191225,1
191227,2
191229,2
191231,7
191233,8
191235,48
191237,6
191239,2
191241,1
191243,4
191245,2
191247,1
191251,4
191253,62
191255,2
191257,4
191259,3
191261,10
191263,1
191265,3
191267,4
191269,3
191271,2
191273,2
191277,27
191279,2
191281,1
191283,3
191287,1
191289,2
191291,11
191293,14
191295,9
191297,7
191299,14
191301,9
191303,9
191305,6
191307,8
191309,9
191311,7
191313,6
191315,8
191317,9
191319,4
191321,4
191323,1
191325,2
191327,7
191329,3
191331,1
191333,1
191335,9
191337,3
191341,3
191343,1
191345,3
191347,10
191349,12
191351,1007
191353,1
191355,2
191357,14
191359,79
191361,14
191363,17
191365,17
191367,805
191369,6
191371,7
191373,10
191375,5
191377,6
191379,2
191381,2
191383,3
191385,1
191387,5
191389,1
191391,1
191393,1
191395,2
191397,1
191399,4
191401,30
191403,1
191405,2
191407,2
191409,2
191411,1
191413,4
191415,19
191417,1
191419,1
191421,8
191423,4
191425,9
191427,1
191431,1
191433,2
191435,6
191437,8
191439,25
191441,192
191443,1
191445,1
191447,1
191449,1
191451,2
191453,1
191455,1
191457,27
191459,573
191461,1
191463,5
191465,2
191467,5
191469,346
191471,9
191473,3
191475,12
191477,6
191479,256
191481,2
191483,630
191485,4
191487,4
191489,353
191491,39
191495,152
191497,8
191499,3
191501,7
191503,12
191505,11
191507,1
191509,1
191511,4
191513,1
191515,19
191517,13
191521,2
191525,1
191529,2
191539,1
191541,3
191543,4
191549,2
191557,1
191559,1
191561,2
191565,1
191567,2
191571,1
191573,3
191575,2
191579,4
191583,1
191585,1
191591,1
191593,1
191599,1
191601,6
191605,3
191607,1
191611,3
191623,1
191631,3
191635,1
191637,1
191639,3
191641,2
191643,10
191645,2
191647,4
191649,1
191651,9
191653,4
191655,1
191657,1
191659,1
191661,6
191663,22
191665,3
191667,8
191669,5
191671,1
191673,2
191675,3
191677,4
191679,21
191681,7
191683,3
191685,3
191687,143
191689,5
191691,9
191693,4
191695,14
191697,11
191699,22
191701,1
191703,18
191707,7
191709,15
191711,2
191713,9
191715,3
191717,3
191719,9
191721,3
191723,18
191725,4
191727,3
191729,1
191731,2
191733,2
191735,3
191737,1
191739,11
191741,4
191743,7
191745,3
191747,3
191749,2
191751,1
191753,2
191755,2
191757,7
191759,4
191761,1
191763,8
191765,2
191767,3
191769,1
191771,5
191773,3
191775,24
191777,4
191779,3
191781,20
191783,1
191785,6
191787,1
191789,1
191791,4
191793,5
191795,2
191797,4
191799,380
191801,1
191803,13
191805,36
191807,1
191809,2
191811,58
191813,3
191815,9
191817,7
191819,5
191821,3
191823,4
191825,1
191829,8
191831,2
191833,5
191835,2
191837,4
191839,3
191841,1
191843,8
191845,2
191849,1
191851,2
191853,2
191855,1
191857,29
191859,2
191861,4
191863,1
191865,3
191867,5
191869,418
191871,2
191873,49
191875,1
191877,3
191879,5
191887,1
191891,1
191895,27
191897,2
191899,4
191901,25
191903,2
191905,1
191907,4
191909,4
191911,19
191913,1
191915,3
191917,2
191919,5
191921,1
191923,1
191925,13
191927,2
191929,4
191931,9
191933,3
191935,1
191937,1
191939,1
191941,82
191943,4
191945,2
191947,5
191949,2
191951,4
191953,2
191955,1
191957,2
191959,3
191961,2
191963,1
191965,31
191967,9
191969,4
191971,1
191973,1
191975,1
191979,1
191981,1
191985,1
191987,1
191989,1
191991,34
191993,1
191995,1
192001,40
192003,2
192005,3
192011,1
192013,10
192015,36
192017,7
192019,3
192021,6
192023,6
192025,112
192027,1
192029,1
192031,1
192033,2
192035,8
192039,3
192041,4
192043,1
192045,477
192047,5
192049,2
192051,36
192053,9
192055,47
192057,4
192059,2
192061,2
192063,3
192065,3
192067,2
192069,4
192071,2
192073,2
192075,1
192077,1
192079,3
192081,122
192083,1
192085,4
192087,2
192089,6
192091,6
192093,7
192095,2
192097,9
192099,1
192101,2
192103,8
192105,57
192107,30
192109,202
192111,2
192113,1
192115,1
192117,3
192119,13
192121,31
192123,59
192125,5
192127,5
192129,1
192131,2
192133,2
192135,1
192137,4
192139,1
192141,2
192143,3
192145,2
192147,1
192149,7
192151,1
192153,3
192155,2
192157,38
192159,49
192161,7
192163,11
192165,4
192169,2
192171,2
192175,2
192177,10
192179,4
192181,8
192183,3
192185,6
192187,6
192189,3
192191,3
192195,3
192197,6
192199,2
192201,4
192203,2
192205,3
192207,6
192209,71
192211,5
192213,3
192215,1
192217,4
192219,7
192221,1
192223,10
192225,6
192227,1
192229,1
192231,2
192233,24
192235,5
192237,5
192239,1
192241,1
192243,11
192245,1678
192247,1
192249,2
192251,2
192253,5
192255,2
192257,3
192259,10
192261,3
192263,11
192265,88
192267,2
192269,1
192271,1
192273,9
192275,9
192277,2
192279,8
192281,6
192283,2138
192285,116
192287,3
192289,5
192291,12
192293,21
192295,1
192297,11
192299,2
192301,9
192303,3
192305,1
192307,1062
192309,1
192311,1
192313,1
192315,71
192317,6
192319,228
192321,3
192323,4
192325,13
192327,6
192329,2
192331,10
192333,1
192335,2
192337,1
192341,39
192343,2
192345,4
192349,3
192351,1
192353,1
192355,1
192357,191
192359,38
192361,8
192363,1
192365,26
192369,3
192371,3
192373,3
192375,50
192377,100
192379,1648
192381,506
192383,495
192385,2825
192387,25
192389,3263
192391,24
192393,231
192395,5
192397,6
192399,12
192401,3
192403,2
192405,2
192407,6
192411,26
192413,3
192415,1
192417,4
192419,1
192421,1
192423,6
192425,2
192427,4
192429,9
192431,20
192433,2
192435,2
192437,1
192439,2
192441,1
192443,1
192445,1
192447,1
192449,6
192451,2
192453,2
192455,1
192457,4
192459,6
192461,7
192463,2
192465,15
192467,3
192469,8
192471,6
192473,5
192475,7
192477,1
192479,17
192481,2
192483,2
192485,1
192487,5
192489,47
192491,29
192493,2
192495,1
192497,35
192499,2
192501,2
192503,216
192505,1
192507,2
192509,1
192511,1
192513,4
192515,8
192517,3
192519,2
192523,2
192525,4
192527,3
192529,1
192531,2
192533,2
192535,5
192537,11
192539,2
192541,5
192543,5
192545,33
192547,7
192549,3
192551,358
192553,4
192557,5
192559,373
192561,266
192563,3
192565,39
192567,3
192571,4
192573,16
192575,1
192577,1
192579,627
192581,12
192583,2
192587,5
192589,1
192591,2
192593,21
192595,4
192597,1
192599,1
192601,2
192603,3
192605,1
192607,1
192611,3
192613,3
192615,9
192617,1
192619,1
192621,1
192623,3
192625,1
192627,5
192633,3
192635,4
192637,5
192639,41
192641,1
192643,1
192645,7
192647,1
192649,77
192651,6
192655,2
192659,1
192661,1
192667,1
192669,1
192671,2
192673,2
192675,3
192677,9
192679,3
192681,4
192683,3
192685,2
192687,1
192689,4
192691,5
192693,31
192695,4
192697,224
192699,11
192701,41
192703,2
192705,4
192707,3
192709,7
192711,1
192713,18
192717,3
192719,1
192721,4
192723,1
192727,1
192729,14
192731,13
192733,3
192735,3
192737,4
192739,1
192741,20
192743,2
192745,3
192747,3
192749,41
192751,2
192753,34
192755,21
192757,3
192759,4
192761,45
192763,1
192765,28
192767,4
192769,9
192771,4
192773,3
192775,4
192777,26
192779,1
192781,43
192783,4
192785,1
192787,69
192789,4
192791,6
192793,2
192795,3
192797,25
192799,19
192801,2
192803,5193
192805,1
192809,1
192811,5
192813,2
192815,2
192817,3
192819,1
192821,1
192823,7
192825,9
192827,1
192829,1
192831,1
192833,7
192835,15
192837,9
192839,1
192841,7
192843,9
192845,10
192847,2
192849,31
192851,12
192853,1
192855,25
192857,5
192859,1
192861,7
192863,3
192865,3
192869,3
192873,1
192875,15
192877,1
192879,2
192881,4
192883,5
192885,2
192887,1
192889,9
192891,4
192895,3
192897,2
192899,4
192901,3
192903,3
192905,1
192907,1
192909,3
192911,83
192913,2
192915,2
192917,3
192919,1
192921,7
192923,1
192925,4
192927,4
192929,1
192931,6
192933,8
192935,12
192937,15
192939,6
192941,2
192943,4
192945,10
192949,2
192951,1
192953,51
192955,3
192957,6
192959,4
192961,10
192963,26
192965,11
192967,6
192969,17
192971,1
192973,5
192975,3
192979,9
192981,43
192983,5
192985,2
192987,3
192989,5
192991,8
192993,8
192995,15
192997,320
192999,33
193001,8
193003,5
193005,1
193007,8
193009,11
193011,3
193013,17
193015,4
193017,5
193019,1
193021,10
193023,2
193025,10
193027,9
193029,1
193031,1
193033,2
193035,1
193037,1
193039,6
193041,393
193043,2
193045,3
193047,1
193049,8
193051,7
193053,1
193055,1
193059,4
193061,7
193063,5
193065,1918
193067,22
193069,10
193071,6
193073,62
193075,4
193077,1
193087,2
193089,1
193091,6
193093,4
193095,1
193097,1
193099,1
193101,3
193107,4
193109,2
193111,2
193113,4
193115,10
193117,3
193119,68
193121,1
193123,12
193125,2
193127,2
193129,3
193131,1
193133,2
193135,3
193137,28
193139,10
193141,1
193143,4
193145,2
193147,932
193149,5
193155,1
193157,5
193159,1
193161,2
193163,2
193165,7
193169,3
193171,1
193173,2
193175,264
193177,4
193179,1
193181,10
193183,13
193185,242
193187,5
193189,18
193191,2
193193,3
193195,6
193197,7
193199,4
193201,5
193203,2
193205,6
193209,1
193211,1
193213,1
193215,3
193217,6
193219,9
193221,17
193223,11
193225,1
193227,4
193229,4
193231,7
193233,3
193235,3
193237,2
193239,1
193241,2
193243,161
193245,5
193247,1
193249,3
193251,2
193253,25
193255,3
193257,1
193259,8
193261,7
193263,2
193265,4
193267,8
193269,3
193271,15
193273,13
193275,4
193277,6
193279,1
193281,5
193283,9
193285,5
193287,31
193289,1
193291,3
193293,4
193295,14
193297,18
193299,6
193301,1
193303,2
193305,2
193307,10
193309,1
193313,1
193315,8
193321,4
193323,25
193325,1
193327,14
193329,1
193331,1
193333,6
193335,5
193337,1
193339,4
193341,2
193343,7
193345,6
193347,15
193349,1
193351,3
193353,6
193355,1
193357,12
193359,2
193361,4
193363,6
193365,1
193367,1
193369,5
193371,24
193373,12
193375,2
193377,2
193379,6
193381,4
193383,2
193385,3
193387,2
193389,3
193391,2
193393,1
193395,41
193397,4
193399,2
193401,3
193403,12
193405,31
193407,3
193409,25
193411,1
193413,2
193415,2
193417,14
193419,3
193421,1
193423,2
193425,1
193427,2
193429,2
193431,2
193433,1
193435,1
193437,2
193439,34
193441,7
193443,1
193445,114
193447,37
193449,923
193451,98
193453,1
193455,183
193457,2
193459,1
193461,1
193463,2
193465,16
193467,1
193469,4
193471,3
193473,5
193475,13
193477,425
193479,10
193481,21
193483,1
193485,6
193487,1
193489,7
193491,5
193493,6
193495,1
193497,4
193499,2
193501,4
193503,7
193505,3
193507,8
193509,6
193511,3
193513,1
193515,3
193517,1
193519,8
193521,10
193523,15
193525,3
193527,3
193529,2
193531,4
193533,66
193535,2
193537,9
193539,5
193541,4
193543,12
193545,1
193547,2
193549,1
193551,1
193553,6
193555,2
193557,1
193559,4
193561,14
193563,7
193565,11
193567,16
193569,2
193571,1
193573,4
193575,12
193577,2
193579,1
193581,9
193583,36
193585,2
193587,7
193589,240
193591,2
193593,2
193595,61
193597,13
193599,792
193601,3
193603,24
193605,139
193607,5
193609,3
193611,4
193613,6
193615,1
193617,1
193619,3
193623,3
193627,5
193629,8
193631,5
193633,5
193635,8
193637,74
193639,5
193641,5
193643,2
193645,4
193647,222
193649,5
193651,3
193653,9
193655,1
193657,2
193659,2
193661,3
193663,7
193665,2
193667,3
193669,2
193671,4
193673,5
193675,1
193677,13
193679,3
193681,4
193683,32
193685,1
193687,6
193689,2
193691,2
193693,3
193695,7
193697,448
193699,2
193701,2
193703,3
193705,23
193707,7
193709,2
193711,2
193713,3
193715,2
193717,1
193719,6
193721,1
193725,38
193727,1
193729,7
193731,2
193735,1
193737,3
193739,3
193743,1
193745,8
193747,5
193749,52
193751,2
193753,8
193755,3
193757,7
193759,27
193761,18
193763,6
193765,3
193767,2
193769,3
193771,68
193773,4
193775,9
193777,8
193779,70
193781,23
193783,22
193785,8
193787,2
193789,2
193791,3
193793,4
193795,1
193797,6
193799,19
193801,17
193803,22
193805,16
193807,1
193809,11
193811,2
193813,26
193815,1
193817,1
193819,3
193821,39
193823,4
193825,1
193827,2
193829,3
193831,5
193833,2
193835,2
193837,9
193839,2
193841,2
193843,54
193845,3
193847,4
193849,6
193851,69
193853,4
193855,9
193859,6
193861,1
193863,6
193864,1
193866,15
193868,4
193872,1
193874,3
193876,1
193878,3
193880,2
193882,9
193884,30
193886,3
193888,4
193894,69
193896,1
193898,95
193900,155
193902,7
193904,41
193906,151
193908,1
193910,9
193912,3
193914,3
193916,172
193918,3
193920,1
193922,1
193924,3
193926,5
193928,4
193930,2
193932,9
193934,6
193936,7
193938,7
193940,1
193942,822
193944,2649
193946,38
193950,2049
193952,293
193954,202
193956,473
193958,790
193960,278
193962,20
193964,1
193966,5
193968,12
193970,5
193972,3
193974,33
193976,2
193978,1
193980,6
193982,8
193986,8
193988,3
193990,2
193992,2
193994,2
193998,4
194000,16
194002,1
194004,887
194006,236
194008,3
194010,21
194012,87
194014,1
194016,1838
194018,2
194022,3
194024,2
194026,98
194028,3
194030,4
194032,3
194034,1
194036,6
194038,2
194040,2
194042,2
194044,37
194046,2
194048,18
194050,1
194052,263
194054,1
194056,5
194058,38
194060,17
194062,5
194064,5
194066,1
194068,5
194070,3
194072,9
194074,341
194076,7
194078,1
194080,1
194082,8
194084,1
194086,1
194088,14
194090,4
194092,5
194094,4
194096,4
194098,4
194100,48
194102,3
194104,5
194106,12
194108,3
194110,4
194112,6
194114,2
194116,1
194118,1
194120,3
194122,9
194124,6
194126,10
194128,12
194130,5
194132,14
194134,57
194136,3
194138,3
194140,24
194142,4
194144,16
194146,1
194148,3
194150,1
194152,4
194154,5
194156,1
194158,12
194160,3
194162,1
194164,4
194166,1
194168,2
194170,4
194172,7
194174,1
194176,3
194178,3
194180,7
194182,1
194184,1
194186,2
194188,12
194190,2
194192,35
194194,6
194196,3
194198,6
194200,89
194202,4
194204,2
194206,103
194208,7
194210,5
194212,3
194214,13
194216,3
194218,16
194220,8
194222,31
194224,2
194226,2
194228,5
194230,9
194232,16
194234,10
194238,96
194240,7
194242,8
194244,2
194246,2
194248,3
194252,2
194254,6
194256,96
194258,10
194260,7
194262,7
194264,4
194266,3
194268,14
194270,2
194272,5
194274,12
194276,7
194278,2
194280,1
194282,2
194284,1
194286,2
194288,8
194290,6
194292,2
194294,13
194296,10
194298,6
194300,6
194306,2
194308,14
194310,4
194312,238
194314,1
194316,1
194318,11
194320,1
194322,6
194324,1
194326,1
194328,7
194330,2
194332,3
194334,2
194336,6
194338,5
194340,3
194342,19
194344,2
194346,10
194348,623
194350,11
194352,10
194354,2
194356,2
194358,5
194360,5
194362,1
194364,4
194366,3
194368,1
194370,3
194372,5
194374,3
194376,1
194378,1
194380,1
194382,1
194386,2
194388,26
194390,3
194394,9
194396,793
194398,57
194400,747
194402,36
194404,1
194406,1
194408,4
194410,1
194412,1
194414,4
194416,1
194418,3
194420,9
194422,2
194424,1
194426,1
194428,4
194430,1
194432,1
194434,1
194436,3
194438,4
194440,26
194442,5
194444,2
194448,5577
194450,65
194452,7
194454,2
194456,1
194458,2
194460,1
194462,2
194464,3
194466,3
194468,1
194470,1
194472,4
194474,16
194476,2
194478,6
194480,8
194482,2
194484,1
194486,7
194488,3
194490,10
194492,2
194494,2
194496,4
194498,3
194500,7
194502,15
194504,3
194506,2
194508,3
194510,7
194512,7
194514,10
194516,20
194518,4
194520,30
194522,1
194524,1
194526,4
194528,7
194530,39
194532,27
194534,3
194536,4
194538,4
194540,7
194542,1
194546,2
194548,1
194550,5
194552,4
194554,4
194556,101
194558,1
194560,1
194562,1
194564,23
194566,1
194568,1
194570,4
194572,1
194574,2
194576,2
194578,3
194580,1
194582,8
194584,8
194586,1
194588,6
194590,2
194592,1
194594,1
194596,1
194598,9
194600,8
194602,23
194604,3
194606,2
194608,1
194610,19
194612,10
194614,5
194616,5
194618,19
194620,8
194622,24
194624,2
194626,2
194628,12
194630,3
194632,15
194634,12
194636,41
194638,161
194640,10
194642,3
194644,11
194646,11
194648,5
194652,4
194654,1
194656,9
194658,6
194660,4
194662,3
194664,682
194666,1
194668,2
194670,5
194672,1
194674,4
194676,2
194678,3
194680,31
194682,6
194684,2
194686,14
194688,1
194690,1
194692,23
194694,1
194696,243
194698,3
194700,2
194704,5
194706,1
194708,4
194710,19
194712,9
194714,9
194716,3
194718,3
194720,3
194722,62
194724,8
194726,2
194728,18
194729,42
194732,5
194734,4
194736,2
194738,79
194740,1
194744,1
194746,3
194748,4
194750,3
194752,1
194754,1
194758,1
194760,4
194762,253
194764,1
194766,3
194768,5
194770,3
194772,26
194773,1
194775,5
194777,2
194779,3
194781,3
194783,21
194785,7
194787,9
194789,1
194791,1
194793,4
194795,7
194797,58
194799,16
194801,33
194811,1
194813,3
194815,2
194817,1
194819,21
194821,2
194823,4
194825,3
194827,4
194829,19
194831,11
194833,1
194835,8
194837,2
194839,2
194843,6
194845,8
194847,7
194849,4
194851,3
194853,4
194855,4
194857,8
194859,1
194861,42
194863,5
194865,3
194867,3
194869,1
194871,85
194875,2
194877,3
194879,1
194881,1
194883,2
194885,3
194889,1
194891,1
194893,3
194895,6
194897,11
194899,4
194901,1
194903,36
194905,4
194907,3
194909,3
194911,14
194913,8
194915,3
194917,9
194919,29
194921,3
194923,2
194925,3
194927,68
194929,51
194931,22
194933,1
194935,10
194937,2
194941,2
194943,3
194945,7
194947,361
194949,9
194951,2461
194953,8
194955,7
194957,3
194959,185
194961,1
194963,3
194965,8
194967,29
194969,66
194973,38
194975,140
194977,20
194979,19
194981,2
194983,23
194985,18
194987,7
194989,10
194991,28
194993,7
194995,3
194997,4
194999,7
195001,134
195003,2
195005,5
195007,7
195009,38
195011,2
195013,3
195017,8
195019,13
195021,3
195023,6
195025,1
195027,6
195029,10
195031,5
195033,7
195035,1
195037,4
195039,1
195041,64
195043,5
195045,76
195047,8
195049,7
195051,15
195053,1
195055,2
195057,1
195059,1
195063,6
195065,22
195067,28
195069,1
195071,25
195073,3
195075,63
195077,4
195079,2
195081,7
195083,1
195085,11
195087,3
195089,2
195091,15
195093,8
195095,44
195097,2
195099,2
195101,2
195103,4
195105,3
195107,3
195109,5
195111,3
195113,8
195115,14
195117,5
195119,1
195121,21
195123,6
195125,7
195127,6
195129,5
195131,3
195133,1
195135,9
195139,3
195141,6
195143,3
195145,6
195147,1
195149,14
195151,2
195153,3
195155,6
195157,4
195159,10434
195161,687
195163,1207
195165,259
195167,438
195169,6
195171,13
195173,4
195175,25
195177,1
195181,3
195183,2
195185,10
195187,2
195189,2
195191,3
195193,2
195195,4
195197,1
195199,2
195201,9
195203,1
195205,1
195207,59
195209,317
195211,1
195213,4
195215,1
195217,11
195219,4
195221,1
195225,2
195227,4
195229,12
195231,4
195233,5
195235,2
195237,4
195239,2
195241,3
195243,2
195245,12
195247,8
195249,1
195251,42
195253,5
195255,39
195257,22
195259,6
195261,20
195263,14
195265,1
195267,11
195269,1
195271,5
195273,6
195275,5
195277,10
195279,4
195281,8
195283,8
195285,2
195287,3
195289,2
195291,12
195293,76
195295,370
195297,95
195299,1
195301,14
195303,152
195305,283
195307,45
195309,2
195311,2
195313,4
195315,69
195317,5
195319,8
195321,1
195323,5
195325,2
195327,5
195329,1
195331,3
195333,3
195335,6
195337,2
195339,2
195343,32
195345,1
195347,3
195349,28
195351,7
195355,2
195357,4
195359,2
195361,2
195363,1
195365,21
195367,3
195369,4
195371,3
195373,1
195375,8
195377,7
195379,1
195381,3
195383,1
195385,16
195387,1
195389,2
195391,19
195393,1
195395,2
195397,1
195399,4
195401,4
195403,2
195405,4
195407,7
195409,2
195411,6
195413,1
195415,13
195417,2
195419,1
195421,5
195423,9
195425,7
195427,7
195429,35
195431,3
195433,4
195435,4
195437,4
195439,2
195441,1
195443,6
195445,8
195447,2
195449,1
195451,22
195453,4
195455,5
195457,2
195459,1
195461,11
195463,23
195465,4
195467,9
195469,2
195471,1
195473,10
195475,1
195477,2
195479,6
195481,2
195483,5
195485,97
195487,22
195489,3
195491,4
195493,1
195495,4
195497,1638
195499,7
195501,1
195503,17
195505,1
195507,3
195509,2
195511,3
195513,2
195515,10
195517,6
195519,8
195521,1
195523,4
195525,3
195527,5
195529,32
195533,52
195535,4
195537,3
195539,1
195541,1
195543,1
195545,2
195547,3
195549,1
195551,117
195553,14
195555,6
195557,3
195559,3
195561,126
195565,2
195567,5
195573,7
195575,2
195577,3
195579,1
195581,6
195583,9
195585,5
195587,8
195589,4
195591,1
195593,1
195595,14
195597,3
195599,1
195601,1
195603,4
195605,5
195607,1
195609,1
195611,2
195613,5
195615,9
195617,6
195619,27
195621,3
195623,2
195625,3
195627,7
195629,3
195631,11
195633,3
195635,11
195637,4
195639,192
195641,2
195643,5
195645,15
195647,1
195649,17
195651,6
195653,1
195655,12
195659,6
195661,1
195663,1
195665,6
195667,1
195669,15
195671,81
195673,3
195675,2
195679,3
195681,32
195683,4
195685,2
195687,2
195689,12
195691,5
195693,1
195695,3
195697,5
195699,1
195701,11
195703,8
195707,27
195709,3
195713,49
195715,7
195717,6
195719,8
195721,7
195723,25
195725,20
195727,9
195729,4
195731,16
195733,70
195735,7
195737,2
195739,23
195741,4
195743,1
195745,110
195747,13
195749,5
195751,5
195753,8
195755,28
195757,59
195759,1
195761,11
195763,1
195765,2
195767,22
195769,2
195773,1
195775,5
195777,974
195779,14
195781,4
195783,3
195785,3
195787,14
195789,1
195791,1
195795,10
195797,8
195799,1
195801,2
195805,5
195809,1
195811,2
195813,1
195815,2
195817,2
195819,1
195821,1
195823,361
195825,3
195827,1
195829,1
195831,1
195833,1
195835,2
195837,5
195839,5
195841,2
195843,1
195847,81
195849,244
195851,6
195853,2
195855,22
195857,1
195859,4
195861,10
195863,12
195865,1
195867,4
195869,7
195871,2
195873,6
195875,6
195877,3
195879,10
195881,8
195883,1
195885,5
195887,5
195889,2
195891,3
195893,4
195895,9
195897,6
195899,33
195901,9
195903,6
195905,2
195907,5
195909,2
195911,11
195913,5
195915,4
195917,2
195919,1
195921,857
195923,5
195925,2
195927,4
195929,11
195931,44
195933,3
195937,11
195939,4
195941,3
195943,1
195945,1
195947,2
195949,1
195951,2
195953,9
195955,4
195957,1
195959,4
195961,4
195963,5
195965,1
195967,1
195969,8
195971,2
195973,1
195975,1
195977,14
195979,6
195981,27
195983,7
195985,2
195987,12
195989,1
195991,1
195993,11
195995,7
195997,2
195999,4
196001,6
196003,3
196005,21
196007,1
196009,5
196011,2
196013,1
196015,1
196017,1
196019,4
196021,55
196023,1
196025,9
196027,3
196029,4
196031,2
196033,2
196035,31
196037,14
196039,14
196041,9
196043,4
196045,2
196047,6
196049,3
196051,1
196053,20
196055,3
196057,2
196059,2
196061,2
196063,2
196065,4
196067,340
196071,8
196073,115
196075,3
196077,5
196079,3
196081,112
196083,5
196085,10
196087,6
196089,1
196091,1
196093,10
196095,28
196097,24
196101,2
196103,2
196105,2
196107,1
196109,1
196111,11
196113,91
196115,5
196117,55
196119,1
196121,12
196123,2
196125,2
196127,4
196129,1
196131,1
196133,1
196135,3
196137,1
196139,1
196141,9
196143,3
196145,3
196147,1
196149,4
196151,2
196153,3
196155,1
196157,1
196159,1
196161,1
196163,1
196165,2
196167,13
196169,10
196171,13
196173,5
196175,136
196181,8
196183,4
196185,2
196187,3
196189,1
196191,75
196195,4
196197,1
196199,12
196201,4
196203,2
196205,3
196207,1
196209,4
196211,12
196213,5
196215,11
196217,4
196219,1
196223,696
196225,5
196227,7
196229,1
196231,17
196233,14
196235,1
196237,4
196239,16
196241,17
196243,17
196245,2
196247,9
196249,7
196251,1
196255,7
196257,31
196259,1
196261,3
196263,1
196265,6
196267,30
196269,3
196271,4
196273,1
196275,1
196277,2
196281,2
196283,2
196285,4
196287,7
196289,1
196291,3
196293,12
196295,3
196297,5
196301,5
196303,1
196305,3
196307,21
196309,4
196311,8
196313,3
196315,15
196317,28
196319,6
196321,6
196325,3
196327,3
196329,8
196331,1
196333,7
196335,12
196337,2
196339,8
196341,100
196343,70
196345,11
196347,2
196349,1
196351,1
196353,7
196355,2
196357,7
196359,2
196363,1
196365,28
196367,5
196369,10
196371,5
196373,10
196375,2
196377,4
196379,2
196381,30
196383,15
196385,12
196387,7
196389,4
196391,2
196393,2
196395,19
196397,2
196399,10
196401,4
196403,2
196405,17
196407,21
196409,2
196411,2
196413,3
196415,3
196417,1590
196419,2
196421,32
196423,2
196425,4
196427,23
196429,2
196431,9
196433,4
196435,3
196437,26
196439,7
196441,3
196443,3
196445,3
196447,9
196449,1
196451,3
196453,1
196455,2
196457,1
196459,1
196461,3
196463,3
196465,3
196467,9
196469,2
196471,1
196473,2
196475,4
196477,2
196479,7
196481,1
196483,2
196485,2
196487,104
196489,1
196491,93
196493,2
196495,1
196497,4
196499,4
196501,5
196503,13
196505,3
196507,4
196509,2
196511,27
196513,2
196515,2
196517,6
196519,1
196521,3
196523,8
196525,11
196527,5
196529,1
196531,11
196533,9
196535,4
196537,4
196539,3
196541,2
196543,5
196545,5
196547,2
196549,6
196551,1
196553,8
196555,5
196557,9
196559,10
196561,11
196563,5
196565,2
196567,78
196569,1
196571,1
196573,3
196575,2
196577,5
196579,1
196581,1
196583,2
196585,2
196587,4
196589,5
196591,4
196593,3
196597,35
196599,2
196601,2
196603,2
196605,1
196607,2
196609,1
196611,68
196613,21
196615,3
196617,2
196619,24
196621,1
196627,12
196629,4
196631,1
196635,2
196637,2
196639,6
196641,4
196645,1
196647,3
196651,2
196653,8
196655,6
196659,7
196661,2
196663,1
196665,16
196667,4
196669,1
196671,1
196673,1
196675,4
196677,5
196679,12
196681,3
196683,4
196685,1
196687,1
196689,4
196691,1
196693,18
196695,10
196697,5
196699,3
196701,5
196703,5
196705,28
196707,61
196709,1
196713,2
196715,3
196717,12
196719,3
196721,2
196723,1
196725,3
196727,5
196729,3
196733,10
196737,4
196739,2
196741,2
196743,7
196745,8
196747,2
196749,1
196751,13
196753,4
196755,7
196757,6
196759,7
196761,8
196767,3
196769,22
196771,10
196773,27
196775,6
196777,7
196779,4
196781,1
196783,1
196785,2
196787,1
196791,5
196793,4
196795,12
196797,3
196799,4
196801,71
196803,3
196805,2
196807,1
196809,3
196811,5
196813,3
196815,6
196819,3
196821,1
196823,1
196825,2
196827,6
196829,5
196831,2
196833,4
196835,1
196837,5
196839,4
196841,7
196845,8
196847,15
196849,6
196851,3
196853,4
196855,1
196857,1
196859,1
196861,13
196863,21
196865,4
196867,3
196869,6
196871,4
196873,1
196877,8
196879,5
196881,3
196883,3
196885,1
196887,168
196889,1866
196891,929
196893,345
196895,216
196897,2
196899,3
196901,5
196903,15
196905,1
196907,1
196909,3
196911,1
196913,4
196915,8
196917,3
196919,4
196925,1
196929,5
196931,118
196933,5
196935,17
196937,192
196939,13
196943,6
196945,15
196947,15
196949,10
196951,6
196953,3
196957,5
196959,1
196961,2
196963,2
196965,14
196967,2
196969,70
196971,3
196973,15
196975,5
196977,3
196979,9
196981,1
196983,1
196985,3
196987,6
196989,5
196991,2
196995,1
196997,1875
196999,2
197001,3
197003,2
197005,5
197007,3
197009,50
197011,10
197013,6
197015,4
197017,3
197019,9
197023,3
197025,20
197027,1
197029,23
197031,8
197033,3
197035,2
197037,6
197039,25
197041,29
197043,2
197045,1
197047,5
197049,11
197051,1
197053,1
197063,1
197065,2
197067,26
197069,4
197071,28
197073,3
197075,4
197077,2
197079,14
197081,5
197083,2
197085,3
197087,3
197089,2
197091,7
197093,15
197095,1
197097,2
197101,1
197103,17
197105,4
197107,1
197109,6
197111,3
197113,1
197115,11
197117,25
197119,1
197121,2
197123,37
197125,8
197127,7
197129,5
197131,2
197133,5
197135,1
197137,2
197139,8
197141,54
197143,11
197145,5
197147,3
197149,4
197151,5
197153,3
197155,2
197157,12
197159,14
197161,1
197167,4
197169,2
197173,3
197175,2668
197177,162
197179,265
197181,1
197183,2
197185,1
197187,9
197189,3
197191,10
197195,47
197197,480
197199,505
197201,478
197203,623
197205,9
197207,303
197209,35
197211,3
197213,1
197215,1
197217,7
197219,5
197221,3
197223,2
197225,62
197227,2
197231,2
197233,1
197235,1
197237,1
197239,2
197241,2
197243,1
197245,2
197247,1
197249,2
197251,2
197253,1
197255,2
197257,2
197259,3
197261,2
197263,1
197265,3
197267,2
197269,7
197271,3
197273,1
197275,3
197277,23
197279,17
197281,15
197283,22
197285,3
197287,7
197289,3
197291,3
197293,2
197295,2
197297,3
197299,6
197301,4
197303,13
197305,2
197307,7
197309,11
197311,14
197313,8
197315,8
197317,3
197321,3
197325,4
197327,5
197329,4
197331,6
197333,15
197335,2
197337,2
197339,1
197343,757
197349,1
197351,16
197353,2
197355,1
197357,3
197359,6
197361,3
197363,3
197365,13
197367,4
197371,4
197373,4
197377,4
197379,183
197381,1
197383,4
197385,2
197387,7
197389,64
197391,1
197393,7
197395,9
197397,19
197399,1
197401,3
197403,1
197405,8
197407,3
197409,6
197411,34
197413,4
197415,16
197417,4
197419,77
197421,3
197423,1
197425,3
197427,4
197429,2
197433,9
197435,3
197439,11
197441,2
197443,15
197449,2
197451,2
197453,39
197455,6
197457,1
197461,2
197463,4
197465,3
197467,1
197469,2
197471,4
197473,2
197475,4
197477,4
197479,1
197481,1
197483,4
197485,8
197487,1
197489,3
197491,164
197493,5
197495,10
197497,2
197499,1
197501,1
197505,3
197507,3
197509,19
197513,5
197515,2
197517,1
197519,1
197523,29
197525,4
197527,1
197529,458
197531,5
197533,2
197535,1
197537,603
197539,4
197541,3
197543,2
197547,14
197549,15
197551,5
197553,4
197555,1
197557,15
197559,1
197561,2
197563,2
197565,3
197567,3
197569,3
197571,4
197573,6
197575,14
197577,23
197579,26
197581,1
197583,7
197585,5
197587,2
197589,1
197591,69
197593,3
197595,4
197597,42
197599,15
197601,8
197603,3
197605,43
197607,2
197611,7
197613,5
197615,7
197617,5
197619,2
197621,5
197623,3
197625,14
197627,1
197629,6
197631,3
197633,1
197635,2
197637,2
197639,1
197643,1
197645,6
197647,4
197649,7
197651,792
197653,2
197657,19
197659,9
197661,1
197663,653
197665,2
197667,3
197669,14
197671,1
197673,12
197675,4
197677,24
197679,16
197681,11
197683,3
197685,2
197687,10
197689,483
197691,911
197693,1
197695,1
197697,86
197699,2
197701,2
197703,2
197705,3
197707,257
197709,149
197711,3560
197713,22
197715,8
197717,3
197719,2
197721,2
197723,3
197725,1
197727,4
197729,13
197731,3
197733,2
197735,6
197737,10
197739,9
197741,6
197743,4
197745,3
197747,6
197749,7
197751,2
197753,2
197755,21
197757,36
197759,6
197761,24
197763,16
197765,18
197767,11
197769,8
197771,74
197773,14
197775,8
197777,17
197779,16
197781,8
197783,10
197785,14
197787,20
197789,9
197791,8
197793,12
197795,4
197797,19
197799,9
197801,10
197803,6
197805,24
197807,8
197809,7
197811,14
197813,35
197815,34
197817,11
197819,13
197821,10
197823,12
197825,18
197827,9
197829,21
197831,37
197833,18
197835,11
197837,9
197839,11
197841,1
197843,18
197845,12
197847,17
197849,34
197851,1
197853,9
197855,41
197857,4
197859,1
197861,2
197863,8
197865,3
197869,1
197871,4
197873,10
197875,430
197877,398
197879,784
197881,207
197883,1172
197885,396
197887,10
197889,137
197891,1
197893,1
197895,6
197897,4
197899,10
197901,2
197903,2
197905,1
197907,13
197909,126
197911,4
197913,9
197915,1
197917,11
197919,10
197921,3
197923,10
197925,7
197927,9
197929,8
197931,8
197933,8
197935,8
197937,1
197939,1
197941,1
197943,2
197945,5
197947,2
197949,4
197955,25
197957,35
197959,4
197961,3
197963,8
197965,13
197967,3
197969,1
197973,2
197977,2
197979,5
197981,3
197983,3
197985,1
197987,24
197989,10
197991,2
197993,4
197997,1
197999,5
198001,1
198003,9
198005,3
198007,5
198009,2
198011,2
198013,3
198015,1
198017,1
198019,2
198021,4
198023,1
198025,6
198027,5
198029,2
198031,2
198033,4
198035,5
198037,2
198039,2
198041,3
198043,2
198045,1
198047,2
198049,1
198051,1
198055,2
198057,3
198059,1
198061,4
198063,1
198065,2
198067,15
198071,2
198073,2
198075,34
198077,6
198079,6
198081,1
198083,3
198085,4
198087,8
198089,1
198091,4
198095,2
198097,4
198099,5
198101,69
198103,4
198105,1
198107,29
198109,1
198111,85
198113,1
198115,20
198117,3
198119,18
198121,28
198123,6
198125,3
198127,4
198129,146
198131,2
198133,6
198135,12
198137,1
198139,11
198141,62
198143,84
198145,224
198147,342
198149,11
198151,625
198153,194
198155,17
198157,233
198159,4
198161,13
198163,4
198165,9
198167,1
198169,4
198171,3
198173,5
198175,1
198177,7
198179,1
198181,8
198183,3
198185,1140
198187,3
198189,2
198191,2
198193,4
198195,1
198197,5
198199,1
198201,6
198203,1
198205,3
198207,1
198209,3
198211,6
198213,1
198215,4
198217,3
198219,2
198221,1
198223,9
198225,1
198227,2
198229,3
198231,1
198233,1
198235,1
198237,7
198239,6
198241,14
198243,4
198245,2
198247,1
198249,3
198251,2
198253,1
198255,10
198259,4
198261,20
198263,6
198265,278
198267,11
198269,2
198271,25
198273,24
198275,5
198277,5
198279,2
198281,1
198283,2
198285,2
198287,1
198289,2
198291,25
198293,1
198295,17
198297,4
198299,2
198301,12
198303,1
198307,3
198309,3
198311,3
198313,4
198317,2
198319,1
198321,2
198323,2
198325,2
198327,1
198329,2
198331,2
198333,6
198335,3
198337,3
198339,2
198341,1
198343,1
198345,1
198349,3
198351,1
198355,3
198359,1
198361,2
198365,2
198369,1
198371,2
198373,3
198375,3
198381,1
198383,1
198387,3
198389,1
198391,1
198393,1
198395,2
198397,1
198399,2
198401,1
198403,2
198405,1
198407,3
198409,5
198411,4
198413,1
198417,4
198419,2
198421,4
198423,4
198425,3
198427,3
198429,3
198431,3
198433,2
198435,3
198437,4
198439,5
198441,4
198443,3
198445,4
198447,1
198449,3
198451,4
198453,3
198455,1
198457,2
198459,3
198461,3
198463,6
198465,3
198467,3
198469,6
198471,11
198475,3
198479,4
198481,1
198483,3
198485,2
198487,6
198489,5
198491,4
198493,5
198495,5
198497,17
198499,6
198501,15
198503,15
198505,4
198507,3
198509,1
198511,1
198513,3
198515,3
198517,3
198519,6
198521,7
198523,7
198525,3
198527,1
198529,1
198531,6
198533,2
198535,3
198537,5
198539,1
198543,4
198545,5
198547,1
198549,4
198551,2
198553,2
198555,4
198557,1
198559,2
198561,1
198565,1
198567,5
198569,8
198571,6
198573,2
198575,14
198577,41
198579,4
198581,10
198583,15
198585,1
198587,1
198589,1
198591,8
198593,13
198595,3
198597,4
198599,5
198603,3
198605,1
198607,6
198609,22
198611,124
198613,3
198615,3
198617,2
198619,97
198621,4
198623,4
198625,1
198627,6
198629,1
198633,2
198635,2
198637,7
198639,10
198641,4
198643,2
198645,6
198647,2
198649,19
198651,12
198653,9
198655,2
198657,11
198659,4
198665,2
198667,102
198669,2
198671,1
198673,22
198675,2
198677,10
198681,2
198683,9
198685,5
198687,3
198689,1
198691,4
198693,10
198695,7
198697,3
198699,1
198701,48
198703,93
198705,6
198707,2
198709,1
198711,2
198713,5
198715,10
198717,1
198721,3
198723,1
198727,3
198729,6
198731,19
198733,2
198735,2
198737,5
198741,8
198743,6
198745,7
198747,1
198749,3
198751,2
198753,3
198755,3
198757,1
198761,21
198763,4
198765,5
198767,4
198769,4
198771,4
198773,2
198775,2
198779,1
198781,69
198783,1
198785,7
198787,2
198789,18
198791,41
198793,2
198795,12
198797,10
198799,4
198801,104
198803,8
198805,4
198807,3
198809,2
198811,3
198813,8
198815,8
198817,2
198819,3
198821,1
198823,4
198825,6
198827,11
198829,4
198831,87
198833,12
198835,1
198837,5
198839,1
198841,1
198843,3
198845,10
198847,10
198849,1
198851,6
198853,14
198855,1
198857,13
198859,1
198861,1
198863,2
198865,39
198867,18
198869,2
198871,3
198873,4
198875,2
198877,6
198879,4
198881,2
198883,5
198885,2
198887,5
198889,6
198891,4
198893,3
198895,3
198897,3
198899,2
198901,2
198903,7
198905,5
198907,2
198909,10
198911,4
198913,3
198915,5
198917,1
198919,1
198921,3
198923,6
198925,1
198927,1
198929,2
198931,8
198933,4
198935,2
198937,4
198939,2
198941,2
198943,6
198945,19
198947,16
198949,2
198951,11
198953,3
198955,2
198957,16
198959,8
198961,5
198963,2
198965,7
198967,3
198969,3
198971,5
198973,5
198975,3
198977,2
198979,6
198981,3
198983,2
198985,3
198987,6
198989,3
198991,3
198993,5
198995,6
198997,4
198999,7
199001,2
199003,5
199005,4
199007,5
199009,14
199011,12
199013,34
199015,1
199017,27
199019,4
199021,4
199023,1
199025,8
199027,2
199029,12
199031,3
199033,8
199035,7
199037,3
199039,9
199041,6
199043,2
199045,3
199047,2
199049,10
199051,7
199053,3
199055,9
199057,8
199059,1
199061,3
199063,2
199065,31
199067,1
199069,3
199071,11
199073,227
199075,93
199077,2
199079,10
199081,9
199083,3
199085,1
199087,2
199089,1
199091,12
199093,1
199095,70
199097,4
199099,11
199101,99
199103,1
199105,4
199107,2
199109,3
199111,6
199113,70
199115,3
199117,7
199119,5
199121,2
199123,5
199125,2
199127,2
199129,3
199131,4
199133,1
199135,5
199137,1
199139,2
199141,1
199143,6
199145,2
199147,2
199149,2
199151,3
199153,3
199155,3
199157,1
199159,1
199161,2
199163,4
199165,3
199167,3
199169,3
199171,3
199173,5
199175,24
199177,7
199179,8
199181,4
199183,4
199185,2
199187,9
199189,2
199191,2
199193,1
199195,1
199197,1
199199,1
199201,4
199203,14
199205,33
199207,182
199209,3
199211,1
199213,1
199217,9
199219,268
199223,597
199225,8
199227,10
199229,5
199231,8
199233,4
199235,10
199237,165
199239,5
199241,5
199243,4
199245,4
199247,9
199249,21
199251,2
199253,6
199255,37
199257,2
199259,4
199261,5
199263,2
199265,21
199267,1
199269,7
199271,4
199273,6
199275,4
199277,13
199279,15
199281,4
199285,3
199289,11
199291,10
199293,1
199295,2
199297,1
199299,1
199301,3
199303,2
199305,29
199307,198
199309,2
199311,47
199313,1
199315,1
199317,13
199319,18
199325,1
199331,4
199333,64
199335,1
199337,25
199339,2
199340,28
199342,3
199344,19
199346,7
199348,2
199350,93
199352,11
199354,3
199356,1
199358,7
199360,1
199364,4
199366,1
199368,1
199370,1
199372,1
199374,2
199382,1
199386,1
199388,1
199390,5
199394,6
199396,1
199398,2
199402,13
199404,1
199412,6
199414,2
199418,4
199420,1
199422,3
199424,3
199426,3
199428,3
199430,28
199432,26
199434,32
199436,24
199438,4
199440,3
199442,3
199444,2
199446,5
199448,2
199450,2
199452,8
199454,2
199456,5
199460,1
199462,20
199464,8
199466,1
199468,3
199470,137
199472,1
199474,1
199476,185
199478,8
199482,1
199484,1
199486,1
199488,3
199490,3
199492,13
199494,11
199496,6
199498,2
199500,4
199502,2
199504,2
199508,1
199510,4
199512,1
199514,4
199516,6
199518,5
199520,3
199522,1
199524,5
199526,8
199528,3
199530,1
199532,1
199534,2
199536,6
199538,145
199540,1
199542,1
199544,2
199546,3
199548,1
199550,7
199552,3
199556,7
199558,1
199560,3
199562,3
199564,2
199566,80
199568,3
199570,3
199572,3
199574,6
199576,2
199578,2
199580,49
199584,12
199586,4
199588,18
199590,2
199592,2
199594,4
199596,11
199598,1
199600,8
199604,1
199606,2
199610,7
199612,3
199614,1
199618,9
199620,5
199622,18
199626,27
199628,1
199634,21
199636,1
199638,1
199640,2
199642,3
199646,2
199648,16
199650,7
199652,2
199654,2
199656,1
199660,2
199662,2
199664,12
199666,5
199668,32
199670,4
199672,2
199674,3
199676,1
199682,1
199684,6
199686,17
199688,38
199690,25
199692,18
199694,52
199696,13
199698,8
199700,3
199702,5
199704,9
199706,13
199708,12
199710,12
199712,4
199714,12
199716,13
199718,10
199720,2
199724,2
199728,1
199730,3
199732,3
199734,11
199736,18
199738,18
199740,3
199744,14
199746,5
199748,25
199750,2
199752,2
199754,1
199756,1
199758,1
199760,2
199762,2
199764,2
199766,1
199768,1
199770,4
199772,13
199774,1
199776,3
199778,16
199780,1
199782,10
199784,1
199786,10
199788,1
199790,5
199792,8
199794,2
199796,3
199798,1
199800,11
199802,2
199804,7
199806,3
199808,3
199810,4
199812,3
199814,2
199816,2
199818,2
199820,7
199822,10
199824,1
199826,2
199828,5
199830,8
199832,31
199834,14
199836,3
199838,3
199840,1
199842,2
199844,6
199846,2
199848,2
199850,1
199852,2
199854,2
199856,4
199858,3
199860,3
199862,1
199864,9
199866,83
199868,3
199870,2
199872,9
199874,2
199876,5
199878,14
199880,4
199882,6
199884,2
199886,13
199888,4
199890,2
199892,7
199894,6
199898,12
199900,11
199902,12
199904,6
199906,3
199908,6
199910,243
199912,12
199914,4
199916,1
199918,1
199920,1
199922,1
199924,1
199926,1
199928,3
199930,3
199932,2
199934,4
199936,2
199938,3
199940,13
199942,2
199944,6
199948,32
199950,1
199952,4
199956,1
199958,18
199960,11
199962,1
199964,34
199966,77
199968,22
199970,16
199972,1
199974,402
199976,2
199978,3
199980,3
199982,30
199984,1
199986,1
199988,3
199990,3
199992,75
199994,4
199996,2
199998,26
200000,3
200002,3
200004,3
200006,3
200008,170
200010,4
200012,24
200014,8
200016,3
200018,8
200020,1
200022,6
200024,13
200026,3
200028,4
200030,9
200032,6
200034,12
200036,7
200038,13
200040,3
200042,65
200044,1
200046,4
200048,2
200050,9
200052,31
200054,275
200056,1
200060,4
200062,30
200066,1
200068,1
200074,3
200076,2
200078,6
200080,48
200082,5
200086,1
200088,2
200090,1
200092,2
200094,6
200096,2
200098,5
200100,4
200102,8
200104,3
200106,8
200108,6
200110,256
200112,1
200114,2
200116,22
200118,31
200120,18
200122,3
200124,6
200126,4
200128,3
200130,6
200132,5
200134,2
200136,2
200138,14
200140,10
200142,2
200144,2
200146,4
200148,6
200150,6
200152,3
200154,8
200156,7
200160,1
200162,3
200166,22
200168,2
200170,20
200172,3
200174,9
200176,8
200178,9
200180,1
200182,2
200184,6
200188,3
200190,3
200192,1
200194,1
200196,13
200198,1
200200,231
200202,1
200204,3
200210,2
200212,4
200214,2
200220,2
200222,6
200224,8
200232,5
200234,4
200236,2
200240,2
200242,1
200244,1
200246,5
200248,3
200250,2
200252,4
200254,36
200256,375
200262,1
200264,5
200266,44
200268,5
200270,11
200272,40
200274,3
200276,1
200278,3
200280,3
200282,1
200286,10
200288,5
200290,4
200296,1
200300,64
200302,1
200304,9
200306,1913
200310,2
200312,6
200314,1
200316,1
200318,9
200320,3
200322,378
200324,62
200326,68
200328,136
200330,79
200332,1435
200334,3
200336,8
200338,1
200340,7
200342,4
200344,3
200346,1
200348,11
200350,2
200352,8
200354,640
200356,4
200358,2
200360,2
200362,3
200366,2
200368,17
200370,9
200372,10
200374,10
200376,2
200380,1
200382,2
200384,12
200386,15
200388,11
200390,9
200392,13
200394,14
200396,14
200398,13
200400,12
200402,12
200404,11
200406,14
200408,13
200410,13
200412,21
200414,14
200416,13
200418,31
200420,8
200422,2
200424,3
200426,1
200428,3
200430,4
200432,1
200434,1
200436,5
200438,3
200440,5
200442,2
200444,9
200446,8
200448,67
200450,8
200452,8
200454,1
200456,1
200458,1
200460,6
200462,3
200464,1
200466,1
200468,1
200470,3
200472,1
200476,3
200478,1
200480,1
200482,5
200484,3
200486,8
200488,1
200490,1
200492,1
200494,3
200496,17
200498,3
200500,5
200502,1
200506,2
200508,8
200512,1
200514,10
200516,3
200518,6
200520,35
200522,5
200524,3
200526,6
200528,14
200530,25
200534,12
200536,2
200538,3
200540,1728
200542,1
200544,2
200546,4
200548,1
200550,2
200552,4
200554,1
200556,11
200558,1
200560,1
200562,1
200566,4
200568,24
200570,2
200572,2
200574,2
200576,4
200578,6
200580,18
200582,4
200584,5
200586,1
200588,3
200590,12
200592,2
200594,2
200596,3
200598,95
200600,1
200602,2
200604,16
200606,4
200608,5
200610,1
200612,1
200614,59
200616,1
200618,2
200620,2
200622,3
200624,2
200626,2
200628,1
200630,251
200632,3
200634,1
200636,1
200638,214
200640,3
200642,2
200644,3
200646,10
200648,4
200650,3
200652,6
200654,2
200656,2
200658,2
200660,4
200662,3
200664,1
200666,1
200668,34
200670,2
200672,1
200676,2
200678,71
200682,4
200684,4
200686,54
200690,2
200692,3
200694,5
200696,3
200698,10
200700,9
200702,2
200704,6
200706,2
200708,1
200710,3
200712,1
200714,1
200716,4
200718,6
200720,2
200722,1
200724,6
200726,5
200728,1
200730,2
200732,14
200734,1
200736,6
200738,8
200740,3
200742,1
200744,4
200748,7
200750,5
200754,3
200756,5
200760,4
200762,1
200764,2
200766,37
200768,28
200770,1
200772,2
200774,2
200776,6
200778,1
200780,1
200782,2
200784,3
200786,1
200788,2
200790,10
200792,3
200794,43
200796,18
200798,12
200800,7
200802,11
200804,1
200806,33
200808,6
200810,2
200812,9
200814,216
200816,1
200818,4009
200820,1020
200822,1132
200824,467
200826,8
200828,8
200830,1
200832,3
200834,3
200836,3
200838,1659
200840,14
200842,173
200844,2
200846,1
200848,4
200850,4
200852,3
200854,5
200856,3
200860,10
200864,148
200866,121
200868,1
200872,2
200874,4
200876,2
200878,2
200880,2
200882,3
200884,1
200886,2
200888,5
200890,7
200892,2
200894,1
200896,2
200898,4
200900,3
200902,2
200904,8
200906,2
200908,4
200910,4
200912,9
200914,3
200916,2
200918,2
200920,2
200922,2
200924,2
200926,2
200928,2
200930,2
200932,3
200934,6
200936,2
200938,567
200940,1
200942,9
200944,3
200946,5
200948,20
200950,26
200952,1
200954,2
200956,1
200958,1
200960,1
200962,2
200964,3
200966,3
200968,6
200970,1
200972,1
200974,1
200976,1
200978,4
200980,4
200982,89
200984,1
200986,25
200988,1
200990,1
200992,1
200994,1
200998,2
201000,1
201002,16
201006,1
201008,16
201010,2
201012,1
201014,2
201016,19
201018,1
201020,1
201022,2
201024,2
201026,16
201030,5
201032,1
201034,3
201036,1
201038,13
201040,1
201042,6
201044,2
201046,3
201048,5
201050,9
201052,12
201054,4
201056,2
201058,4
201060,7
201062,1
201064,5
201066,1
201068,1
201070,2
201072,151
201074,29
201076,8
201078,11
201080,9
201084,2
201090,1
201096,1
201102,1
201108,1
201110,3
201114,1
201118,2
201124,1
201130,1
201134,1
201138,3
201140,4
201142,2
201144,6
201146,2
201148,4
201150,1
201152,1
201154,1
201156,3
201158,3
201160,1
201162,5
201164,11
201166,8
201168,2
201170,4
201172,3
201174,2
201176,3
201180,2
201182,2
201186,5
201188,7
201190,6
201192,7
201194,16
201196,2
201198,1
201200,139
201202,14
201204,1
201208,22
201212,9
201216,2
201218,8
201220,2
201222,4
201226,2
201228,10
201230,22
201232,7
201234,8
201236,3
201238,5
201240,13
201242,300
201244,5
201246,27
201248,5
201250,8
201252,1
201254,3
201256,2
201258,2
201260,1
201262,8
201264,3
201266,29
201268,1
201270,20
201272,5
201274,2
201276,11
201278,1
201280,1
201282,5
201284,10
201286,16
201288,2
201290,2
201292,6
201294,6
201298,1
201300,11
201302,12
201304,76
201306,37
201308,17
201310,24
201312,7
201314,191
201316,145
201318,9
201320,85
201322,5
201328,8
201330,3
201332,2
201334,4
201336,2
201338,4
201340,3193
201344,12
201346,5
201348,5
201350,3
201352,22
201354,5
201356,26
201358,3
201360,10
201364,4
201366,4
201368,966
201370,5
201372,8
201374,2
201376,3
201378,6
201380,1
201382,12
201384,3
201386,3
201388,3
201390,3
201392,2
201394,11
201396,2
201398,2
201400,3
201402,2
201404,4
201406,5
201408,4
201410,3
201412,3
201414,4
201416,3
201418,2
201420,3
201422,2
201424,1
201426,2
201428,1
201430,10
201432,10
201434,1
201436,47
201440,1
201442,3
201444,183
201446,7
201450,17
201452,3
201454,1
201458,2
201462,6
201466,1
201468,1
201470,4
201472,21
201474,8
201476,51
201478,9
201480,4
201482,1
201484,3
201486,20
201488,30
201492,1
201498,1
201500,3
201502,6
201504,1
201506,2
201508,3
201510,4
201512,1
201514,6
201516,1
201518,8
201522,4
201524,1
201526,4
201528,17
201530,5
201532,1
201534,4
201536,4
201538,20
201540,33
201542,1
201544,6
201546,8
201548,7
201550,2
201552,9
201554,8
201556,3
201558,2
201560,3
201562,3
201564,3
201566,4
201568,3
201570,3
201572,3
201574,2
201576,4
201578,3
201580,3
201582,3
201584,3
201586,1066
201588,2802
201590,3
201592,3
201594,651
201596,4
201598,4
201600,3
201604,2
201608,6
201610,2
201612,1
201614,6
201616,8
201618,6
201620,6
201622,9
201624,1
201626,2
201628,13
201630,2
201632,5
201634,3
201636,1
201638,35
201640,3
201642,1
201644,22
201646,4402
201648,3
201650,1
201652,21
201654,58
201656,2
201658,6
201660,1
201662,54
201664,18
201666,24
201668,2
201670,1
201672,4
201674,3
201676,6
201678,2
201680,1
201682,7
201684,5
201686,22
201688,3
201690,1
201692,3
201694,1
201696,1
201700,2
201702,4
201704,34
201706,32
201708,4
201710,1
201712,2
201713,1
201715,2
201719,1
201723,2
201725,37
201727,15
201729,251
201731,20
201733,11
201737,324
201739,70
201741,5
201743,30
201745,5
201747,31
201749,886
201751,7
201753,3
201757,1
201759,24
201761,11
201763,14
201765,5
201767,12
201769,1
201771,1
201773,5724
201775,7
201777,1
201779,3
201781,1
201783,4
201787,1
201789,2
201793,4
201795,2
201797,2
201799,1
201801,3
201803,4
201805,4
201807,2
201809,3
201811,1386
201813,8
201815,21
201817,6
201819,4
201821,11
201823,6
201825,4
201827,4
201829,2
201831,7
201833,2
201835,2
201837,3
201839,6
201841,3
201843,2
201847,13
201849,19
201851,5
201855,2
201857,1
201859,7
201861,158
201863,40
201865,2
201867,11
201869,1
201871,1
201873,2
201875,1
201877,2
201879,5
201883,2
201887,5
201889,49
201893,4
201895,1
201901,1
201903,1
201905,22
201907,2
201909,1
201911,4
201915,4
201917,6
201919,15
201921,8
201923,3
201925,3
201927,3
201929,4
201931,3
201933,1
201935,3
201937,9
201939,14
201941,8
201943,8
201945,1
201947,3
201949,2
201951,3
201953,5
201957,5
201959,2
201963,2
201965,2
201967,2
201969,1
201971,2
201973,1
201975,2
201977,2
201979,2
201981,2
201983,2
201991,6
201993,85
201995,2
201997,1
201999,1
202003,1
202005,5
202007,2
202009,1
202011,2
202013,2
202015,5
202017,19
202019,1
202021,2
202023,4
202025,1
202029,1
202033,11
202035,1
202037,14
202041,2
202043,5
202045,13
202047,1
202049,2
202051,15
202053,1
202055,4
202057,50
202059,2
202061,3
202063,3
202065,1
202067,2
202069,1
202071,2
202073,5
202075,1
202077,11
202079,1
202081,7
202083,2
202085,5
202087,7
202089,12
202091,3
202093,13
202095,6
202097,9
202099,87
202101,329
202103,1216
202105,1
202107,2
202109,6
202111,3
202113,1
202115,3
202119,4
202123,9
202127,1
202131,1
202133,3
202135,3
202137,9
202139,5
202141,2
202143,5
202145,11
202147,3
202149,1
202151,1
202153,12
202155,489
202157,20
202159,493
202161,1
202163,6
202165,3
202167,2
202169,3
202171,9
202173,2
202175,1
202177,2
202179,4
202181,2
202183,5
202185,2
202187,54
202189,3
202191,14
202193,4
202195,105
202197,3
202199,2
202201,1
202203,2
202205,1
202207,2
202209,4
202211,4
202213,9
202215,3
202221,2
202223,1
202225,1
202227,7
202229,18
202231,6
202233,5
202235,1
202237,497
202243,2
202245,2
202247,1
202249,2
202251,1
202253,3
202255,4
202263,4
202265,5
202267,2
202269,1
202271,7
202273,4
202275,6
202277,3
202279,1
202281,2
202283,1
202285,1
202287,4
202289,2
202291,1
202293,13
202295,1
202297,2
202299,1
202301,2
202303,4
202305,1
202307,1
202315,6
202317,6
202319,2
202321,2
202323,5
202325,38
202327,1
202329,30
202331,16
202333,6
202335,23
202337,3
202341,2
202343,1
202345,5
202349,5
202353,1
202355,6
202357,7
202359,38
202361,14
202363,29
202365,3
202367,1
202369,1
202371,1
202373,4
202375,1
202377,2
202379,1
202381,8
202383,10
202389,11
202391,11
202393,618
202395,20
202397,6
202399,17
202401,2
202403,3
202405,2
202407,3
202409,1
202411,7
202413,13
202415,10
202417,7
202419,3
202421,129
202423,24
202425,11
202427,35
202429,7035
202431,60
202433,235
202435,91
202437,44
202439,11670
202441,2
202443,66
202445,16
202447,9
202449,11
202453,1
202455,4
202465,1
202467,17
202469,7
202471,1
202473,1
202475,1
202477,3
202479,33
202481,5
202483,1
202487,5
202489,6
202491,2
202493,7
202495,68
202497,174
202499,99
202501,14
202503,6
202509,4
202511,16
202513,10
202515,2
202517,41
202519,252
202525,1
202529,1
202531,2
202533,46
202535,4
202537,4
202539,2
202541,6
202543,5
202545,1
202547,13
202549,3
202551,1
202553,6
202555,1
202557,1
202559,3
202561,41
202563,3
202565,1
202567,4
202569,1
202571,1
202575,342
202579,3
202581,1
202583,1
202585,3
202589,2
202591,1
202593,2
202595,2
202597,2
202599,131
202601,3
202603,3
202605,2
202607,6
202609,3
202611,7
202613,3
202615,7
202617,3
202619,1
202621,1
202623,2
202625,2
202627,2
202629,3
202631,2
202633,2
202635,2
202637,2
202639,3
202641,2
202643,3
202645,6
202647,1
202649,2
202651,5
202653,6
202655,3
202657,1
202659,5
202661,3
202663,2
202665,3
202667,1
202669,1
202671,3
202673,4
202675,3
202677,3
202679,2
202681,2
202683,2
202685,2
202687,2
202689,2
202691,2
202693,1
202695,2
202697,2
202699,16
202701,2
202703,2
202705,9
202707,5
202711,221
202713,2
202715,14
202717,4
202719,5
202721,5
202723,2
202725,1
202727,6
202729,2
202731,3
202733,2
202735,1
202737,2
202739,1
202741,2
202743,1
202745,2
202747,12
202749,1586
202751,2
202753,3
202755,5
202757,1
202759,1
202761,3
202763,1
202765,4
202767,1
202769,1
202773,2
202775,1
202779,4
202781,8
202783,5
202787,6
202793,2
202795,4
202797,4
202799,39
202801,4
202803,30
202805,2
202807,11
202809,2
202811,6
202813,4
202815,2
202817,2
202819,2
202823,12
202825,2
202827,2
202828,6
202830,5
202832,3
202834,3
202836,2
202838,2
202840,1
202842,5
202844,1
202846,2
202856,1
202878,1
202880,23
202882,1
202892,1
202896,5
202898,1
202902,1
202904,1
202906,1
202910,1
202914,1
202916,4
202918,2
202926,1
202928,2
202932,5
202934,428
202936,3
202938,3
202944,2
202946,2
202950,1
202954,1
202958,1
202962,1
202964,1
202968,2
202976,1
202978,1
202980,4
202982,3
202984,5
202986,4
202988,5
202990,2
202992,3
202994,2
202996,8
202998,4
203000,4
203002,1
203006,4
203008,2
203010,14
203012,2
203014,1
203016,1
203018,1
203020,6
203022,32
203024,8
203026,3
203028,2
203030,1
203032,2
203034,3
203036,1
203038,5
203040,11
203042,2
203044,1
203048,98
203050,2
203052,4
203054,19
203056,3
203058,1
203060,7
203062,16
203066,9
203068,3
203070,3
203072,1
203074,1
203076,1
203078,16
203080,8
203082,5
203084,4
203086,9
203090,4
203096,1
203098,1
203110,36
203112,7
203114,1
203116,1
203118,3
203120,1
203124,2
203126,2
203128,3
203130,7
203132,13
203134,16
203136,2
203138,3
203140,1
203142,4
203144,17
203146,3
203148,8
203152,12
203154,78
203156,2
203158,3
203160,385
203162,1
203164,2
203166,1
203168,3
203170,6
203172,1
203174,2
203176,3
203178,3
203180,1
203182,2
203184,8
203186,2
203188,12
203190,2
203192,1
203196,4
203198,4
203200,1
203202,21
203204,12
203206,10
203208,501
203210,1
203212,8
203214,2
203216,1
203218,571
203220,24
203222,1207
203224,211
203226,2
203228,16
203230,8
203232,10
203234,2
203236,8
203238,1
203240,4
203242,15
203244,324
203246,1
203248,7
203250,4
203252,2
203254,10
203256,15
203258,2
203262,4
203264,2
203266,3
203268,2
203270,6
203272,3
203274,1
203276,1
203278,142
203280,8
203282,5
203284,1
203286,1
203288,2
203290,1
203292,2
203294,1
203296,57
203298,19
203300,2
203302,11
203304,1
203306,19
203308,16
203310,7
203312,14
203314,1
203316,5
203318,2
203320,2
203322,1129
203324,2
203326,3
203328,2
203330,2
203334,9
203336,1
203338,14
203340,2
203342,1
203348,3
203358,3
203360,2
203364,1
203368,7
203369,14
203371,13
203373,10
203375,4908
203377,2
203379,4
203381,7
203383,4
203385,12
203387,7
203389,8
203391,1
203393,77
203395,19
203397,15
203399,9
203401,17
203403,15
203405,1
203407,8
203409,4
203411,2
203413,26
203415,4
203417,8
203419,5
203421,6
203423,2
203425,2
203427,1
203429,5
203431,2
203433,2
203435,2
203437,2
203439,1
203441,2
203443,2
203445,3
203447,2
203449,43
203451,3
203453,5
203455,1
203457,1
203459,1
203461,4
203463,1
203465,2
203467,3
203469,2
203471,2
203473,4
203475,2
203477,4
203479,1
203481,9
203483,12
203485,2
203487,1
203489,1
203491,3
203495,23
203497,1
203501,4
203503,108
203505,3
203507,1
203509,2
203511,2
203513,322
203515,2
203517,156
203519,960
203521,4
203523,38
203525,6
203527,9
203529,1
203531,2
203533,6
203535,3
203537,2
203539,3
203541,2
203543,2
203545,1
203547,2
203553,1
203557,63
203559,17
203561,1
203563,3
203565,2
203567,2
203569,1
203571,18
203573,2
203577,2
203579,1
203583,1
203585,1
203587,1
203589,1
203591,7
203593,5
203595,2
203597,2
203599,14
203601,4
203603,6
203609,2
203611,1
203613,5
203615,22
203617,1
203619,201
203621,3
203623,7
203625,1
203627,2
203629,3
203631,3
203633,5
203635,6
203637,7
203639,5
203641,2
203643,5
203645,6
203647,4
203649,19
203651,6
203653,1
203655,4
203657,5
203659,2
203661,4
203663,3
203667,5
203669,3
203671,4
203673,3
203675,4
203677,8
203679,3
203681,6
203683,24
203685,2
203687,4
203689,9
203691,63
203693,6
203695,3
203697,6
203699,6
203701,3
203703,2
203705,4
203707,1
203709,2
203711,16
203713,2
203715,6
203717,1
203719,1
203721,2
203723,9
203725,1
203727,1
203729,2
203733,2
203735,8
203737,1
203739,1
203741,1
203743,7
203745,14
203747,2
203749,64
203751,39
203753,4
203757,24
203759,5
203761,4
203763,6
203765,4
203767,5
203769,5
203771,5
203773,8
203775,4
203777,3
203779,3
203781,3
203783,4
203785,3
203787,5
203789,2
203791,3
203793,3
203795,1
203797,4
203799,23
203801,4
203803,3
203805,17
203807,3
203809,3
203811,6
203813,15
203815,2
203817,10
203819,5
203821,2
203823,11
203825,3
203827,3
203829,4
203831,2
203833,3
203835,4
203837,8
203839,3
203841,2
203847,15
203849,2
203851,2
203853,2
203855,9
203857,1
203863,3
203865,2
203867,5
203869,4
203871,1
203875,1
203877,11
203879,1
203881,50
203882,1
203884,5
203886,5
203888,2
203890,1
203892,1
203894,10
203896,5
203898,31
203902,1
203904,217
203906,4
203912,1
203914,6
203916,3
203922,93
203926,6
203928,34
203930,1
203932,1
203934,393
203936,4
203938,5
203940,22
203942,4
203944,7
203946,3
203948,1
203950,10
203952,4
203954,10
203956,9
203958,2
203960,3
203962,8
203964,1
203966,20
203970,8
203972,2
203974,24
203976,4
203978,1
203980,4
203982,18
203984,3
203986,1
203988,6
203990,2
203992,3
203994,3
203996,2
203998,1
204000,2
204002,4
204004,3
204006,3
204008,2
204010,2
204012,1
204014,2
204016,1
204018,52
204020,1
204022,2
204024,1
204026,3
204028,3
204030,13
204032,3
204034,2
204036,5
204038,2
204040,2
204042,3
204044,2
204050,2
204052,4
204054,1
204056,35
204058,2
204060,2
204062,11
204064,32
204066,2
204068,15
204070,6
204072,6
204074,12
204076,5
204078,8
204080,1
204082,2
204084,1
204086,1
204090,1
204092,1
204094,1
204096,3
204098,10
204102,22
204104,2
204106,3
204110,2
204112,1
204114,2
204116,5
204118,2
204120,7
204122,3
204124,3
204126,2
204128,4
204130,5
204132,55
204134,1
204138,2
204140,1
204142,3
204146,2
204150,3
204152,656
204154,2
204156,5
204158,553
204160,5
204162,2
204164,3
204166,2
204168,4
204172,2
204176,4
204178,2
204180,2
204182,1
204184,1
204186,6
204188,36
204190,2
204196,3
204198,16
204200,7
204202,7
204204,2
204206,2
204208,2
204210,1
204212,23
204214,5
204216,2
204218,1
204220,2
204222,2
204224,3
204226,1
204228,1
204230,1
204232,2
204234,2
204236,4
204238,1
204240,2
204244,1
204246,56
204248,2
204250,1
204252,9
204254,7
204256,6
204258,2
204260,13
204262,1
204264,8
204266,1
204268,404
204270,2
204272,1
204274,3
204276,3
204278,3
204282,15
204284,2
204288,3
204290,1
204292,3
204294,176
204296,7
204298,2
204300,1
204302,14
204304,3
204308,20
204310,3
204312,17
204316,3
204318,238
204320,1
204322,3
204324,1
204326,6
204328,43
204330,4
204334,133
204336,6
204338,5
204340,15
204342,35
204344,1
204346,3
204348,1
204350,2
204352,2061
204354,4
204356,8
204358,7
204360,3
204362,1
204366,24
204370,1
204372,4
204374,4
204376,7
204378,4
204380,4
204382,4
204384,4
204386,6
204388,160
204390,1
204394,6
204396,3
204398,1
204400,3
204402,8
204404,1
204406,3
204410,1
204414,2
204416,2
204418,1
204420,2
204422,2
204424,1
204426,1
204428,1
204430,2
204432,1
204436,11
204438,4
204440,2
204442,2
204444,2
204446,1
204448,1
204450,1
204452,4
204456,1
204458,2
204466,2
204470,3
204472,24
204474,15
204478,9
204480,14
204482,3
204484,1
204486,4
204488,1
204490,3
204492,2
204494,1
204496,40
204498,2
204500,10
204504,13
204506,1
204508,3
204510,3
204512,3
204514,2
204516,5
204518,10
204520,4
204522,11
204524,5
204526,1
204528,3
204530,18
204532,1
204534,1
204536,1
204538,10
204540,8
204542,1546
204544,1
204546,2
204548,26
204550,2
204552,4
204554,5
204556,53
204558,85
204560,1
204562,3
204564,2
204566,2
204568,5
204570,3
204572,5
204574,3
204576,10
204578,48
204580,4
204582,14
204584,27
204586,3
204588,1
204590,1
204592,3
204594,7
204596,1
204598,7
204600,2
204602,1
204604,2
204606,2
204608,3
204610,33
204612,2
204614,4
204616,4
204618,8
204620,12
204622,1
204624,18
204626,6
204628,7
204630,5
204632,9
204634,3
204636,4
204638,1
204640,3
204642,5
204644,1
204646,16
204648,7
204650,1
204652,3
204654,6
204656,29
204658,3
204660,1
204662,1
204664,1
204666,1
204670,1
204672,16
204674,1
204676,2
204678,1
204680,7
204682,1
204684,6
204686,508
204688,121
204690,148
204692,362
204694,335
204696,77
204698,11635
204700,19
204702,170
204704,1336
204706,4
204708,133
204710,122
204712,11
204714,5
204716,1
204718,2
204720,3
204722,9
204724,1
204728,1
204730,4
204732,4
204734,1
204736,2
204740,1
204742,1
204744,2
204746,3
204750,39
204752,4
204754,3
204756,5
204760,1
204762,2
204764,2
204766,6
204768,2
204770,1
204772,3
204774,2
204776,6
204778,2
204780,3
204782,2
204786,2
204788,14
204790,2
204792,6
204794,2
204796,2
204798,5
204802,14
204804,1
204806,4
204808,3
204810,15
204812,8
204814,7
204816,10
204818,7
204820,8
204822,3
204824,2
204826,100
204830,2
204832,48
204834,45
204836,140
204838,4
204840,35
204842,9
204844,2
204846,2
204848,1
204850,5
204852,1
204854,2
204856,1
204858,1
204860,2
204862,1
204864,5
204868,100
204870,1
204872,14
204874,2
204876,2
204878,670
204880,1
204882,1
204890,1
204892,4
204896,2
204898,5
204900,3
204902,1
204904,1
204908,1
204910,1
204912,6
204914,1
204916,6
204918,5
204920,8
204922,1
204924,4
204926,9
204928,1
204932,1
204934,1
204936,1
204938,1
204940,6
204942,1
204946,1
204948,3
204950,4
204952,1
204954,1
204956,1
204958,1
204960,1
204964,2
204966,92
204968,3
204970,2
204972,6
204974,7
204976,4
204978,1
204980,16
204984,1
204986,1
204988,1
204990,7
204992,2
204994,12
204996,4
204998,2
205000,2
205002,4
205004,3
205006,1
205008,1
205010,3
205012,3
205014,2
205016,1
205018,4
205020,1
205022,6
205024,1
205026,2
205028,4
205030,1
205034,7
205036,8
205038,2
205040,2
205042,2
205044,8
205046,3
205048,299
205050,2
205052,4
205054,678
205056,7
205058,3
205060,3
205062,1
205064,56
205066,36
205068,1
205070,6
205072,1583
205074,105
205076,397
205078,12
205080,4
205082,108
205090,15
205094,1
205096,3
205098,1
205102,4
205106,96
205108,1
205110,2
205112,1
205114,8
205116,1
205118,5
205120,4
205122,2
205124,4
205126,4
205128,70
205130,67
205132,2
205134,30
205136,2
205140,1
205142,23
205144,1
205146,30
205148,2
205150,5
205152,4
205154,4
205156,6094
205158,4
205160,24
205162,4
205164,1
205166,1
205168,1
205170,3
205172,2
205174,3
205176,4
205178,2
205180,1
205182,2
205184,1
205186,4
205188,3
205190,15
205192,14
205194,3
205196,2
205198,13
205200,2
205205,100
205257,29
205259,25
205261,9
205263,2
205265,3
205267,3
205269,2
205271,5
205273,3
205275,5
205277,2
205279,4
205281,21
205283,6
205285,7
205287,335
205289,7
205291,49
205293,2
205295,1
205297,618
205299,8
205303,528
205309,10
205311,4
205313,13
205315,7
205319,2
205321,6
205323,4
205325,32
205327,309
205329,82
205331,1
205333,3
205335,2
205337,5
205339,11
205341,2
205343,2
205345,1
205351,2
205357,5
205359,5
205361,11
205363,1
205365,5
205367,2
205369,6
205371,2
205373,3
205375,2
205377,9
205379,49
205381,1
205383,2152
205385,11
205387,1
205389,1
205391,2
205393,2
205395,2
205397,2
205401,1
205403,7
205405,3
205407,8
205409,4
205413,7
205415,4
205417,7
205419,1
205421,31
205423,1
205425,438
205427,5
205429,1
205431,2
205433,3
205435,15
205437,3
205439,5
205441,3561
205443,1
205445,7
205447,17
205449,5
205451,1
205453,2
205455,1
205459,4
205461,4
205463,4
205465,12
205467,1
205469,1
205471,1
205473,38
205475,5
205479,2
205481,3
205483,2
205485,3
205487,1
205489,5
205491,6
205493,1
205497,1
205499,1
205503,1
205505,5
205507,1
205509,121
205511,2
205513,3
205515,58
205517,2
205519,3
205523,5
205525,1
205527,5
205529,3
205531,2
205535,2
205537,4
205539,10
205541,2
205543,1
205545,421
205547,8
205549,1
205551,1
205557,10
205559,20
205561,1
205563,1
205565,1
205569,2
205571,1
205573,11
205575,48
205577,4
205579,2
205581,1
205583,41
205585,1
205587,7
205589,3
205591,6
205593,1
205595,5
205599,3
205601,2
205603,2
205605,3
205607,1
205611,1
205613,2
205615,6
205617,6
205619,5
205621,2
205623,3
205625,3
205629,1
205631,3
205633,4
205635,3
205637,9
205639,2
205641,1
205643,2
205645,2
205647,9
205649,11
205651,1
205657,6
205659,6
205661,568
205663,7
205665,6
205667,3
205671,3
205673,9
205675,3
205677,2
205679,2
205681,7
205683,5
205685,10
205687,6
205689,7
205691,2
205693,20
205695,2
205697,2
205699,5
205703,2
205705,1
205707,3
205711,3
205713,8
205715,9
205717,4
205719,2
205721,6
205723,3
205725,1
205727,2
205729,9
205731,1
205733,1
205735,1
205737,4
205739,1
205741,2
205743,4
205745,1
205747,3
205749,4
205751,1
205753,2
205755,5
205757,1
205759,7
205761,5
205763,20
205765,2
205767,13
205769,62
205771,1
205773,3
205777,1
205779,3
205791,1
205793,2
205797,7
205799,1
205801,1
205805,3
205807,2
205809,38
205811,1
205813,2
205815,1
205817,1
205819,1
205823,1
205827,1
205829,1
205831,2
205833,4
205837,2
205839,58
205841,41
205843,4
205845,1
205847,1
205849,1
205851,2
205853,8
205855,1
205857,202
205859,1
205861,1
205863,1
205865,1
205867,2
205869,1
205871,2
205873,4
205875,1
205877,2
205879,2
205885,1
205889,4
205893,31
205895,2
205897,3
205899,1
205901,2
205905,2
205907,2
205909,2
205911,1
205913,1
205915,1
205917,12
205919,2
205921,3
205923,3
205925,4
205927,1
205929,1
205931,1
205933,15
205935,5
205937,3
205939,2
205941,12
205943,1
205945,130
205947,1
205949,4
205951,4
205953,3
205955,23
205957,1
205959,1
205963,4
205965,1
205967,7
205969,3
205971,1
205975,1
205980,1
205982,5
205984,3
205986,6
205988,5
205990,4
205992,29
205994,8
205998,5
206000,1
206004,9
206006,1
206008,11
206010,4
206012,6
206014,4
206016,7
206018,39
206020,2
206022,25
206024,19
206026,1
206028,8
206030,1
206036,20
206040,2
206042,4
206044,7
206046,1
206048,2
206050,9
206052,4
206054,5
206056,3
206058,2
206060,1
206062,2
206064,4
206066,2
206068,4
206071,20
206073,1
206075,2
206077,1
206083,1
206085,1
206087,1
206089,3
206091,2
206093,13
206095,2
206097,3
206099,2
206101,1
206103,14
206105,3
206107,52
206109,3
206111,1
206115,7
206117,24
206119,2
206121,2
206123,1
206125,2
206127,2
206129,6
206131,12
206133,20
206135,11
206137,6
206139,2
206141,2
206143,5
206145,1
206147,3
206150,39
206152,5
206156,3
206158,4
206160,5
206162,10
206164,3
206166,3
206168,1
206174,10
206176,7
206178,1
206180,2
206184,5
206188,7
206190,25
206192,1
206194,7
206196,3
206198,3
206200,54
206202,1
206204,3
206206,3
206208,205
206210,2
206212,9
206214,5
206216,4
206218,3
206220,1
206222,1
206224,1
206226,1
206228,3
206230,1
206232,6
206234,1
206236,1
206240,3
206242,1
206244,1
206246,1808
206250,2
206252,1
206254,2
206256,11
206258,12
206260,1
206262,28
206264,19
206268,38
206270,2
206272,155
206274,4
206276,2
206278,4
206280,7
206282,6
206285,1
206287,3
206289,3
206291,5
206293,135
206295,22
206297,8
206299,5
206301,1
206303,4
206305,20
206307,51
206309,8
206311,63
206313,1
206315,2
206317,2
206319,1
206321,19
206323,18
206325,11
206327,4
206329,65
206333,1
206337,1
206339,1
206341,1
206343,7
206345,18
206347,3
206349,2
206351,2
206353,2
206355,8
206357,5
206359,1
206361,2
206363,1
206365,3
206369,1
206371,1
206373,1
206377,1
206379,1
206381,3
206383,7
206385,9
206387,9
206389,1
206391,1
206393,96
206395,14
206397,5
206399,99
206401,1
206403,19
206405,2
206407,2
206409,1
206411,4
206413,4
206415,8
206417,2
206419,1389
206421,4
206423,4
206425,1
206427,1
206429,4
206431,12
206433,2
206435,11
206445,1
206447,7
206449,366
206451,335
206453,3
206455,2
206457,9
206459,2
206461,2
206463,5
206465,1
206467,2
206471,3
206477,4
206479,4
206481,3
206483,8
206485,6
206487,1
206489,3
206491,1
206497,19
206499,389
206501,5
206503,4
206505,1
206507,3
206509,21
206511,10
206513,14
206515,2
206517,19
206519,5
206521,5
206523,8
206525,4
206527,33
206529,2
206531,7
206533,5
206535,4
206537,2
206545,1
206547,1
206557,1
206561,1
206563,1
206565,3
206569,1
206585,1
206589,2
206607,1
206621,1
206625,1
206629,3
206633,23
206635,2
206639,7
206641,1
206643,9
206645,3
206647,3
206649,10
206651,2
206653,95
206656,2
206658,17
206662,1
206664,1
206666,4
206668,4
206670,35
206672,5
206674,2
206676,1
206678,8
206680,8
206686,26
206688,2
206694,2
206696,2
206698,34
206700,9
206702,81
206704,10
206706,12
206708,9
206710,11
206712,2
206714,295
206717,2
206719,1
206721,4
206723,2
206725,1
206727,18
206729,2
206731,8
206733,2
206735,4
206737,21
206739,5
206741,43
206743,6
206745,2
206747,2
206749,9
206751,1
206753,1
206755,22
206757,4
206759,5
206761,2
206763,2
206765,1
206769,1
206771,4
206773,1
206775,1
206777,1
206779,1
206781,1
206783,1
206785,1
206787,1
206789,5
206791,1
206793,2
206795,36
206797,6
206799,8
206801,1
206803,2
206805,340
206807,2
206809,3
206811,1
206813,6
206815,3
206817,1
206819,3
206821,4
206823,2
206825,4
206827,4
206829,2
206831,1
206833,1
206837,2
206839,3
206841,7
206843,2
206845,365
206847,4
206849,3
206851,2
206853,2
206855,2
206857,3470
206859,3
206861,5
206863,12
206865,1
206867,9
206869,5
206879,1
206881,4
206883,2
206885,7
206887,73
206889,6
206891,3
206893,60
206895,9
206897,1
206899,347
206901,4
206903,2
206905,4
206907,1
206909,3
206911,7
206913,2
206915,5
206917,2
206919,5
206921,3
206923,2
206925,1
206927,8
206929,3
206931,24
206933,1
206935,1
206937,41
206939,265
206941,37
206943,4
206945,2
206947,2
206949,12
206953,2
206955,8
206957,9
206959,1442
206961,2
206963,1
206967,3
206969,9
206971,1
206973,10
206975,4
206977,1
206979,1
206981,2
206983,2
206989,1
206991,1
206993,2
206995,1
206999,1
207001,1
207005,1
207009,2
207015,1
207021,8
207023,22
207025,5
207027,38
207029,6
207031,3
207033,8
207035,1
207037,1
207039,7
207041,1
207043,3
207045,3
207047,3
207049,3
207051,1
207053,2
207055,1
207057,3
207059,6
207061,2
207063,6
207065,10
207067,4
207069,4
207071,7
207075,35
207077,11
207079,2
207081,1
207087,4
207089,19
207091,2
207093,7
207095,15
207097,2
207099,1
207101,1
207103,1
207107,1
207109,1
207111,1
207113,1
207115,15
207117,176
207119,1
207121,22
207123,2
207125,4
207127,2
207129,1
207131,3
207133,4
207135,1
207139,10
207141,32
207143,1
207147,3
207149,2
207151,2
207153,5
207155,6
207157,1
207159,6
207161,1
207163,5
207165,9
207167,1
207169,4
207171,4
207173,6
207177,3
207181,1
207183,1
207185,1
207187,5
207189,216
207191,1
207193,1
207195,3
207197,2
207199,5
207201,2
207203,13
207205,1
207207,2
207209,2
207211,1
207213,62
207215,2
207217,2
207223,2
207225,1
207227,56
207229,133
207231,3
207233,1553
207235,2
207237,2
207239,5
207241,2
207243,23
207247,21
207249,33
207251,1
207253,2
207255,2
207257,6
207259,2
207261,3
207263,1
207265,1
207269,1
207271,1
207273,56
207275,2
207277,2
207279,1
207281,2
207283,1
207287,3
207289,2
207291,1
207293,2
207295,1
207297,76
207299,1
207301,55
207303,1
207305,1
207307,9
207309,312
207311,354
207313,10740
207317,1
207319,2
207321,2
207323,5
207325,1
207327,3
207329,1
207331,1
207333,1
207335,1
207337,2
207339,15
207341,3
207343,35
207345,1
207347,21
207349,27
207351,5
207353,1
207357,13
207359,16
207361,10
207363,2
207365,3
207367,134
207369,5
207371,4
207373,3
207375,1
207377,2
207381,1
207383,1
207387,6
207389,3
207391,1
207395,2
207397,1
207399,1
207401,4
207403,30
207405,1271
207407,4
207409,1
207411,6
207415,10
207417,18
207419,2
207421,4
207423,3
207425,1
207427,1
207429,1
207431,15
207433,5
207435,3
207437,2
207439,9
207441,3
207443,1
207445,2
207447,5
207451,1
207453,3
207455,1
207457,12
207459,4
207461,1
207463,3
207465,3
207467,1
207469,52
207471,1
207473,7
207475,5
207477,6
207479,2
207481,5
207483,1
207485,1
207487,8
207489,1
207491,1
207493,2
207495,1
207497,2
207499,1
207501,7
207503,3
207505,2
207507,11
207509,2
207511,1
207513,1
207514,8
207516,3
207518,2
207520,2
207522,3
207524,3
207526,1
207528,1
207530,2
207532,2
207534,4
207536,1
207538,2
207540,4
207542,2
207544,3
207546,5
207548,3
207550,1
207552,1
207554,1
207556,2
207558,1
207560,1
207562,3
207564,1
207566,1
207568,2
207570,1
207572,1
207574,1
207576,3
207578,2
207580,1
207582,1
207584,4
207586,4
207588,2
207590,1
207592,11
207594,2
207596,6
207598,5
207600,2
207602,2
207604,12
207606,6
207608,1
207610,14
207612,109
207614,5
207616,3
207618,4
207620,4
207622,5
207624,5
207626,4
207628,1
207630,4
207632,121
207634,7
207636,1
207638,123
207640,1
207642,32
207644,9
207646,9
207648,2
207650,3
207652,4
207654,2
207656,26
207658,2
207660,2
207662,2
207664,1
207666,2
207668,3
207670,62
207672,6
207674,1
207678,73
207680,1
207682,1
207684,2
207686,2
207688,16
207690,12
207692,4
207694,2
207696,1
207698,1
207700,1
207702,41
207706,2
207708,12
207710,4
207712,7
207714,1
207718,5
207720,2
207722,16
207726,1
207728,1
207730,1
207732,1
207734,3
207736,1
207738,4
207740,3
207742,4
207744,1
207746,1
207748,1
207750,1
207752,5
207754,1
207760,1
207762,1
207764,1
207766,1
207772,1
207774,1
207778,1
207782,4
207784,1
207786,1
207788,1
207792,1
207796,214
207800,2
207802,3
207804,3
207806,4
207808,4
207810,3
207812,2
207814,9
207816,1
207818,1
207822,2
207824,17
207826,3
207828,6
207830,977
207832,1
207834,27
207844,2
207848,12
207850,8
207852,17
207854,12
207856,36
207858,4
207860,7
207862,2
207866,1
207868,5
207870,1
207872,1
207874,33
207876,2
207878,4
207880,1
207882,4
207884,2
207888,91
207890,141
207892,15
207896,1
207898,1
207900,2
207902,2
207904,3
207906,5
207908,3
207910,2
207912,3
207914,6
207916,1
207918,6
207920,2
207922,1
207924,1
207926,1
207928,1
207930,28
207932,1
207936,2
207938,1
207940,1
207942,2
207944,6
207946,5
207948,1
207950,1
207952,1
207954,1
207960,3
207964,1
207966,1
207968,1
207974,1
207976,2
207978,1
207982,7
207984,15
207986,6
207990,8
207994,4
207996,2
207998,3
208000,9
208002,27
208006,40
208008,5
208012,6
208014,2
208016,2
208018,4
208020,20
208024,1
208026,3
208028,4
208030,1
208032,1
208034,5
208036,4
208038,21
208040,145
208042,31
208044,1
208046,5
208056,1
208058,2
208062,6
208064,4
208066,3
208068,9
208070,2
208074,1
208076,3
208078,8
208080,1
208082,12
208084,3
208086,2
208088,1
208090,2
208092,2
208094,2
208096,172
208098,1
208100,3
208102,3
208104,17
208106,1
208108,948
208110,123
208112,18
208114,8
208116,9
208118,2
208120,16
208122,5
208124,3
208128,1
208132,1
208136,2
208138,1
208146,1
208148,1
208150,7
208152,8
208154,2
208156,2
208158,8
208160,3
208162,2
208164,1
208166,4
208168,1
208170,6
208172,1
208174,8
208176,2
208178,6
208181,5
208183,1
208185,2
208187,1
208189,1
208191,1
208193,6
208195,2
208199,3
208201,2
208203,25
208205,3062
208207,305
208209,1
208211,1
208213,3
208215,1
208217,1
208219,1
208221,1
208223,4
208225,1
208227,1
208229,1
208231,3
208233,1
208235,3
208237,5
208239,3
208241,21
208243,1
208245,1
208247,22
208249,8
208251,24
208253,7
208255,15
208257,1
208259,14
208263,3
208265,2
208267,2
208269,1
208271,2
208273,3
208275,1
208277,3
208279,2
208281,17
208285,3
208289,671
208291,1
208293,20
208295,50
208297,2
208301,3
208303,1
208307,2
208309,1
208311,1
208315,2
208319,4
208321,6
208323,12
208325,2
208327,3
208329,10
208333,2
208335,3
208337,1
208341,13
208343,1
208345,1
208349,1
208351,1
208353,1
208355,1
208357,2
208359,1
208363,2
208375,1
208377,16
208381,2
208383,49
208385,45
208387,1
208389,5
208391,1
208395,2
208397,1
208411,1
208413,10
208415,5
208417,1
208419,1
208421,1
208423,4
208425,5
208427,4
208429,197
208431,1
208433,24
208435,28
208437,14
208441,2
208443,14
208445,12
208447,4
208449,1
208451,1
208455,10
208457,3
208459,8
208461,2
208463,1
208465,15
208467,1
208469,644
208471,1
208473,28
208475,2
208477,15
208479,2
208485,3
208487,2
208489,1
208491,1
208493,2
208495,25
208497,2
208499,3
208501,1
208503,3
208505,2
208507,15
208513,4
208515,1
208517,57
208519,1
208527,1
208529,1
208531,58
208533,21
208535,21
208537,11
208539,7
208545,2
208547,6
208551,1
208553,2
208555,3
208559,1
208563,4
208565,1
208567,2
208569,2
208571,1
208573,1
208575,7
208577,5
208579,1
208581,1
208587,1
208589,4
208591,21
208593,1
208597,1
208599,2
208603,1
208605,2
208607,3
208609,4
208611,3
208613,1
208615,1
208617,1
208619,16
208621,637
208623,1
208627,10
208629,1
208631,1
208637,1
208639,5
208641,2
208643,6
208645,12
208647,12
208649,3
208651,5
208655,59
208657,9
208659,2
208661,1
208667,1
208675,1
208677,1
208679,2
208681,2
208683,10
208685,1
208689,4
208691,1
208693,11
208695,10
208697,2
208699,3
208701,4
208703,6884
208705,1
208707,3
208709,8
208711,30
208713,4
208715,132
208717,2
208719,1
208721,4
208723,1
208725,3
208727,3
208729,8
208731,8
208733,2
208735,2
208737,384
208739,1
208741,1
208743,2
208745,27
208747,243
208749,14
208751,5
208753,2
208757,1
208759,1
208761,1
208763,1
208765,8
208767,18
208769,2
208771,1
208773,342
208779,1
208781,1
208783,1
208785,1
208787,1
208789,1
208791,4
208793,22
208795,5
208797,1
208799,1
208800,91
208802,11
208804,4
208806,1
208807,201
208809,1
208811,1
208813,157
208815,3
208819,3
208821,4
208823,4
208825,6
208829,1
208835,1
208837,1
208839,1
208841,3
208843,9
208845,3
208847,4
208853,2
208855,8
208857,3
208859,2
208861,4
208863,3
208867,1
208869,1
208875,2
208877,1
208885,49
208887,41
208889,3
208891,1
208893,3
208895,1
208897,1
208899,2
208901,3
208903,2
208905,3
208907,3
208909,2
208911,1
208913,4
208915,9
208917,9
208919,4
208921,5
208923,8
208925,1
208927,1
208931,1
208933,3
208935,1
208937,2
208939,1788
208941,2
208943,4
208945,2
208947,1
208949,2
208951,23
208953,1
208955,4
208957,5
208959,1
208961,3
208963,1
208967,1
208969,2
208971,102
208973,1
208975,1
208979,7
208983,1
208985,3
208987,23
208989,8
208991,3
209001,1
209003,4
209005,1
209007,2
209021,1
209035,2
209037,1
209041,1
209043,1
209045,3
209047,6
209049,15
209051,5
209055,1
209057,3
209061,7
209063,1
209065,4
209067,2
209073,2
209075,2
209079,5
209081,1
209085,6
209089,5
209091,2
209095,3
209097,43
209099,29
209101,3
209103,2
209107,3
209115,3
209119,3
209121,1
209123,2
209125,2
209129,1
209131,1
209133,3
209135,14
209137,1
209139,2
209141,1
209143,2
209145,3
209147,2
209149,5
209151,1
209153,3
209155,2
209157,12
209159,6
209163,7
209169,1
209171,1
209173,891
209179,3
209185,3
209187,1
209189,1
209191,5
209193,3
209195,2
209197,3
209199,4
209201,1
209207,7
209209,14
209211,1
209213,126
209217,1
209219,1
209223,3
209225,2
209227,3
209229,12
209231,2
209233,2
209235,4
209237,1
209239,2
209241,1
209243,1
209245,1
209247,1
209249,5
209251,2
209253,1
209255,7
209257,8
209259,2
209261,13
209263,12
209265,1
209271,1
209279,2
209281,1
209283,3
209285,1
209287,3
209291,3
209293,11
209297,4
209301,1
209303,2
209307,2
209309,1
209311,180
209313,15
209315,2648
209319,6
209321,133
209325,2
209329,2
209333,53
209337,2
209343,1
209345,1
209347,4
209349,1
209351,2
209357,4
209359,4
209361,1
209363,3
209365,1
209369,1
209373,2
209375,1
209377,2
209379,3
209381,2
209383,4
209387,4
209391,4
209395,3
209399,1
209401,1
209403,2
209405,2
209407,1
209409,5
209411,3
209415,3
209419,1
209421,1
209423,47
209425,4
209427,4
209431,1
209433,96
209435,1
209437,30
209439,3
209441,1
209443,1
209447,1
209449,13
209451,6
209453,19
209455,5
209457,1
209459,32
209461,2
209463,3
209465,3
209469,5
209471,14
209473,2
209477,40
209479,11
209481,1
209485,3
209487,6
209489,1
209491,1
209493,2
209495,6
209497,479
209505,2
209507,2
209513,2
209519,1
209521,3
209523,1
209525,44
209527,1
209531,1
209533,1
209535,2
209537,6
209539,1
209541,2
209543,3
209545,2
209547,1
209549,5
209551,5
209553,1
209555,4
209557,2
209559,4
209561,3
209563,6
209567,1
209573,2
209575,4
209577,3
209579,5
209581,10
209583,9
209585,4
209587,3
209589,20
209591,2
209593,1
209595,51
209597,1
209599,9
209603,1
209613,1
209619,3
209623,1
209627,1
209631,1
209633,1
209635,1
209637,2
209639,1
209641,1
209643,1
209645,4
209647,5
209651,2
209653,2
209655,1
209657,3
209659,8
209661,1
209663,3
209665,4
209667,24
209669,2
209671,1
209677,1
209679,1
209681,2
209683,2
209687,2
209693,3
209695,2
209701,1
209703,1
209705,1
209709,2
209715,3
209717,2
209721,1
209723,1
209725,10
209731,2
209733,2
209735,1
209737,1
209743,2
209751,8
209753,1
209755,8
209757,3
209759,3
209761,9
209763,2
209765,8
209767,2
209773,3
209775,4
209787,2
209791,1
209795,1
209799,1
209801,7
209803,1
209811,4
209815,5
209821,2
209823,12
209829,3
209833,1
209835,3
209837,5
209839,7
209845,1
209849,1
209851,1
209853,2
209857,6
209859,4
209861,7
209863,2
209867,2
209869,2
209871,9
209873,5
209877,1
209879,1
209881,3
209883,12
209885,2
209887,1
209889,2
209891,3
209893,3
209895,2
209901,1
209911,1
209913,30
209915,12
209917,708
209923,20
209925,2
209927,1
209929,11
209931,1
209933,2
209935,2
209937,1
209939,1
209941,1
209943,2
209945,5
209947,3
209949,40
209953,4
209959,1
209965,3624
209967,1
209969,8
209971,41
209973,2
209979,8
209981,4
209983,3
209985,2
209987,2
209989,3
209993,2
209995,1
209997,8
209999,44
210003,1
210005,4
210007,1
210009,2
210011,3
210013,11
210015,2
210017,2
210019,2
210021,2
210023,6
210025,5
210027,9
210029,9
210031,10
210033,7
210035,54
210037,1
210039,2
210041,12
210043,1
210045,3
210047,3
210049,2
210051,4
210053,1
210055,2
210057,6
210059,1
210061,7
210067,9
210069,3
210071,8
210073,23
210077,7
210079,2
210081,6
210083,1
210085,3
210087,5
210089,6
210091,1
210095,1
210097,2
210099,6
210101,2
210103,4
210105,19
210107,20
210111,12
210113,4
210115,26
210117,1
210121,5
210123,9
210125,1
210129,1
210133,20
210135,2
210137,2
210139,5
210143,6
210145,13
210147,1
210149,1
210151,4
210153,2
210155,4
210157,5
210159,36
210161,7
210163,6
210165,1
210167,3
210169,1
210171,6
210173,2
210175,309
210177,1
210179,3
210181,3
210183,10
210185,4
210187,1
210189,1
210191,1
210193,1
210195,1
210197,1
210199,3
210201,2
210203,8
210205,3
210211,2
210215,2
210219,1
210221,15
210223,1
210225,20
210227,34
210231,2
210233,2
210235,158
210237,7
210239,1
210253,1
210255,1
210257,1
210259,2
210261,6
210263,3
210265,6
210267,1
210269,6
210271,881
210273,16
210281,4
210283,1
210285,2
210287,1
210291,2
210293,1
210295,6
210297,2
210299,3
210305,2
210311,1
210323,5
210325,11
210327,9
210329,6
210331,55
210333,2
210337,5
210341,1
210343,1
210345,1
210347,1
210349,1
210351,1
210357,3
210361,1
210363,5
210365,3
210375,1
210377,2
210379,1
210381,3
210383,3
210385,3
210387,14
210389,2
210391,1
210399,1
210403,6
210409,2
210413,1
210415,3
210417,1
210419,2
210421,1
210423,4
210425,2
210427,2
210429,2
210433,1
210437,2
210439,1
210441,2
210443,1
210445,8
210447,2
210449,9
210451,1
210453,7
210455,183
210457,1
210459,3
210461,2
210463,1
210465,1
210469,57
210471,2
210477,3
210479,35
210481,1
210483,1
210485,12
210487,1
210489,1
210491,1
210493,2
210495,3
210501,4
210503,22
210505,10
210507,13
210511,2
210513,2
210515,7
210519,11
210521,16
210523,1
210527,1
210529,5
210531,1
210533,1
210535,21
210537,10
210539,262
210541,9
210543,10
210547,30
210549,1
210551,9
210553,6
210555,2
210557,3
210559,2
210561,2
210563,3
210565,14
210567,3
210569,1338
210571,253
210573,612
210575,43
210577,935
210579,5
210581,1
210583,3
210585,3
210587,1
210589,1
210591,2
210593,4
210595,3
210597,1
210599,4
210601,1
210603,1
210605,1
210607,1
210609,1
210611,4
210621,5
210623,2
210625,5
210629,2
210633,1
210635,1
210637,1
210639,11
210641,16
210643,1
210645,8
210647,2
210649,1
210651,13
210653,1
210655,2
210659,23
210661,3
210663,1
210665,3
210667,4
210669,1
210671,3
210673,1
210677,2
210679,2
210681,1
210683,22
210687,3
210689,2
210695,2
210705,5
210709,1
210711,1
210713,2
210715,3
210721,1
210725,1
210727,16
210729,1
210735,2
210737,2
210739,2
210741,2
210743,1
210745,1
210747,3
210749,2
210751,4
210757,2
210765,1
210767,8
210769,5
210771,1
210773,1
210775,4
210777,7
210779,23
210781,2
210783,2
210785,1
210787,2
210789,2
210791,2
210793,6
210795,1
210797,2
210799,3
210801,5
210803,8
210805,14
210807,2
210809,10
210811,7
210813,6
210815,5
210817,7
210819,6
210821,12
210823,23
210825,56
210827,2
210829,4
210835,1
210837,2
210839,3
210841,4
210843,5
210845,6
210847,400
210849,258
210851,569
210853,6
210855,76
210857,62
210859,421
210861,3526
210863,257
210865,638
210867,498
210869,192
210871,1
210873,27
210875,2
210877,47
210879,4
210881,1
210883,1
210885,2
210887,1
210889,2
210891,7
210893,1
210895,1
210897,121
210899,3
210901,3
210903,2
210905,3
210907,2
210909,25
210911,2
210913,3
210915,18
210917,11
210919,1
210923,4
210931,4
210933,19
210937,15
210939,48
210941,3
210943,1
210945,2
210947,1
210949,4
210951,4
210953,1
210955,1
210959,2
210961,10
210963,3
210967,3
210969,2
210971,5
210973,190
210975,1
210977,2
210979,1
210983,1
210985,2
210987,1
210989,2
210991,1
210993,5
210995,1
210997,1
210999,1
211001,5
211003,2
211005,2
211007,1
211009,10
211011,8
211013,5
211015,2
211017,5
211019,1
211021,16
211023,2
211025,1
211027,3
211029,1
211031,1
211037,3
211039,1
211043,1
211045,2
211047,3
211049,4
211051,3
211053,1
211057,4
211059,6
211061,1
211063,12
211067,2
211069,1
211071,1
211073,2
211075,4
211077,7
211079,1
211081,7
211083,5
211085,1
211091,5
211095,1
211101,1
211103,1
211105,3
211107,4
211109,4
211111,4
211119,1
211121,1
211123,1
211125,1
211127,2
211129,2
211131,1
211133,1
211135,1
211137,33
211139,3
211141,5
211143,1
211145,1
211147,1
211151,2
211155,5
211159,1
211161,4
211165,10
211167,1
211169,4
211171,1
211173,5
211175,4
211177,3
211179,4
211181,1
211183,21
211185,4
211187,2
211189,5
211191,3
211193,3
211195,4
211197,2
211199,1
211201,3
211203,8
211205,25
211207,3
211209,2
211211,1
211215,1
211217,5
211219,9
211221,11
211223,110
211225,55
211229,1
211233,2
211241,2
211243,59
211245,63
211249,10
211251,5
211255,1
211257,3
211265,1
211271,1
211273,1
211279,2
211281,1
211285,1
211299,2
211303,1
211305,1
211311,1
211315,1
211316,6
211318,1
211321,1
211327,1
211341,2
211351,2
211355,2
211363,1
211371,1
211375,2
211379,3
211381,6
211383,2
211385,26
211387,2
211391,75
211393,25
211395,14
211398,2
211400,3
211402,14
211404,6
211406,2
211408,1
211410,1
211414,42
211416,3
211418,1
211422,4
211426,2
211428,8
211430,13
211432,2
211434,1
211436,15
211442,4
211444,5
211446,3
211448,4
211450,1
211452,21
211454,1
211456,4
211458,2
211460,1
211462,4
211464,2
211466,1
211468,11
211470,8
211472,3
211474,2
211476,4
211478,1
211480,2
211482,1
211484,3
211486,1
211490,6
211492,3
211496,1
211498,15
211502,3
211504,2
211506,8
211508,1
211510,42
211512,3
211514,9
211518,6
211520,18
211524,4
211526,2
211528,2
211530,5
211532,4
211534,1
211536,1
211538,1
211540,21
211542,2
211544,10
211546,10
211548,2
211550,1
211554,8
211556,2
211558,1
211560,7
211562,11
211566,4
211568,1
211570,1
211574,2
211576,6
211578,1
211580,5
211582,3
211584,2
211586,4
211588,2
211590,2
211592,4
211594,15
211596,1
211598,6
211600,1
211602,2
211604,1
211606,7
211608,1
211610,1
211612,1
211614,1
211616,2
211618,2
211620,6
211622,1
211624,10
211626,2
211628,4
211634,2
211636,3
211638,1
211640,3
211642,1
211644,4
211646,12
211648,6
211650,4
211652,2
211654,1
211656,3
211658,7
211660,3
211662,3
211664,2
211666,2
211668,1
211670,4
211672,1
211674,1
211676,1
211678,1
211680,1
211682,2
211684,20
211686,2
211688,3
211690,2
211692,1
211694,2
211696,1
211698,8
211700,1
211702,2
211704,17
211706,4
211708,10
211710,12
211712,2
211714,2
211716,2
211718,3
211720,2
211722,2
211724,2
211726,191
211728,13
211730,1
211734,3
211736,2
211738,2
211740,5
211742,7
211744,12
211746,1
211748,1
211750,2
211752,2
211754,1
211756,2
211758,1
211760,1
211762,1
211764,2
211766,1
211770,2
211772,2
211774,1
211776,2
211778,1
211780,3
211782,1
211784,1
211786,1
211788,1
211792,2
211794,2
211796,2
211798,5
211800,1
211802,1
211804,1
211806,9
211808,3
211810,8
211812,6
211814,2
211816,2
211818,2
211820,1
211822,4
211824,2
211826,10
211828,2
211830,1
211832,2
211834,1
211836,3
211838,1
211840,3
211842,6
211844,1
211846,2
211848,6
211850,1
211852,2
211854,1
211856,2
211858,5
211860,9
211862,5
211864,5
211866,3
211868,2
211870,2
211872,6
211874,31
211876,4
211878,2
211880,2
211882,9
211884,5
211886,3
211888,11
211890,3
211892,4
211894,4
211896,4
211898,2
211900,2
211902,1
211904,17
211906,16
211910,2
211912,2
211914,11
211916,1
211918,2
211920,1
211922,1
211924,2
211926,5
211928,2
211930,1
211932,11
211934,4
211936,1
211940,11
211942,3
211944,1
211946,6
211948,7
211950,2
211952,148
211954,7
211956,2
211958,14
211962,3
211964,4
211966,133
211968,13
211970,1
211972,1
211974,1
211982,18
211984,2
211986,2
211988,1
211990,3
211992,1
211994,2
211996,3
211998,2
212000,3
212002,1
212004,6
212008,2
212010,2
212012,129
212014,2
212016,85
212018,8
212020,1
212022,2
212024,70
212028,2
212030,3
212034,2
212036,4
212040,2
212042,5
212044,6
212046,46
212048,17
212050,2
212052,29
212054,1
212056,2
212058,7
212060,2
212062,1
212064,10
212066,70
212068,1
212070,8
212072,2
212074,519
212076,3
212078,2
212080,1
212086,5
212088,207
212090,1
212092,2
212094,7
212098,3
212100,1
212104,6
212106,1
212108,3
212114,4
212118,2
212120,2
212122,1
212124,1
212128,3
212130,2
212132,6
212134,11
212136,2
212142,8
212144,10
212146,2
212148,1
212150,1
212152,1
212154,1
212156,2
212158,4
212160,1
212162,5
212164,1
212166,3
212168,1
212170,2
212172,5
212174,3
212178,3
212180,67
212182,1
212184,1
212190,11
212192,12
212194,4
212196,4
212198,21
212200,2
212202,7
212204,14
212207,1
212209,2
212211,2
212213,1
212215,2
212217,1
212219,4
212221,11
212223,21
212225,54
212227,27
212229,13
212231,1
212233,4
212235,4
212237,5
212239,4
212241,5
212243,1
212245,4
212247,2
212249,3
212251,2
212253,1
212255,2
212257,6
212261,1
212263,1
212265,2
212269,1
212271,38
212273,1
212277,2
212279,3
212281,683
212283,10
212285,14
212287,18
212289,4
212291,9
212293,6
212295,5
212297,4
212299,2
212301,1
212303,206
212305,9
212307,13
212309,30
212311,5
212313,5
212315,3
212317,3
212319,2
212321,4
212323,3
212325,4
212327,4
212329,1
212331,1
212333,1
212335,1
212337,4
212339,1
212341,3
212343,2
212345,3
212347,4
212349,3
212351,1
212353,1
212357,4
212359,17
212361,1234
212363,37
212365,12
212367,7
212371,375
212373,1211
212375,1
212377,3
212379,2
212381,1
212383,15
212385,13
212387,50
212389,31
212391,1
212393,1
212395,39
212397,3
212399,3
212401,4
212403,3
212405,3
212407,5
212409,4
212411,1
212413,1
212415,19
212417,5
212419,1
212421,1
212423,1
212425,1
212427,2
212429,1
212431,3
212433,8
212435,1
212437,14
212441,1
212445,3
212447,4
212449,9
212451,1
212453,3
212455,1
212459,6
212461,1886
212465,2
212467,1
212469,8
212471,2
212473,4
212475,11
212477,8
212481,3
212483,4
212487,5
212489,4
212491,7
212493,1
212497,3
212503,2
212509,2
212511,4
212515,5
212519,6
212521,6
212525,1
212527,1
212531,1
212533,2
212539,2
212543,3
212545,1
212549,1
212551,1
212555,1
212557,4
212559,2
212561,2
212563,33
212565,8
212567,2
212569,3
212571,3
212573,71
212575,4
212577,1
212581,3
212583,39
212585,15
212587,346
212591,6
212593,3
212595,4
212597,7
212599,1
212601,3
212603,2
212605,12
212607,7
212609,1
212613,1
212615,14
212623,8
212625,3
212627,3
212629,1
212631,1
212633,2
212635,3
212637,2
212641,1
212649,2
212651,1
212655,1
212663,1
212665,1
212669,1
212679,1
212683,2
212685,1
212689,1
212691,4
212693,2
212697,4
212699,2
212701,2
212703,1
212705,1
212707,1
212709,1
212711,1
212713,1
212715,1
212717,2
212719,1
212721,1
212723,2
212725,2
212727,3
212729,3
212731,1
212733,4
212735,1
212737,1
212739,1
212741,1
212743,2
212745,2
212747,2
212749,1
212751,3
212753,1
212755,2
212757,1
212759,1
212761,1
212763,1
212765,2
212767,1
212769,3
212771,9
212773,1
212775,2
212777,1
212779,1
212781,1
212783,1
212785,2
212787,1
212789,1
212793,7
212795,2
212797,3
212799,1
212801,1
212803,4
212805,2
212807,1
212809,5
212811,1
212821,2
212823,1
212825,2
212827,1
212829,1
212831,1
212833,127
212835,1
212837,2
212839,10
212841,2
212843,1
212845,14
212847,41
212849,6
212851,67
212853,50
212855,21
212857,12
212859,5
212861,4
212863,62
212865,1
212867,6
212869,242
212871,4
212873,3
212875,1
212877,2
212881,1
212883,191
212885,2
212887,1
212889,1
212891,7
212893,5
212895,1
212897,4
212899,2
212901,4
212903,4
212905,1
212907,12
212909,3
212911,1
212913,10
212915,4
212917,6
212919,4
212921,1
212923,7
212925,4
212927,3
212929,11
212931,3
212933,1
212935,2
212937,4
212939,8
212941,2
212943,2
212945,19
212947,3
212949,1
212955,1
212957,2
212959,1
212961,1
212963,6
212965,2
212967,24
212969,6
212971,26
212975,2
212977,1
212979,8
212983,2
212985,1
212987,1
212989,7
212991,5
212993,1
212995,2
212997,3
213001,2
213003,2
213005,2
213007,10
213009,1
213011,2
213017,8
213019,1
213023,3
213025,2
213027,3
213029,5
213031,3
213033,2
213037,3
213039,2
213041,6
213043,2
213045,3
213047,1
213049,2
213051,10
213053,3
213055,1
213057,4
213059,1
213061,1
213065,1
213069,4
213071,1
213073,1
213075,4
213077,3
213079,3
213081,1
213083,2
213085,1
213087,21
213089,3
213091,5
213093,2
213095,1
213097,2
213099,1
213103,47
213105,1
213107,3
213109,4
213111,19
213113,5
213115,1
213117,7
213119,14
213121,3
213123,17
213125,5
213127,43
213129,76
213131,1
213133,3
213135,11
213137,9
213139,10
213141,1
213143,7
213145,3
213147,5
213151,3
213153,3
213155,5
213157,12
213159,2
213167,3
213171,6
213175,1
213177,1
213181,5
213183,2
213189,1
213193,2
213195,1
213197,1
213199,1
213201,1
213203,2
213205,3
213207,1732
213211,2
213213,48
213215,5
213219,7
213221,2
213223,1
213227,7
213229,1
213231,5
213233,1
213235,1
213237,1
213239,2
213241,3
213243,4
213245,7
213247,10
213249,5
213251,1
213253,6
213255,2
213257,1
213263,3
213265,7
213267,1
213269,1
213277,5
213279,2
213281,3
213283,8
213285,4
213289,3
213291,2
213293,1
213295,5
213297,1
213299,1
213301,1
213303,1
213307,5
213313,2
213315,3
213317,2
213319,152
213323,2
213325,2
213327,6
213331,2
213333,1
213335,1
213337,21
213341,2
213343,35
213345,3
213347,1229
213349,4
213353,48
213355,141
213357,1
213359,1
213361,5
213363,26
213365,1
213367,36
213369,96
213371,2
213373,2
213375,1
213377,1
213379,2
213381,3
213383,4
213385,1
213389,2
213393,2
213395,1
213397,1383
213399,6
213401,3
213403,1
213405,6
213415,1
213423,35
213425,1
213427,1
213429,1
213431,15
213433,1
213435,3
213437,1
213439,4
213443,2
213445,1
213449,7
213453,1
213461,11
213463,2
213465,2
213467,11
213469,9
213471,1
213473,1
213475,9
213477,1
213479,7
213481,6
213483,2
213485,8
213487,4
213489,13
213491,22
213493,7
213495,4
213497,4
213499,2
213501,2
213503,17
213505,3
213507,2
213509,3
213511,14
213513,4
213515,4
213517,1
213519,3
213521,1
213523,3
213525,3
213527,3
213529,2
213531,8
213533,28
213535,1
213537,3
213541,67
213543,1
213545,3
213549,2
213551,25
213553,3
213555,1
213557,20
213559,9
213563,2
213565,227
213567,1
213569,6
213571,2
213573,3
213575,1
213577,1
213583,4
213585,242
213590,4
213592,1
213596,6
213598,3
213600,1
213602,56
213604,284
213606,3
213608,3
213610,2
213614,28
213616,4
213618,2
213620,7
213622,3
213624,2
213630,1
213632,1
213634,7
213636,21
213638,6
213640,4
213642,1
213644,1
213646,1
213652,2
213654,2
213656,1
213658,1
213660,2
213662,4
213664,2
213666,75
213668,79
213680,3
213682,3
213694,3
213698,1
213702,10
213708,3
213710,3
213712,2
213714,2
213720,1
213722,2
213724,1
213726,2
213728,2
213730,1
213732,3
213734,1
213736,2
213738,2
213740,2
213742,1
213744,1
213746,5
213748,1
213750,1
213752,1
213754,2
213756,1
213758,1
213760,3
213762,1
213764,7
213766,1
213768,1
213770,1
213772,1
213774,2
213776,1
213778,2
213780,1
213782,1
213784,3
213786,2
213788,2
213790,1
213792,5
213794,2
213796,1
213798,1
213800,3
213802,2
213804,3
213806,6
213808,2
213810,3
213822,1
213828,1
213830,1
213836,3
213842,1
213844,9
213846,1
213848,1
213850,5
213854,6
213856,1
213858,1
213860,1
213862,1
213864,3
213866,2
213868,2
213870,2
213878,1
213880,1
213886,2
213888,3
213890,1
213892,664
213894,3
213896,8
213898,207
213900,141
213902,3
213904,8
213906,4
213908,1
213910,21
213912,2
213914,794
213916,2
213918,1
213920,3
213928,1
213932,2
213934,27
213936,5
213938,3
213940,1
213942,1
213944,1
213946,4
213948,3
213950,7
213952,2
213954,3
213956,2
213958,3
213960,1
213962,5
213964,1
213966,4
213968,9
213970,1
213972,1
213974,4
213976,72
213978,1
213980,16
213982,6
213984,5
213986,3
213988,27
213990,36
213992,54
213994,10
213996,4
213998,1
214000,1
214002,4
214004,1
214006,2
214008,1
214010,1
214012,1
214014,9
214016,1
214018,2
214020,8
214022,2
214024,2
214026,4
214028,18
214030,13
214032,11
214034,17
214036,6
214038,4
214040,2
214042,9
214044,2
214046,6
214048,2
214050,58
214052,1
214054,2
214056,9
214058,2
214060,2
214062,8
214064,10
214068,19
214070,34
214072,2
214074,4
214076,1
214078,1
214080,1
214082,2
214084,1
214086,1
214088,1
214090,2
214092,2
214094,1
214096,5
214100,1
214102,1
214104,2
214106,4
214108,2
214110,5
214116,1
214124,1
214128,9
214134,2
214136,2
214138,36
214140,3
214142,1
214144,3
214146,1
214148,5
214150,5
214152,2
214154,2
214158,3
214162,1
214164,7
214166,2
214172,13
214174,1
214180,1
214182,1
214184,1
214186,8
214190,6
214194,3
214200,3
214202,4
214204,1
214206,5
214208,3
214210,2
214212,3
214214,2
214216,26
214218,1
214220,1
214222,1
214224,1
214226,3
214228,14
214230,2
214234,1
214236,1
214240,67
214242,122
214244,2
214246,1
214252,2
214258,2
214260,4
214262,18
214264,1
214266,3
214268,1
214270,3
214272,2
214274,1
214276,4
214278,4
214280,2
214282,3
214284,1
214286,2
214292,24
214294,4
214296,3
214298,4
214300,1
214302,2
214306,3
214312,1
214314,2
214316,1
214318,1
214320,100
214328,1
214330,2
214332,1
214336,9
214338,2
214340,2
214342,1
214344,1
214346,2
214348,1
214350,2
214352,1
214354,2
214356,1
214358,2
214360,4
214362,2
214364,5
214366,5
214368,6
214370,2
214372,2
214374,1
214376,4
214378,4
214380,7
214382,5
214384,2
214390,2
214392,1
214396,5
214398,76
214400,1
214402,3
214404,3
214406,6
214408,2
214410,1
214414,4
214416,4
214418,2
214420,4
214422,4
214424,3
214426,1
214428,1
214430,1
214432,1
214434,12
214436,4
214438,1
214440,4
214442,4
214446,2
214448,1
214450,2
214452,2
214454,11
214456,2
214458,7
214460,8
214462,15
214464,2
214466,1
214468,4
214470,1
214472,7
214474,4
214476,2
214478,2
214480,2
214482,1
214484,2
214486,7
214488,1
214490,2
214492,2
214494,28
214496,1
214498,2
214500,2
214506,1
214508,1
214510,4
214512,8
214514,1
214516,2
214518,3
214522,1
214524,3
214526,1
214528,2
214530,3
214534,1
214540,3
214542,17
214544,2
214546,4
214548,3
214550,14
214552,3
214554,3
214556,4
214558,2
214560,10
214562,1
214564,10
214566,3
214568,9
214570,4
214572,8
214574,3
214576,3
214578,7
214580,1
214582,1
214586,4
214588,4
214590,4
214596,2
214598,1
214604,4
214606,2
214608,5
214612,76
214614,1
214616,2
214618,1
214620,2
214622,6
214626,16
214630,2
214632,4
214634,1
214636,15
214640,9
214644,41
214654,5
214656,3
214658,9
214660,2
214662,5
214664,1
214666,2
214668,9
214672,1
214674,4
214676,1
214678,2
214684,3
214686,2
214688,1
214692,2
214694,4
214696,2
214698,50
214700,6
214702,1
214704,5
214706,5
214708,5
214710,6
214712,7
214714,4
214716,5
214718,4
214720,5
214722,72
214724,1
214726,4
214728,1
214730,1
214732,1
214736,34
214738,8
214740,3
214742,17
214744,4
214746,1
214750,1
214752,2
214754,2
214756,2
214760,1
214764,7
214766,8
214770,8
214772,114
214774,22
214776,952
214780,3
214782,2
214784,7
214786,1
214790,1
214792,3
214794,10
214796,4
214798,3
214800,5
214802,3
214804,1
214806,29
214808,8
214810,9
214812,18
214814,1
214816,1
214818,1
214820,3
214822,2
214824,4
214830,1
214832,2
214836,2
214838,1
214840,2
214844,1
214846,2
214850,2
214852,1
214854,42
214856,1
214858,17
214860,3
214862,1
214864,3
214866,4
214868,1
214870,7
214872,1
214874,1
214876,5
214878,1
214880,2
214882,1
214884,4
214886,1
214890,2
214892,22
214894,77
214898,9
214900,1
214902,3
214904,2
214906,1
214910,3
214920,5
214922,136
214924,1
214926,10
214928,1
214930,1
214932,3
214934,2
214936,2
214939,48
214941,6
214943,1
214945,2
214949,5
214951,16
214953,3
214955,64
214957,2
214959,5
214961,7
214963,6
214965,1
214969,1
214971,5
214973,1
214975,2
214977,2
214979,1
214981,6
214987,1
214989,2
214991,1
214993,1
214995,4
214997,1
214999,4
215001,4
215003,5
215005,2
215007,5
215009,12
215011,5
215015,2
215017,3
215019,5
215021,6
215023,3
215025,2
215027,2
215029,3
215031,3
215033,5
215035,5
215037,3
215039,4
215041,5
215043,9
215047,1
215049,2
215053,7
215055,14
215057,6
215059,1
215061,19
215063,1
215065,3
215067,1
215069,6
215071,7
215073,3
215075,6
215077,2
215079,5
215081,2
215083,3
215085,2
215087,4
215089,43
215091,3
215095,3
215097,1
215099,2
215101,1
215103,1
215105,34
215107,2
215109,8
215113,2
215115,2
215117,45
215119,4
215121,1
215125,7
215127,1
215129,9
215133,2
215135,1
215137,5
215139,1
215147,10
215149,2
215151,6
215153,3
215155,4
215157,4
215159,9
215161,1
215163,23
215165,4
215167,1
215169,10
215171,6
215173,35
215175,1
215179,1
215181,2
215183,5
215185,1
215187,3
215189,2
215191,1
215195,1
215197,1
215199,1
215201,1
215203,36
215205,1
215207,1
215211,3
215213,1
215215,3
215217,7
215219,9
215221,5
215223,6
215225,14
215229,143
215231,8
215233,1
215237,1
215239,1
215241,42
215243,8
215247,1
215249,10
215251,5
215253,21
215255,2
215257,1
215259,4
215261,1
215263,3
215265,4
215267,1
215269,3
215273,1
215275,2
215277,1
215279,1
215281,1
215283,3
215285,2
215287,2
215289,1
215291,6
215293,1
215297,4
215299,3
215301,2
215303,1
215305,2
215307,3
215309,4
215311,9
215315,1
215317,20
215319,1
215321,4
215323,4
215325,6
215327,5
215329,5
215331,4
215333,3
215335,129
215337,1
215341,1
215343,6
215345,5
215347,3
215349,4
215351,1
215353,965
215355,6
215359,1
215361,5
215363,1
215365,2
215369,1
215377,10
215379,4
215381,3
215383,3
215385,1
215387,1
215389,1
215393,1
215395,2
215397,3
215399,3
215401,3
215403,2
215405,2
215407,2
215409,1
215413,11
215415,1
215417,4
215421,5
215423,2
215425,1
215427,3
215429,2
215433,2
215435,1
215439,1
215441,1
215443,1
215445,6
215447,2
215451,3
215453,1
215455,1
215459,4
215461,1
215463,3
215469,1
215471,1
215473,2
215475,2
215477,4
215479,9
215481,1
215483,5
215485,3
215487,4
215489,16
215491,1
215493,2
215495,3
215497,4
215499,73
215501,1
215505,1
215507,2
215511,1
215513,1
215515,1
215519,3
215521,2
215523,18
215525,228
215527,354
215529,45
215531,1
215533,6
215535,11
215537,2
215541,4
215543,2
215545,3
215547,4
215549,1
215551,5
215553,48
215555,20
215557,6
215559,22
215563,10
215565,11
215567,24
215569,8
215571,4
215573,4
215575,8
215577,17
215579,3
215581,1
215583,11
215585,1
215587,7
215589,1
215591,4
215593,3
215595,1
215597,18
215599,1
215601,1
215603,2
215605,1
215607,2
215609,1
215611,12
215613,3
215615,11
215619,3
215621,6
215623,110
215625,1
215629,5
215631,1
215635,5
215637,4
215641,2
215643,4
215645,9
215653,8
215655,6
215657,1
215659,1
215661,3
215663,1
215667,10
215669,1
215671,1
215673,8
215675,1
215683,134
215685,221
215687,13
215689,2
215693,3
215695,1
215697,2
215705,1
215707,53
215709,1
215711,217
215713,13
215715,3
215717,3
215719,1
215725,2
215727,3
215729,3
215731,2
215733,2
215735,1
215741,2
215743,1
215745,1
215749,2
215751,4
215753,4
215755,4
215757,2
215759,3
215761,2
215763,107
215765,1
215767,2
215769,2
215771,3
215775,1
215777,1
215781,1
215789,1
215793,5
215795,1
215799,1
215801,1
215803,3
215805,7
215807,3
215809,3
215811,1
215813,1
215815,1
215817,3
215819,1
215821,1
215823,1
215825,2
215827,1
215829,7
215831,1
215835,1
215837,2
215839,1
215841,6
215843,2
215847,3
215849,1
215851,1
215855,3
215857,1
215859,3
215861,1
215863,14
215865,15
215867,2
215869,2
215871,1
215873,1
215875,1
215877,2
215879,1
215881,10
215883,1
215885,1
215887,2
215889,1
215891,5
215893,5
215895,4
215897,1
215899,1
215901,4
215903,2
215905,3
215907,1
215909,1
215911,63
215913,7
215915,2
215917,1
215919,2
215921,1
215925,3
215927,1
215929,5
215931,7
215937,3
215939,1
215941,6
215943,2
215945,1
215947,30
215949,7
215951,82
215955,2
215961,5
215965,2
215967,2
215969,3
215971,1
215973,2
215975,1
215977,1
215979,3
215981,1
215985,1
215991,11
215993,3
215997,1
215999,1
216001,2
216003,1
216005,2
216007,48
216009,1
216011,1
216013,2
216015,1
216017,1
216019,1
216021,19
216025,6
216027,2
216029,1
216031,1
216035,2
216039,1
216041,1
216043,1
216045,1
216047,1
216049,2
216053,1
216055,3
216057,1
216061,3
216063,2
216065,3
216067,1
216069,3
216071,6
216073,1
216077,3
216079,4
216081,2
216083,1
216085,5
216087,6
216089,3
216091,1
216093,11
216095,3
216097,2
216099,3
216101,1
216103,2
216105,1
216107,39
216109,2
216111,10
216113,1
216119,22
216121,2
216123,1
216125,6
216127,8
216129,1
216131,3
216133,25
216139,1
216143,5
216145,2
216147,3
216149,2
216151,3
216153,5
216159,1
216161,2
216163,6
216165,3
216167,131
216171,4
216173,3
216175,1
216177,4
216179,11
216181,6
216187,2
216191,2
216197,3
216199,9
216201,7
216203,3
216205,8
216207,3
216209,2
216211,2
216215,8
216217,12
216223,3
216225,1
216227,1
216229,1
216231,1
216233,1
216235,4
216239,6
216241,1
216245,2
216247,5
216253,3
216255,2
216257,3
216259,1
216261,2
216263,5
216265,1
216267,6
216269,2
216273,4
216275,3
216277,3
216279,16
216281,12
216283,5
216285,2
216287,2
216289,1
216292,3
216294,1
216296,12
216298,1
216302,32
216304,1
216306,19
216308,2
216310,7
216312,2
216314,2
216318,1
216320,1
216322,2
216324,1
216326,29
216328,4
216330,2
216332,2
216334,3
216336,4
216338,61
216340,3
216342,3
216344,1
216346,2
216348,2
216350,1
216352,1
216354,8
216356,3
216358,1
216362,1
216364,1
216366,48
216368,1
216370,5
216372,1
216376,1
216378,2
216382,6
216384,3
216386,1
216388,19
216390,1
216392,5
216394,2
216396,1
216398,3
216400,1
216402,714
216404,1
216408,33
216410,1
216412,2
216414,1
216416,1
216418,2
216420,1
216422,1
216424,2
216426,27
216428,2
216430,1
216432,1
216434,1
216436,2
216438,1
216440,2
216442,7
216444,1
216446,3
216448,3
216450,6
216452,1
216454,1
216455,1
216459,1
216461,2
216465,1
216467,1
216471,1
216473,7
216475,1
216477,2
216479,7
216481,1
216483,1
216485,2
216487,2
216491,2
216493,2
216495,6
216497,4
216499,2
216501,1
216503,11
216505,6
216507,2
216509,10
216511,7
216513,4
216515,16
216517,1
216523,1
216525,25
216527,1
216531,2
216533,15
216535,1
216537,5
216543,1
216545,3
216547,2
216549,1
216557,4
216563,1
216567,1
216571,2
216573,1
216579,6
216581,1
216583,1
216585,1
216587,11
216589,1
216591,2
216593,3
216595,2
216597,1
216599,6
216601,2
216603,2
216607,2
216609,3
216611,6
216613,3
216615,3
216617,3
216619,2
216621,2
216623,3
216625,2
216627,3
216629,1
216631,6
216633,2
216635,2
216637,4
216639,1
216641,2
216643,1
216645,2
216647,1
216649,1
216651,1
216653,2
216655,2
216657,1
216659,2
216661,2
216663,5
216665,2
216667,1
216669,5
216671,99
216673,4
216675,5
216677,1
216679,1
216681,8
216683,1
216685,3
216687,2
216689,2
216691,2
216693,1
216695,4
216697,3
216699,1
216701,7
216703,1
216705,1
216707,3
216709,3
216711,5
216713,3
216715,1
216717,1
216719,1
216721,3
216723,1
216725,1
216727,1
216729,1
216731,4
216733,2
216735,12
216737,4
216739,1
216743,1
216745,298
216747,6
216749,3
216751,1
216753,2
216755,4
216759,1
216761,2
216763,1
216767,1
216769,9
216771,9
216773,2
216775,2
216777,2
216779,1
216781,4
216785,2
216787,1
216789,1
216791,13
216793,6
216795,4
216797,6
216799,2
216801,5
216803,9
216805,7
216807,1
216809,3
216811,6
216813,1
216815,1
216817,206
216819,12
216821,24
216823,2
216825,1
216827,4
216829,1
216831,5
216841,8
216843,3
216845,18
216849,1
216851,3
216853,1
216855,9
216859,89
216861,1
216863,10
216865,2
216867,2
216869,1
216871,3
216873,1
216877,5
216879,4
216881,78
216883,12
216885,1
216887,1
216889,10
216897,1
216899,1
216901,1
216903,1
216905,1
216911,1
216921,1
216931,4
216933,2
216935,4
216937,384
216939,6
216941,3
216943,4
216945,12
216953,3
216955,1
216957,2
216959,2
216961,1
216963,465
216965,2
216967,2
216969,2
216971,1
216973,1
216975,4
216977,1
216979,1
216981,1
216983,4
216985,2
216987,1
216989,2
216991,1
216993,2
216995,3
216997,1
216999,6
217001,6
217007,1
217009,2
217011,1
217013,3
217015,2
217019,2
217021,4
217023,6
217025,14
217027,3
217029,1
217031,1
217033,1
217035,5
217037,1
217039,3
217041,3
217043,1
217045,3
217047,4
217049,5
217051,1
217053,3
217055,1
217057,5
217059,1
217061,4
217063,3
217065,1
217067,1
217069,2
217071,11
217073,9
217075,5
217077,1
217079,46
217081,2
217083,5
217085,7
217087,2
217089,2
217091,3
217093,1
217095,1
217097,5
217099,11
217103,1
217105,1
217113,17
217115,20
217117,4
217119,31
217121,3
217123,4
217125,3
217127,4
217129,2
217131,1
217133,2
217135,1
217137,4
217138,12
217140,1
217142,2
217144,20
217146,283
217148,1
217150,1
217154,1
217156,1
217158,3
217160,3
217162,4
217164,2
217166,1
217170,3
217172,2
217174,5
217176,3
217178,5
217180,2
217186,28
217190,1
217192,5
217194,2
217196,1
217200,1
217202,3
217206,3
217210,25
217216,1
217218,3
217220,4
217222,2
217224,6
217226,2
217228,1
217230,1
217234,7
217236,1
217238,4
217242,1
217244,1
217246,1
217248,1
217250,9
217252,1
217264,1
217266,1
217268,2
217270,1
217278,21
217282,2
217284,4
217290,1
217292,1
217294,3
217298,1
217302,1
217306,1
217310,2
217312,6
217314,2
217316,4
217318,9
217320,1
217322,1
217324,16
217326,1
217328,1
217330,1
217332,4
217334,3
217336,1
217338,3
217346,2
217352,1
217354,1
217356,4
217358,1
217360,2
217366,3
217368,2
217370,7
217372,4
217374,2
217380,1
217382,1
217384,7
217386,15
217389,1
217393,2
217395,1
217397,7
217399,10
217401,1
217403,3
217405,4
217407,7
217411,1
217413,1
217415,1
217417,1
217419,2
217423,20
217431,1
217439,3
217443,1
217445,1
217447,1
217449,2
217451,1
217453,1
217455,2
217457,3
217459,2
217461,6
217463,46
217465,4332
217469,88
217471,1
217475,2
217481,5
217483,1
217487,1
217495,1
217497,3
217499,1
217501,1
217503,2
217505,1
217507,1
217509,2
217511,33
217515,1
217517,1
217519,2
217521,1
217523,19
217525,1
217529,3
217531,1
217533,1
217535,5
217551,1
217553,1
217555,1
217557,4
217565,2
217567,8
217569,1
217571,1
217573,2
217575,1
217579,1
217583,4
217587,2
217593,1
217597,7
217599,6
217607,1
217613,3
217615,1
217617,2
217619,2
217621,2
217623,1
217625,8
217627,1
217629,108
217631,1
217633,2
217635,1
217637,11
217639,1
217641,1
217643,12
217645,1
217647,8
217649,5
217651,4
217653,1
217655,1908
217661,2
217663,2
217665,1
217671,5
217673,1
217675,2
217677,1
217679,1
217681,3
217683,1
217685,1
217689,5
217703,3
217709,2
217711,32
217713,1
217715,7
217717,11
217719,8
217721,16
217723,2
217725,1
217727,1
217729,1
217731,1
217733,1
217735,2
217737,1
217739,12
217747,2
217749,1
217753,1
217757,1
217759,1
217763,2
217765,5
217771,5
217773,1
217775,1
217777,1
217779,2
217785,3
217787,1
217791,1
217793,1
217795,4
217803,1
217805,1
217807,3
217809,1
217811,1
217813,1
217815,3
217817,10
217821,2
217823,3
217825,13
217827,1
217831,4
217835,1
217839,1
217841,1
217845,2
217847,2
217851,2
217855,4
217859,3
217861,1
217865,5
217867,1
217871,5
217873,3
217875,2
217877,3
217879,1
217881,3
217883,1
217885,9
217887,1
217893,2
217897,10
217899,138
217901,21
217903,37
217905,110
217909,3
217911,2
217913,102
217915,10
217917,45
217921,2
217923,1
217925,1
217927,4
217929,50
217931,1
217933,1
217935,1
217937,1
217939,1
217941,2
217943,1
217945,1
217947,11
217949,1
217951,1
217953,3
217955,1
217957,3
217959,46
217961,3
217963,3
217965,1
217967,2
217971,17
217973,18
217975,5
217979,1
217987,4
217989,1
217991,2
217997,2
217999,3
218001,1
218003,1
218005,1
218007,3
218009,3
218011,2
218013,1
218021,2
218029,1
218035,1
218037,1
218039,6
218043,1
218047,2
218053,2
218055,7
218057,5
218059,1
218065,3
218067,8
218069,1
218071,13
218073,7
218075,9
218077,6
218079,5
218081,5
218083,6
218085,14
218087,1
218089,1
218091,185
218093,4
218095,1
218101,1
218103,1
218105,4
218107,1
218111,1
218115,4
218117,3
218119,1
218121,3
218123,1
218125,3
218127,1
218129,5
218131,3
218133,1
218135,4
218139,2
218141,5
218155,4
218157,1
218159,1
218161,1
218163,1
218165,1
218167,5
218173,2
218177,4
218181,1
218183,2
218185,2
218187,1
218189,1
218191,6
218193,3
218195,3
218197,1
218199,2
218201,1
218203,1
218205,1
218207,2
218209,7
218211,10
218213,3
218217,4
218219,9
218221,1
218223,20
218225,1
218227,2
218229,1
218231,2
218235,2
218237,3
218241,4
218243,4
218245,3
218247,2
218249,14
218255,4
218257,1
218261,1
218263,1
218265,1
218271,5
218273,1
218283,10
218285,24
218289,2
218293,1
218295,1
218297,2
218303,10
218305,2
218311,33
218313,2
218315,4
218317,1
218323,23
218325,2
218327,5
218331,2
218333,1
218335,5
218337,3
218339,13
218341,5
218345,1
218347,4
218349,1
218351,10
218353,1
218357,1
218361,1
218373,3
218375,1
218385,19
218393,2
218399,1
218401,4
218403,1
218405,5
218407,8
218409,2
218411,2
218415,1
218417,1
218421,1
218423,1
218431,1
218435,1
218437,2
218439,2
218443,1
218447,1
218451,1
218453,3
218457,1
218463,1
218465,2
218467,2
218469,13
218473,3
218475,3
218477,2
218479,13
218487,7
218489,1
218491,5
218493,2
218495,2
218497,2
218499,3
218501,3
218503,33
218505,6
218509,1
218511,1
218521,1
218523,1
218525,161
218529,22
218533,3
218535,3
218537,3024
218539,1
218541,2
218547,1
218549,3
218551,1
218553,1
218555,1
218557,1
218561,5
218563,1
218565,3
218567,1
218569,2
218573,2
218575,4
218577,9
218579,1
218581,1
218583,2
218585,6
218587,3
218589,8
218593,5
218595,2
218597,1
218599,1
218601,4
218603,2
218605,1
218609,1
218611,4
218613,5
218615,1
218617,2
218619,3
218621,1
218623,2
218627,1
218633,1
218637,1
218645,1
218647,1
218649,1
218651,2
218653,94
218655,1
218657,105
218659,3
218661,2
218663,2
218665,2
218667,1
218669,2
218671,2
218673,2
218675,17
218677,2
218679,62
218681,1
218683,1
218685,4
218687,1
218689,3
218691,3
218693,2
218695,6
218699,1
218701,35
218707,6
218711,3
218715,50
218721,1
218723,1
218725,1
218733,33
218739,3
218741,1
218743,48
218745,1
218747,2
218749,2
218751,1
218761,1
218763,1
218767,1
218771,3
218775,4
218777,1
218779,2
218781,8
218783,5
218785,1
218787,1
218789,5
218791,1
218793,2
218795,6
218797,2
218799,4
218801,4
218803,71
218811,4
218813,1
218817,1
218831,1
218833,5
218837,2
218839,3
218841,2
218843,2
218845,1
218847,1
218849,3
218851,2
218853,4
218855,2
218857,2
218859,1
218867,278
218869,1
218871,2
218873,1
218875,10
218877,5
218879,1
218881,2
218883,24
218885,3
218887,1
218889,1
218891,4
218893,1
218895,1
218897,13
218899,1
218905,1
218909,2
218911,5
218913,20
218915,3
218917,2
218919,8
218929,3
218933,4
218935,1
218937,2
218941,3
218943,1
218945,5
218949,1
218953,4
218971,5
218973,1
218977,2
218981,4
218983,2
218987,4
218991,56
218993,1
218995,2
218997,131
218999,2
219001,1
219003,94
219005,1
219007,2
219009,1
219013,8
219015,628
219017,1
219021,1
219025,12
219027,3
219029,5
219031,1
219033,1
219035,2
219037,2
219039,1
219041,9
219043,1
219045,12
219047,1
219049,2
219053,1
219055,1
219057,4
219059,238
219063,1
219071,1
219075,6
219081,4
219083,1
219085,1
219087,1
219089,1
219091,1
219093,1
219095,1
219101,1
219105,4
219115,1
219121,1
219125,1
219129,1
219135,3
219139,1
219141,1
219145,5
219153,1
219157,1
219159,3
219161,2
219163,2
219169,4
219171,3
219173,1
219179,3
219183,1
219191,1
219199,2
219201,5
219204,1
219208,1
219212,1
219216,1
219218,3
219222,2
219228,1
219246,1
219248,1
219250,2
219252,2
219254,6
219256,19
219258,1
219260,5
219262,5
219268,21
219272,1
219276,2
219278,1
219280,1
219284,1
219286,1
219288,9
219290,1
219294,5
219300,1
219302,1
219306,4
219308,1
219322,1
219324,1
219328,12
219330,9
219332,1
219334,1
219336,5
219342,2
219346,1
219350,1
219352,24
219354,11
219356,3
219358,2
219360,1
219362,1
219368,11
219370,20
219372,3
219374,7
219386,2
219390,2
219392,213
219398,3
219400,1
219402,6
219404,6
219406,7
219408,6
219410,1
219412,5
219414,13
219416,12
219418,13
219422,1
219424,1
219426,1
219430,32
219432,1
219434,1
219436,11
219438,1
219442,4
219444,186
219448,1
219454,1
219458,2
219460,6
219464,3
219466,2
219468,9
219470,6
219474,2
219476,1
219478,1
219480,3
219482,1
219484,3
219486,1
219488,2
219490,4
219495,2
219497,6
219499,16
219501,2
219503,1
219505,4
219507,1
219509,3
219511,5
219517,1
219519,13
219521,2
219523,1
219525,4
219527,1
219529,10
219531,2
219533,1
219535,1
219537,2
219543,3
219545,4
219547,5
219549,3
219551,1
219553,1
219555,4
219557,3
219559,3
219561,14
219563,1
219565,3
219567,5
219569,8
219573,16
219575,2
219583,3
219587,2
219589,1
219591,3
219593,1
219595,1
219597,21
219599,9
219601,2
219603,3
219609,1
219613,7
219615,2
219617,1
219619,1
219621,1
219623,1
219629,1
219631,2
219635,2
219639,3
219641,1
219645,1
219647,2
219649,1
219651,4
219653,1
219659,1
219663,2
219665,10
219669,43
219677,2
219683,1
219685,1
219687,1
219689,1
219691,2
219693,6
219695,6
219697,5
219699,1
219701,1
219703,1
219705,79
219707,1
219709,1
219711,4
219713,5
219715,1
219717,6
219720,5
219722,2
219726,982
219728,1
219730,22
219732,1
219734,4
219736,1
219738,2
219740,1
219746,2
219750,1
219754,1
219760,5
219766,2
219770,1
219772,1
219776,8
219782,4
219784,1
219786,1
219790,3
219792,2
219796,1
219800,12
219802,3
219810,1
219812,56
219816,3
219818,1
219820,3
219822,1
219824,1
219828,1
219830,2
219832,2
219834,1
219836,1
219838,2
219844,2
219846,1
219848,72
219852,7
219854,1
219856,1
219862,8
219866,1
219868,2
219870,2
219872,3
219874,2
219892,1
219958,2
219962,1
219966,1
219968,5
219970,1
219976,2
219978,2
219982,1
219984,6
219986,1
219994,1153
219996,1
219998,2
220004,5
220006,3
220008,1
220010,1
220012,5
220014,2
220016,4
220018,4
220020,3
220022,2
220024,2
220026,1
220028,2
220030,3
220032,2
220038,4
220040,1
220042,1
220044,1
220046,3
220048,1
220050,2
220052,30
220054,1
220056,21
220058,27
220060,1
220062,3
220064,2
220066,4
220068,25
220072,4
220074,2
220076,4
220078,3
220082,1
220084,4
220088,3
220090,4
220092,8
220094,4
220096,2
220098,18
220100,5
220102,2
220104,3
220106,8
220108,2
220110,1
220112,1
220118,2
220120,1
220126,1
220130,1
220138,4
220140,2
220142,5
220146,4
220152,1
220154,1
220156,2
220158,1
220160,1
220162,4
220164,1
220168,3
220170,51
220172,3
220174,1
220176,1
220180,4
220188,8
220196,2
220198,1
220206,1
220208,3
220220,1
220222,2
220224,34
220226,2
220228,1
220230,1
220232,4
220234,2
220242,1
220252,1
220254,2
220258,1
220268,1
220282,1
220286,1
220290,2
220296,8
220302,1
220304,4
220306,5
220310,1
220312,2
220314,2
220316,1
220318,5
220320,5
220322,2
220324,8
220326,13
220328,5
220330,2
220332,5
220334,4
220336,11
220338,9
220340,1
220342,7
220344,5
220346,2
220348,1
220350,3
220352,2
220354,2
220356,7
220358,5
220360,3
220362,129
220364,3
220366,2
220368,3
220370,2
220372,2
220380,923
220386,2
220396,1
220398,1
220404,2
220406,2
220408,5
220410,2
220416,3
220424,1
220430,1
220432,2
220438,1
220440,1
220454,2
220466,1
220470,1
220472,1
220478,1
220480,1
220482,3
220484,7
220486,1
220488,2
220490,5
220496,5
220498,2
220500,2
220502,1
220504,19
220510,1
220512,2
220516,10
220518,33
220520,4
220522,22
220524,4
220526,7
220528,449
220530,29
220532,5
220534,2
220536,23
220538,3
220540,99
220542,30
220544,22
220546,1
220548,3
220550,4
220552,1
220554,2
220556,2
220558,1
220560,9
220562,3
220564,2
220566,6
220568,1
220570,1
220572,1
220576,4
220578,2
220580,3
220582,2
220584,2
220586,2
220588,2
220590,2
220592,2
220594,2
220596,2
220598,2
220600,1
220602,10
220604,1
220606,1
220608,1
220618,3
220624,2
220626,6
220628,7
220630,2
220632,1
220638,12
220640,4
220642,3
220644,5
220646,6
220648,1
220650,1
220652,1
220654,1
220658,1
220660,1
220664,2
220672,2
220696,2
220698,4
220700,2
220702,6
220704,2
220708,5
220710,1
220716,2
220718,1
220720,1
220722,1
220724,28
220728,1
220746,1
220748,1
220754,5
220762,2
220766,1
220768,1
220770,1
220772,1
220774,1
220776,2
220780,3
220784,2
220786,2
220788,1
220790,5
220792,524
220794,4
220796,1
220800,5
220802,2
220804,1
220806,2
220808,1
220810,1
220812,1
220814,2
220818,12
220820,1
220824,1
220826,6
220836,1
220844,2
220846,6
220848,5
220850,16
220852,3
220854,151
220856,8
220858,1
220862,4
220864,2
220866,2
220868,4
220870,4
220872,2
220874,2
220876,2
220878,1
220880,1
220882,3
220884,1
220886,2
220888,4
220890,2
220892,3
220894,1
220896,1
220898,2
220900,4
220902,3
220904,3
220906,2
220908,2
220910,1
220912,4
220914,3
220916,2
220918,2
220920,34
220922,183
220924,7
220928,1
220930,3
220932,15
220934,2
220936,4
220938,4
220948,1
220950,12
220952,1
220956,18
220960,2
220964,1
220966,2
220982,2
220984,2
220986,12
220988,1
220990,2
220992,1
220994,2
220996,3
220998,1
221000,6
221002,4
221012,2
221014,1
221016,27
221018,1
221020,2
221022,3
221024,2
221026,3
221028,1
221030,9
221032,1
221042,3
221044,10
221046,4
221048,2
221050,4
221052,3
221054,1
221056,2
221058,1
221060,3
221062,1
221064,1
221066,2
221068,1
221070,1
221072,3
221076,2
221078,2
221082,1
221084,2
221086,1
221088,5
221090,33
221106,1
221110,2
221112,1
221120,3
221122,2
221124,7
221126,6
221128,4
221130,15
221132,1
221138,1
221142,7
221144,1
221146,2
221148,3
221152,1
221154,1
221158,16
221160,106
221162,11
221164,37
221166,5
221168,2
221170,2
221172,1
221174,2
221176,35
221178,2
221180,4
221182,3
221184,1
221186,2
221188,4
221192,2
221196,50
221198,10
221200,6
221204,2
221208,1
221210,3
221218,2
221220,1
221222,1
221232,14
221234,32
221236,2
221242,2
221244,269
221246,258
221248,1
221250,10
221252,1
221254,1
221256,41
221258,1
221260,1
221262,4
221264,1
221270,1
221272,1
221276,3
221282,5
221286,1
221290,1
221294,1
221296,45
221302,3
221310,6
221314,1
221318,1
221322,6
221324,1
221326,1
221334,1
221342,2
221350,1
221380,1
221382,1
221388,4
221390,39
221392,1
221394,1
221396,291
221398,1
221400,1
221406,1
221426,2
221430,1
221432,5
221434,4
221444,2
221446,3
221448,1
221450,3
221452,4
221454,45
221456,1
221458,1
221460,1
221462,1
221464,1
221466,1
221468,2
221470,1
221472,1
221486,6
221488,117
221490,1
221492,2
221496,17
221500,1
221510,1
221514,1
221518,1
221522,2
221524,2
221530,2
221532,1
221534,1
221540,2
221542,11
221544,1
221548,223
221550,1
221552,2
221554,2
221556,3
221558,2
221560,7
221562,1
221564,36
221566,6
221568,13
221570,5
221572,1
221574,1
221576,1176
221578,1
221584,2
221588,12
221590,1
221602,1
221608,3
221610,6
221612,2
221614,1
221616,5
221618,8
221620,2
221622,2
221624,2
221626,3
221628,6
221632,67
221636,2
221638,1
221640,2
221642,1
221644,1
221650,1
221652,3
221656,1
221658,5
221660,36
221664,1
221666,3
221670,1
221678,1
221680,1
221690,45
221694,10
221696,3
221698,5
221700,2
221702,7
221706,1
221710,1
221724,1
221726,1
221728,3
221730,3
221754,9
221764,2
221768,1
221772,2
221778,1
221782,4
221790,1
221792,8
221798,2
221804,3
221806,1
221808,1
221816,10
221820,1
221824,1
221826,1
221832,6
221840,1
221842,4
221846,1
221848,1
221850,224
221852,1
221854,1
221856,23
221858,6
221860,1
221862,3
221872,1
221874,1
221876,3
221878,1
221880,52
221882,22
221884,14
221886,304
221888,1
221892,1
221894,1
221898,1
221900,2
221902,1
221904,1
221906,4
221908,1
221910,2
221914,5
221916,1
221923,5
221927,4
221929,1
221931,2
221935,4
221941,8
221943,1
221945,5
221951,1
221953,31
221955,2
221963,2
221967,1
221969,1
221971,2
221973,2
221981,1
221983,1
221987,1
222001,2
222003,1
222005,1
222007,4
222009,4
222011,457
222021,6
222033,1
222039,2
222041,1
222043,1
222047,7
222051,1
222053,5
222057,2
222061,2
222065,2
222073,1
222075,2
222077,10
222079,1
222081,13
222083,2
222087,1
222089,1
222097,2
222103,2
222105,3
222107,1
222109,3
222111,3
222115,11
222117,17
222119,2
222123,3
222129,3
222131,40
222133,7
222135,16
222137,641
222149,16
222151,1
222153,2
222155,4
222157,2
222159,9
222161,2
222163,1
222165,1
222179,2
222195,1
222205,4
222207,2
222209,2
222211,2
222212,1
222214,1
222224,3
222226,1
222228,1
222230,6
222232,15
222234,5
222236,6
222246,1
222248,20
222250,2
222252,1
222258,1
222260,1
222268,6
222272,2
222274,2
222276,10
222280,1
222282,5
222292,2
222294,4
222296,6
222300,1
222302,1
222304,4
222306,1
222308,2
222310,11
222312,1
222314,6
222316,3
222322,4
222324,2
222334,1
222336,2
222342,2
222352,8
222354,1
222356,196
222358,4
222360,1
222362,1
222364,6
222366,1
222368,2
222370,2
222372,1
222374,2
222376,1
222378,2
222382,3
222386,1
222388,3
222390,1
222392,4
222394,4
222396,5
222404,6
222410,4
222412,8
222414,42
222416,8
222419,3
222421,1
222423,1
222433,2
222437,2
222443,1
222447,3
222449,1
222451,3
222453,3
222455,392
222457,22
222459,1
222461,30
222465,1
222467,11
222469,9
222471,1
222473,1
222475,1
222477,1188
222479,1
222489,1
222493,1
222495,7
222497,1
222499,2
222501,4
222503,1
222505,1
222507,6
222511,1
222513,1
222515,1
222533,2
222541,5
222545,1
222561,59
222565,3
222567,3
222569,9
222571,3
222573,1
222575,4
222577,1
222579,2
222583,1
222585,2
222587,2
222589,1
222591,30
222593,687
222595,6
222597,2
222599,5
222601,2
222603,2
222605,4
222607,2
222609,2
222611,62
222613,6
222615,5
222619,3
222625,2
222627,28
222629,1
222631,1
222633,1
222635,1
222637,1
222641,5
222643,2
222645,2
222647,45
222649,22
222651,1
222653,3
222655,1
222657,3
222659,1
222661,1
222663,1
222665,1
222667,2
222669,2
222677,2
222681,1
222683,1
222685,8
222687,1
222695,1
222705,1
222707,8
222709,1
222711,2
222713,40
222715,2
222717,1
222719,1
222721,1
222723,1
222725,2
222727,3
222729,7
222733,1
222735,2
222737,8
222739,1
222741,1
222743,18
222747,1
222749,1
222753,5
222755,1
222757,58
222759,4
222761,5
222763,2
222765,1
222767,1
222769,1
222771,1
222783,4
222789,3
222795,2
222797,1
222803,5
222805,2
222807,1
222809,1
222811,1
222815,1
222817,2
222819,2
222821,8
222823,1
222827,2
222833,3
222841,1
222845,1
222847,3
222849,1
222851,2
222853,1
222863,18
222865,1
222869,11
222871,2
222873,1
222875,1
222877,2
222879,3
222881,3
222883,3
222885,2
222887,1
222895,1
222897,2
222899,1
222903,1
222905,4
222907,204
222909,5
222911,14
222913,65
222915,1
222919,1
222921,25
222947,2
222949,51
222955,2
222957,1
222963,1
222991,2
222993,6
222995,1
222997,3
222999,1
223003,5
223005,35
223007,20
223009,1
223011,17
223013,1
223015,3
223017,1
223019,1
223021,3
223025,1
223027,116
223029,2
223031,20
223033,1
223035,2
223037,5
223039,1
223041,3
223051,3
223059,1
223063,6
223069,1
223071,2
223075,2
223077,1
223079,1
223081,2
223087,2
223091,4
223093,1
223097,3
223099,1
223101,1
223103,10
223105,1
223107,2
223113,1
223115,1
223123,3
223131,6
223133,2
223137,18
223139,3
223141,13
223143,6
223145,7
223147,5
223149,1
223153,2
223155,1
223157,10
223161,2
223163,1
223165,1
223167,1
223169,1
223173,17
223175,1
223179,3
223181,3
223183,1
223185,1
223187,4
223189,2
223191,16
223193,1
223195,2
223198,2
223200,2
223204,1248
223206,2
223208,1
223210,1
223212,7
223216,3
223218,1
223220,3
223222,74
223224,2
223226,5
223238,1
223240,11
223242,9
223244,1
223246,1
223250,1
223252,1
223256,2
223258,2
223262,1
223264,1
223266,1
223268,1
223270,3
223272,2
223274,1
223276,1
223278,1
223280,2
223284,3
223286,2
223290,1
223292,7
223294,2
223296,30
223298,2
223300,1
223304,5
223306,2
223308,13
223310,23
223312,3
223314,6
223316,1
223318,1
223320,3
223322,1
223324,1
223326,1
223332,2
223334,1
223338,1
223340,1
223342,2
223344,2
223346,1
223348,4
223350,1
223352,1
223356,3
223358,1
223360,1
223382,1
223392,1
223394,1
223400,2
223402,1
223406,1
223422,1
223426,2
223428,2
223432,1
223442,15
223444,2
223446,4
223448,2
223452,5
223462,1
223464,43
223466,1
223468,25
223470,1
223472,1
223476,1
223484,1
223486,12
223488,3
223492,29
223494,3
223496,2
223500,9
223502,4
223504,4
223506,8
223510,3
223512,2
223518,1
223522,1
223526,4
223528,2
223530,2
223532,1
223534,3
223536,2
223538,2
223544,2
223552,1
223554,2
223556,8
223558,4
223560,2
223562,2
223566,1
223568,1
223570,46
223572,20
223576,1
223580,7
223582,5
223584,1
223586,1
223588,2
223590,1
223592,1
223594,77
223596,1
223598,1
223600,1
223602,4
223606,1
223608,11
223610,1
223612,2
223614,14
223616,1
223618,2
223620,1
223622,3
223624,4
223626,3
223628,2
223630,7
223632,4
223634,3
223636,3
223638,106
223640,3
223642,4
223644,1
223646,1
223648,1
223650,1
223652,1
223654,1
223656,1
223658,1
223660,1
223662,1
223664,2
223666,1
223668,1
223670,1
223672,2
223674,1
223676,2
223678,2
223680,2
223686,1
223688,5
223690,3
223692,2
223694,1
223696,2
223698,1
223700,3
223702,4
223706,2
223722,2
223736,2
223742,1
223750,1
223758,1
223760,1
223762,1
223766,1
223768,1
223772,1
223788,1
223794,1
223796,1
223814,2
223820,6
223826,56
223828,11
223830,54
223832,3
223834,1
223842,7
223876,788
223880,1
223884,6
223888,1
223894,1
223896,7
223898,2
223904,1
223906,4
223908,1
223910,32
223916,5
223918,71
223920,4
223922,15
223924,2
223928,12
223930,3
223932,1
223934,2
223936,9
223938,2
223940,2
223944,1004
223946,4
223948,5
223950,6
223952,1
223954,1
223956,2
223958,1
223960,2
223962,2
223970,4
223972,1
223976,3
223978,2
223984,1
223988,107
223990,5
223992,3
223994,4
223996,16
224002,3
224004,1
224006,2
224008,2
224018,1
224020,2
224022,2
224024,7
224026,2
224028,107
224030,1
224032,130
224034,2
224036,1
224038,9
224046,5
224048,2
224050,1
224052,626
224056,3
224072,3
224074,1
224086,2
224088,3
224090,1
224092,1
224094,1
224096,1
224098,3
224100,2
224104,1
224106,1
224116,1
224118,1
224120,6
224124,4
224128,2
224132,1
224134,1
224144,2
224146,3
224148,3
224150,2
224152,5
224156,3
224164,1
224174,4
224176,6
224178,10
224180,1
224182,2
224184,3
224186,1
224192,10
224196,1
224198,2
224200,5
224202,36
224204,3
224206,33
224208,108
224210,2
224212,47
224214,2
224216,4
224218,1
224220,341
224222,6
224224,4
224226,1
224228,2
224230,1
224232,3
224234,26
224236,1
224238,1
224240,4
224242,3
224244,2
224246,9
224248,3
224250,2
224258,1
224260,2
224262,741
224264,1061
224266,294
224268,37
224270,1
224272,29
224274,1
224276,138
224278,2
224280,1689
224282,1
224288,1
224292,1
224300,6
224302,1
224306,2
224308,1
224314,6
224316,1
224320,1
224322,1
224324,308
224326,1
224328,1
224330,17
224334,1
224336,1
224338,160
224340,2
224342,2
224344,3
224348,2
224354,3
224366,2
224368,10
224370,3
224372,1
224380,7
224392,1
224394,1
224398,3
224399,2
224403,1
224405,1
224407,3
224411,2
224419,3
224421,1
224425,1
224433,1
224435,2
224439,1
224441,2
224445,1
224447,1
224451,3
224455,1
224459,2
224461,1
224463,86
224465,17
224467,16
224469,16
224471,2
224475,4
224479,2
224481,3
224483,2
224485,2
224487,2
224489,1
224497,1
224503,4
224507,4
224509,3
224511,4
224513,1
224515,1
224517,1
224519,9
224521,2
224523,2
224525,1
224527,6
224529,10
224531,6
224533,2
224537,1
224541,2
224545,68
224547,1
224553,1
224557,2
224561,1
224563,1
224565,2
224567,1
224575,3
224577,1
224585,3
224589,3
224591,1
224599,1
224605,2
224613,8
224619,1
224629,4
224635,4
224637,16
224639,32
224641,32
224643,18
224645,1
224647,2
224649,11
224653,8
224655,25
224657,8
224659,4
224661,1
224665,28
224667,4
224669,2
224671,19
224673,11
224675,80
224677,1
224683,1
224689,1
224697,1
224709,43
224711,22
224713,1
224715,2
224717,2
224721,13
224723,7
224725,22
224727,10
224729,3
224731,4
224733,31
224735,8
224737,1
224741,5
224743,13
224745,1
224747,1
224751,1
224753,1
224755,1
224773,1
224775,2
224777,1
224781,55
224787,3
224789,8
224791,1
224793,2
224795,8
224797,1
224799,1
224803,2
224807,1
224811,2
224813,3
224815,8
224823,1
224825,3
224829,2
224839,2
224841,19
224843,1
224845,13
224847,2
224851,4
224853,1
224857,1
224859,7
224863,3
224865,1
224869,2
224873,1
224875,1
224877,7
224879,1
224885,3
224887,1
224889,4
224897,2
224899,1
224903,4
224905,4
224907,18
224909,2
224913,1
224915,1
224919,1
224921,1
224923,1
224925,3
224927,1
224929,1
224933,4
224935,1
224937,3
224939,24
224941,3
224943,735
224947,1
224951,1
224953,16
224955,26
224957,2
224959,30
224961,14
224963,2
224965,2
224967,1
224969,1
224971,1
224973,2
224979,1
224981,1
224983,201
224985,1
224987,2
224989,2
224991,1
224993,1
224995,1
224997,1
224999,1
225001,4
225003,1
225005,2
225007,2
225009,1
225011,1
225013,2
225015,3
225017,1
225019,18
225021,5
225023,3
225025,1
225027,1
225037,1
225039,6
225043,1
225047,1
225049,1
225059,1
225063,1
225065,1
225067,1
225077,1
225079,1
225081,1
225083,1
225085,1
225087,2
225089,1
225091,2
225093,1
225095,2
225097,1
225099,1
225101,1
225103,13
225105,4
225107,4
225109,2
225111,2
225113,2
225119,1
225121,1
225123,1
225125,3
225127,1
225129,4
225133,3
225141,2
225143,1
225145,1192
225151,1
225153,1
225155,1
225157,1
225159,2
225161,6
225163,3
225165,255
225169,111
225171,44
225173,4486
225187,6
225189,1
225191,4
225193,1
225195,1
225201,2
225205,5
225207,1
225209,2
225211,14
225213,4
225215,2
225219,3
225221,86
225223,1
225225,2
225227,2
225229,1
225231,2
225233,4
225235,2
225237,2
225239,2
225241,2
225243,2
225245,1
225247,1
225249,4
225251,1
225253,1
225255,2
225257,1
225259,1
225261,1
225263,72
225265,1
225267,1
225271,2
225275,1
225277,4
225289,59
225291,1
225301,1
225307,2
225309,1
225311,1
225315,1
225317,1
225321,1
225325,1
225327,1
225331,2
225335,1
225337,1
225339,1
225341,2
225347,1
225353,3
225363,1
225365,2
225367,1
225371,2
225373,2
225377,1
225379,1
225381,1
225383,1
225385,1
225387,13
225389,1
225401,1
225403,1
225405,2
225407,1
225409,2
225415,1
225419,1
225421,1
225423,1
225425,1
225427,2
225429,2
225431,1
225433,1
225435,1
225437,1
225439,1
225441,1
225443,2
225445,1
225447,1
225449,2
225451,1
225453,1
225455,3
225457,2
225459,2
225461,1
225463,1
225465,2
225467,4
225469,2
225471,4
225473,2
225475,2
225477,7
225479,2
225481,2
225483,1
225485,80
225487,4
225489,2
225491,1
225495,1
225497,2
225499,1
225501,1
225503,3
225505,3
225507,2
225509,1
225511,1
225513,2
225517,1
225519,3
225521,1
225523,3
225525,2
225527,3
225529,7
225531,2
225533,2
225535,1
225537,3
225539,2
225541,3
225545,2
225547,2
225549,2
225551,4
225553,2
225555,3
225557,2
225561,1
225563,2
225565,135
225567,3
225569,2
225571,1
225573,1
225575,4
225577,3
225579,9
225581,2
225583,2
225585,4
225587,1
225589,1
225591,1
225593,1
225595,1
225597,1
225599,2
225601,2
225603,1
225605,3
225607,1
225609,2
225611,1
225613,2
225615,2
225617,2
225619,1
225621,1
225623,3
225625,1420
225627,3
225629,1
225631,2
225633,1
225639,2
225641,1
225643,1
225645,4
225653,1
225655,1
225657,4
225659,2
225661,1
225663,1
225667,1
225669,2
225671,1
225675,1
225677,2
225679,3
225681,4
225683,1
225685,1
225687,44
225691,3
225693,5
225695,1
225697,2
225699,2
225705,1
225707,1
225709,43
225711,5
225713,2
225715,4
225717,2
225727,3
225729,1
225743,2
225745,7
225747,1
225752,27
225754,2
225756,5
225758,384
225760,2
225762,31
225766,61
225776,368
225778,3
225782,2
225784,1
225786,11
225788,31
225792,2
225794,5
225802,2
225804,1
225808,1
225810,1
225812,4
225814,3
225816,10
225818,1
225820,3
225822,10
225824,1
225830,2
225834,2
225838,2
225844,1
225846,2
225850,1
225854,2
225860,1
225862,2
225866,5
225870,1
225876,1
225884,1
225886,2
225892,1
225894,1
225896,10
225900,1
225902,3
225904,4
225906,5
225908,1
225910,2
225912,96
225914,7
225916,2
225918,58
225920,148
225922,2
225924,15
225926,1
225932,1
225934,1
225938,4
225940,5
225942,1
225948,1
225952,1
225956,2
225958,2
225960,1
225962,1
225968,1
225970,482
225972,17
225974,20
225978,1
225980,1
225982,5
225984,1375
225986,39
225988,7
225990,5
225992,2
225994,1
225996,1
225998,162
226004,14
226006,4
226008,1
226010,1
226014,2
226016,10
226018,4
226020,3
226022,4
226024,38
226026,2
226028,1
226030,1
226032,1
226038,2
226042,1
226046,77
226054,1
226058,1
226060,2
226062,1
226066,1
226068,1
226076,1
226080,2
226082,3
226086,3
226088,1
226094,3
226098,1
226102,1
226112,1
226114,12
226120,1
226124,1
226134,1
226136,5
226138,1
226142,2
226146,3
226148,1
226150,1
226156,7
226158,1
226160,1
226164,2
226168,1
226170,1
226176,1
226182,1
226186,2
226188,17
226192,2
226194,1
226196,2
226198,1
226200,4
226202,2130
226204,29
226206,31
226208,1
226210,1
226212,1
226214,2
226216,1
226218,1
226220,1
226222,1
226228,1
226230,5
226232,1
226244,2
226246,8
226248,3
226250,9
226252,2
226254,6
226256,3
226258,46
226260,9
226262,5
226264,3
226266,1
226268,4
226270,2122
226272,2
226274,1
226276,3
226278,1
226280,142
226282,7
226284,1
226286,1
226290,29
226292,2
226294,1
226296,3
226300,4
226302,5
226304,6
226306,8
226308,11
226310,7
226312,2
226318,2
226320,1
226324,1
226330,1
226342,1
226352,1
226354,2
226356,1
226358,1
226360,1
226372,1
226374,1
226384,3
226390,9
226398,1
226400,1
226408,2
226410,3
226416,1
226418,2
226432,3
226436,1
226440,7
226444,3
226448,1
226450,1
226452,1
226454,12
226458,2
226460,4
226462,4
226464,1
226466,2
226468,1
226470,2
226472,1
226474,2
226476,5
226478,1
226480,1
226482,2
226484,5
226486,1
226490,1
226492,24
226494,1
226496,27
226500,11
226502,1
226510,2
226512,2
226514,2
226516,1
226518,3
226520,1
226524,1
226526,2
226530,1
226532,3
226544,2
226546,1
226548,1
226550,16
226552,2
226556,6
226558,20
226570,5
226572,8
226574,208
226576,2
226578,16
226580,173
226582,5
226584,4
226586,7
226588,65
226590,2
226592,18
226594,42
226596,2
226598,2
226600,4
226602,1
226604,1
226606,2
226608,12
226612,3
226614,1
226616,2
226618,2
226622,4
226624,1
226626,104
226628,5
226630,1
226632,3
226636,6
226638,1
226640,2
226642,8
226644,54
226646,1
226650,11
226656,1
226658,1
226660,5
226662,6
226666,1
226672,23
226674,2
226676,3
226678,79
226680,138
226682,1
226684,2
226686,2
226690,1
226692,42
226694,18
226696,1
226698,224
226700,9
226702,11
226704,35
226706,17
226708,2
226710,24
226712,2
226718,2
226720,47
226722,5
226726,1
226728,1
226730,3
226732,4
226734,3
226736,3
226738,2
226740,2
226742,10
226744,4
226746,43
226748,1
226750,2
226752,2
226754,3
226756,8
226758,163
226760,2
226762,1
226764,1
226766,1
226768,1
226770,1
226772,1
226778,2
226794,1
226796,2
226798,1
226800,1
226804,2
226806,2
226832,1
226844,1
226846,8
226848,6
226850,1
226854,1
226862,3
226864,6
226872,4
226876,1
226884,1
226886,174
226888,94
226896,8
226900,1
226902,1
226912,1
226924,3
226926,1
226930,16
226934,1
226936,1
226938,1
226940,1
226942,1
226944,1
226948,1
226950,1
226952,1
226954,5
226956,3
226964,1
226966,1
226968,1
226974,3
226982,4
226984,1
227000,34
227002,106
227004,1
227006,16
227008,1
227010,3
227012,1
227016,3
227018,9
227020,7
227022,1
227024,1
227026,1
227062,1
227066,1
227068,1
227072,1
227074,3
227084,1
227086,1
227094,8
227096,1
227100,1
227104,1
227106,2
227118,1
227122,1
227124,16
227126,1
227140,1
227142,6
227144,4
227148,1
227150,2
227156,1
227158,1
227162,7
227164,1
227166,1
227172,1
227174,1
227176,1
227178,1
227198,1
227200,4
227202,5
227216,5
227218,8
227220,3
227222,2
227224,23
227228,3
227232,4
227234,2
227238,2
227242,1
227244,1
227248,1
227250,1
227252,1
227254,12
227256,40
227258,350
227270,13
227276,1
227280,3
227282,3
227284,1
227286,1
227288,3
227290,3
227298,1
227300,1
227304,1
227306,2
227308,2
227310,1
227312,1
227314,1
227318,2
227322,1
227328,6
227330,2
227332,1
227340,1
227344,2
227346,1
227352,1
227354,1
227356,1
227368,1
227386,3
227396,1
227398,2
227408,1
227412,2
227414,1
227432,2
227434,14
227436,5
227446,1
227450,2
227452,2
227454,2
227460,1
227482,25
227484,1
227486,5
227488,19
227490,1
227492,1
227496,288
227498,1
227500,4
227502,1
227514,1
227526,87
227534,4
227536,4
227540,1
227554,1
227556,1
227558,4
227560,4
227562,1
227570,5
227574,2
227576,2
227578,1
227580,24
227582,3
227584,1
227588,1
227594,2
227602,1
227608,1
227612,1
227614,11
227616,1
227618,41
227622,5
227624,1
227626,35
227628,1
227630,3
227632,1
227634,7
227636,38
227638,1
227644,2
227646,1
227652,2
227654,1
227656,4
227658,2
227664,8
227666,13
227678,2
227680,3
227682,3
227684,3
227686,1
227688,48
227690,27
227692,1
227694,1
227698,1
227701,1
227703,33
227705,4
227707,2
227709,2
227711,4
227713,3
227715,1
227717,3
227719,14
227721,1
227723,6
227725,2
227727,1
227737,1
227743,1
227745,1
227749,1
227757,1
227777,2
227779,1
227785,1
227791,1
227793,1
227795,1
227799,1
227803,1
227805,1
227809,1
227813,1
227817,1
227821,6
227825,2
227827,1
227829,3
227831,2
227835,12
227837,2
227839,8
227841,3
227853,12
227859,1
227861,3
227865,1
227869,1
227871,1
227875,8
227877,122
227887,1
227891,2
227897,1
227899,2
227901,1
227907,1
227909,2
227913,1
227915,1
227923,1
227925,1
227929,1
227931,1
227939,2
227941,2
227943,1
227953,1
227955,3
227957,1
227959,10
227961,2
227963,1
227967,3
227971,1
227977,1
227979,1
227981,4
227983,5
227985,1
227987,6
227989,5
227991,3
227993,1
227997,2
228001,2
228003,1
228005,1
228007,7
228017,1
228021,3
228025,1
228031,2
228033,3
228037,1
228039,6
228047,1
228049,2
228051,5
228053,2
228055,2
228057,5
228059,37
228063,1
228081,1
228085,2
228087,5
228089,1
228091,5
228099,922
228101,3
228103,1
228107,1
228111,1
228113,1
228123,2
228125,1
228127,10
228129,2
228131,1
228137,2
228141,1
228145,1
228155,18
228157,52
228159,8
228161,2
228165,1
228175,3
228177,3
228179,1
228191,4
228193,1
228195,2
228197,1
228199,2
228203,2
228205,2
228207,1
228209,2
228221,1
228225,10
228243,1
228245,2
228247,1
228261,3
228275,3
228291,1
228299,1
228301,9
228305,2
228313,2
228323,2
228327,1
228335,2
228343,1
228347,1
228349,1
228351,1
228353,16
228355,1
228357,1
228359,1
228361,3
228365,1
228383,9
228389,1
228397,3
228399,12
228401,4
228403,2
228405,2
228407,1
228409,3
228411,3
228413,4
228415,1
228419,2
228425,1
228429,1
228431,1
228435,4
228441,2
228447,2
228449,1
228451,2
228457,1
228463,1
228465,2
228471,1
228479,1
228493,5
228497,1
228499,1
228509,1
228511,8
228513,2
228515,4
228517,1
228519,1
228521,4
228523,2
228525,15
228527,1
228529,1
228531,1
228533,1
228539,1
228541,2
228543,1
228545,1
228547,1
228555,1
228559,1
228561,1
228563,421
228567,1
228577,2
228585,1
228587,1
228589,1
228595,1
228597,1
228599,1
228603,1
228611,1
228617,16
228619,2
228621,1
228623,1
228625,3
228633,2
228651,1
228653,1
228659,2
228663,3
228665,1
228683,1
228687,1
228693,1
228695,1
228697,2
228699,1
228701,1
228707,1
228713,1
228717,7
228723,1
228725,1
228727,1
228729,1
228731,2
228733,1
228735,1
228737,3
228741,7
228745,1
228747,3
228749,2
228755,1
228769,2
228773,1
228781,1
228785,3
228787,13
228789,26
228791,13
228793,3
228795,8
228797,6
228799,3
228805,1
228813,1
228815,5
228829,3
228837,1
228843,2
228851,1
228853,5
228855,40
228857,2
228859,4
228861,38
228863,179
228865,3
228867,6
228869,9
228877,1
228881,70
228883,1
228885,3
228887,1
228889,1
228891,2
228893,3
228895,7
228897,1
228899,33
228901,1
228903,3
228907,22
228909,1
228911,1
228913,3
228917,1
228919,3
228925,2
228927,3
228929,3
228931,4
228933,2
228935,3
228937,4
228939,4
228941,3
228945,1
228949,2
228951,2
228955,1
228957,6
228959,1
228961,3
228963,2
228983,1
228989,1
228991,4
228993,1
228995,2
228997,1
229001,2
229005,23
229011,1
229015,1
229021,1
229025,2
229027,4
229029,2
229031,1
229033,20
229035,12
229037,280
229039,1
229049,1
229053,2
229055,4
229057,1
229061,11
229067,1
229073,1
229077,1
229079,1
229081,2
229089,14
229093,2
229097,1
229101,1
229105,1
229107,1
229109,1
229117,1
229119,32
229121,16
229125,63
229127,6
229129,10
229131,3
229133,1
229135,7
229137,1
229139,1
229145,1
229147,2
229149,2
229151,2
229153,1
229155,6
229157,8
229159,11
229161,1
229163,3
229167,1
229169,23
229203,1
229207,27
229215,2
229217,2
229225,2
229227,1
229229,1
229243,1
229245,7
229247,6
229249,1
229251,5
229255,2
229257,3
229259,3
229261,6
229263,3
229265,5
229267,3
229269,5
229271,2
229273,15
229275,1
229277,1
229279,3
229281,1
229289,1
229291,2
229301,2
229311,2
229323,3
229325,1
229327,1
229329,1
229339,2
229351,1
229359,1
229377,1
229385,2
229391,24
229393,1
229395,7
229397,46
229399,1
229401,1
229403,1
229409,20
229411,1
229413,28
229415,1
229417,1
229419,4
229421,8
229423,1
229425,1
229427,2
229429,2
229431,296
229433,2
229435,1
229437,1
229439,1
229441,3
229443,81
229445,1
229447,1
229449,20
229453,1
229455,1
229457,5
229461,2
229463,5
229469,1
229477,20
229479,3
229481,21
229483,197
229491,1
229493,2
229497,3
229501,3
229503,1
229505,1
229507,3
229509,3
229511,4
229521,1
229523,4
229527,2
229529,2
229531,1
229533,2
229535,1
229543,2
229547,75
229549,1
229553,2
229563,4
229565,2
229567,1
229569,2
229571,2
229573,6
229575,6
229577,6
229579,1
229581,1
229583,1
229587,3
229593,11
229599,1
229603,1
229611,1
229613,1
229615,2
229617,1
229631,1
229643,1
229645,1
229647,1
229649,6
229651,2
229653,2
229663,3
229665,1
229671,25
229673,1
229679,1
229681,3
229683,1
229697,21
229699,27
229701,39
229705,1
229707,1
229709,1
229711,4
229713,2
229715,1
229721,3
229723,3
229729,2
229731,1
229737,1
229741,3
229743,2
229745,2
229747,1
229749,3
229751,4
229753,8
229755,6
229761,3
229763,2
229773,54
229777,3
229781,1
229783,1
229797,278
229799,7
229801,1
229807,9
229811,1
229813,1
229815,1
229817,10
229819,3
229821,2
229823,2
229825,1
229827,1
229831,1
229833,1
229835,2
229839,4
229843,1
229851,1
229869,2
229871,4
229875,5
229881,5
229885,3
229887,2
229889,1
229891,3
229895,1
229901,1
229913,6
229917,2
229919,1
229925,2
229929,1
229931,1
229933,2
229941,1
229943,1
229945,3
229947,3
229949,2
229951,68
229953,8
229955,40
229957,2
229959,2
229961,3
229963,5
229975,1
229977,3
229983,1
229985,1
229991,2
230005,8
230015,4
230025,1
230029,1
230031,1
230035,2
230037,1
230039,104
230041,3
230043,1
230049,1
230051,1
230063,1
230065,1
230073,2
230081,1
230089,1
230093,6
230095,1
230099,4
230101,1
230103,2
230105,1
230109,1
230111,34
230113,1
230119,1
230123,1
230125,1
230127,1
230129,8
230135,2
230139,1
230141,2
230143,1
230145,4
230149,1
230151,1
230153,1
230155,1
230161,2
230163,3
230165,1
230173,5
230177,1
230179,1
230181,5
230183,134
230185,2
230187,1
230195,1
230197,1
230213,2
230223,1
230227,8
230229,22
230231,171
230235,1
230241,14
230243,1
230247,1
230251,1
230253,4
230255,1
230263,2
230265,2
230267,1
230275,2
230277,5
230281,2
230283,3
230285,1
230287,1
230289,3
230291,2
230297,1
230299,1
230301,3
230313,2
230315,2
230319,9
230325,2
230329,1
230331,1
230335,1
230341,1
230345,2
230351,1
230355,1
230369,1
230375,2
230385,1
230389,1
230391,19
230393,1
230395,1
230397,2
230401,1
230411,2
230415,20
230417,2
230423,1
230433,1
230435,2
230447,2
230449,4
230451,1
230453,5
230455,3
230465,2
230467,1
230473,1
230477,1
230479,4
230485,6
230487,1
230497,1
230499,2
230501,3
230503,1
230507,1
230509,1
230513,1
230519,1
230523,2
230525,1
230531,2
230533,1
230535,2
230537,1
230539,1
230541,1
230543,3
230547,1
230557,1
230561,1
230565,2
230569,5
230571,2
230583,2
230589,2
230591,1
230593,2
230595,10
230597,1
230599,2
230601,1
230603,1
230605,2
230607,1
230609,6
230617,2
230623,2
230625,5
230627,5
230629,1
230637,1
230641,1
230643,1
230647,1
230649,3
230651,3
230653,2
230655,8
230657,1
230659,6
230661,1
230663,5
230665,2
230667,1
230669,7
230671,4
230673,3
230675,5
230677,10
230679,2
230681,7
230683,2
230685,7
230687,4
230689,1
230691,1
230693,7
230695,5
230697,7
230699,1
230701,3
230703,9
230705,13
230707,2
230709,41
230711,8
230713,2
230715,2
230717,8
230719,3
230721,2
230723,96
230745,3
230753,1
230759,1
230761,1
230763,1
230769,1
230781,1
230783,2
230787,1
230791,1
230797,1
230799,1
230805,2
230807,52
230809,9
230811,16
230813,125
230815,1
230819,1
230827,1
230831,20
230837,2
230849,7
230853,6
230863,2
230865,1
230867,2
230869,2
230871,1
230877,1
230881,1
230885,2
230893,2
230903,1
230905,2
230907,2
230915,2
230917,4
230925,1
230929,2
230975,1
230981,1
230985,2
230991,1
230995,2
230997,13
231001,1
231005,2
231007,2
231009,2
231011,1
231019,1
231029,1
231035,2
231045,3
231057,390
231059,2
231071,2
231083,4
231087,2
231091,3
231093,5
231095,2
231097,1
231099,26
231101,1
231103,2
231109,1
231111,1
231117,1
231123,5
231125,1
231127,1
231129,1
231139,1
231141,1
231143,1
231145,26
231147,44
231149,2
231151,1
231153,5
231155,7
231157,2
231159,3
231161,1
231163,2
231165,1
231167,1
231169,2
231171,2
231177,3
231179,7
231181,31
231183,3
231191,1
231195,2
231207,1
231227,1
231231,1
231233,1
231235,20
231237,1
231243,1
231251,1
231255,2
231257,1
231259,1
231261,1
231263,10
231265,4
231267,5
231269,1
231271,1
231273,1
231275,1
231277,1
231281,1
231283,5
231285,6
231287,1
231289,1
231291,53
231293,1
231301,6
231305,2
231307,7
231315,4
231317,1
231319,1
231321,1
231323,2
231325,1
231327,7
231331,1
231341,26
231343,2
231357,2
231365,1
231369,2
231373,2
231375,1
231381,1
231393,3
231409,8
231411,2
231413,195
231417,3
231419,13
231421,1
231425,1
231431,3
231437,4
231439,1
231441,3
231443,1
231445,1
231447,1
231449,1
231451,1
231453,1
231455,3
231457,1
231467,3
231469,1
231471,31
231477,1
231479,1
231487,2
231499,1
231501,1
231513,4
231515,6
231517,2
231519,6
231525,2
231527,44
231529,1
231531,1
231539,2
231545,6
231555,2
231559,1
231561,1
231567,1
231569,2
231571,1
231575,1
231579,1
231583,2
231589,1
231597,1
231603,1
231615,1
231619,5
231621,1
231625,5
231637,1
231671,1
231677,2
231685,1
231699,1
231701,254
231705,1
231707,1
231711,1
231715,2
231727,2
231731,1
231741,1
231743,1
231753,1
231755,4
231757,5
231777,1
231779,3
231781,3
231789,1
231791,1
231807,1
231811,1
231817,1
231819,32
231823,1
231829,6
231831,14
231833,51
231835,36
231837,2
231839,5
231851,1
231853,14
231855,6
231857,1
231861,1
231879,1
231881,1
231883,1
231889,2
231901,1
231907,1
231909,1
231915,1
231927,4
231933,26
231943,4
231951,1
231959,2
231961,1
231963,13
231965,10
231967,5
231969,3
231971,72
231979,1
231981,2
231989,1
231993,1
232003,1
232005,3
232009,2
232011,2
232013,4
232015,3
232017,117
232019,1
232021,10
232027,2
232031,1
232033,1
232035,1
232039,1
232041,1
232043,1
232045,5
232095,1
232131,111
232133,1
232135,5
232137,2
232139,1
232141,5
232143,1
232149,1
232151,1
232153,1
232157,5
232161,1
232165,2
232175,1
232177,1
232181,1
232185,1
232187,1
232193,1
232201,3
232203,12
232211,1
232213,1
232215,3
232217,5
232235,1
232237,1
232239,9
232241,1
232243,3
232245,3
232249,6
232251,1
232255,5
232257,13
232261,3
232263,2
232265,1
232271,1
232273,3
232275,2
232277,3
232279,1
232281,3
232283,1
232285,1
232287,4
232291,6
232293,2
232301,22
232311,2
232313,1
232317,3
232329,1
232339,1
232343,1
232351,2
232355,2
232357,2
232359,2
232361,14
232363,1
232365,3
232367,2
232369,3
232371,2
232373,2
232387,4
232391,1
232395,1
232397,1
232399,1
232401,4
232403,1
232407,1
232411,1
232413,2
232415,1
232417,2
232421,4
232425,1
232427,3
232429,2
232431,2
232433,1
232435,3
232439,1
232447,1
232449,2
232453,3
232455,24
232457,9
232459,6
232463,2
232465,1
232469,1
232471,6
232473,1
232475,23
232477,4
232485,1
232495,3
232497,2
232501,1
232505,4
232507,3
232509,4
232511,2
232513,2
232527,5
232561,2
232577,59
232585,1
232587,1
232593,2
232597,2
232601,1
232603,1
232605,3
232607,1
232609,1
232617,1
232623,1
232627,2
232635,2
232645,1
232647,1
232649,5
232651,1
232653,6
232661,2
232663,4
232665,1
232667,1
232671,18
232685,2
232689,2
232709,1
232715,1
232717,1
232721,1
232729,1
232731,38
232733,1
232745,1
232747,1
232749,2
232751,2
232753,1
232755,4
232761,3
232763,1
232777,1
232803,1
232805,3
232819,1
232825,19
232827,1
232829,46
232831,6
232833,12
232835,3
232837,1
232845,2
232847,34
232849,1
232851,2
232853,1
232855,2
232857,1
232871,5
232873,1
232879,1
232883,9
232885,3
232887,1
232889,1
232891,1
232893,1
232895,2
232897,1
232899,1
232901,1
232903,1
232905,6
232907,2
232909,21
232911,1
232913,6
232915,2
232925,1
232939,1
232941,7
232945,3
232949,1
232951,3
232963,1
232971,1
232973,1
232985,1
232987,1
232989,1
232995,5
232997,1
233003,4
233009,1
233025,1
233027,1
233031,8
233033,4
233051,1
233059,1
233065,1
233069,1
233071,2
233073,1
233075,6
233079,3
233083,33
233085,13
233087,2
233089,1
233095,82
233097,2
233099,5
233101,1
233113,1
233115,3
233117,1
233119,1
233121,2
233123,1
233125,2
233131,2
233137,1
233139,2
233141,4
233143,2
233151,1
233159,2
233167,5
233169,1
233171,266
233173,2
233179,1
233181,2
233187,1
233189,3
233197,1
233203,50
233205,3
233207,1
233209,7
233211,4
233251,1
233253,1
233255,1
233257,3
233259,7
233261,1
233267,3
233271,1
233273,2
233279,1
233283,1
233289,1
233293,3
233295,1
233297,2
233299,1
233301,3
233307,1
233323,2
233329,1
233331,1
233333,6
233339,2
233355,8
233359,1
233361,3
233371,1
233373,1
233377,2
233383,1
233389,5
233391,2
233395,1
233403,1
233409,2
233415,2
233417,6
233425,1
233427,2
233435,1
233439,6
233453,2
233471,1
233473,4
233477,42
233479,1
233481,1
233483,6
233485,3
233495,1
233497,25
233499,1
233501,5
233503,3
233505,2
233507,2
233511,6
233515,1
233523,2
233529,2
233533,1
233535,1
233539,3
233547,1
233549,1
233555,392
233559,1
233563,3
233571,1
233573,44
233575,5
233577,15
233579,27
233581,1
233583,5
233587,1
233589,1
233591,1
233595,2
233597,1
233599,1
233601,1
233603,1
233605,1
233609,1
233611,5
233617,3
233619,1
233621,1
233623,1
233625,1
233627,4
233629,3
233631,4
233633,1
233637,2
233639,3
233641,1
233643,3
233645,3
233647,1
233649,1
233653,2
233657,11
233659,1
233661,565
233663,1
233667,1
233669,5
233673,1
233675,1
233683,17
233687,2
233689,43
233691,1
233693,4
233695,3
233705,1
233707,1
233709,1
233711,1
233713,3
233715,1
233727,1
233731,3
233739,1
233743,1
233751,1
233753,2
233757,1
233759,1
233763,1
233767,1
233773,1
233781,1
233783,2
233785,1
233787,4
233789,1
233791,2
233799,2
233803,1
233805,1
233813,1
233815,1
233817,1
233825,1
233827,1
233829,1
233831,1
233841,1
233861,1
233865,1
233867,1
233873,2
233879,10
233899,1
233901,3
233903,1
233905,1
233907,4
233909,1
233911,1
233913,1
233915,2
233919,2
233923,1
233925,2
233929,1
233935,7
233937,11
233939,1
233945,1
233953,303
233955,4
233959,1
233963,2
233967,40
233973,1
233977,1
233981,1
233987,1
233989,6
233991,4
233993,758
233995,1
233997,45
234005,1
234007,1
234017,1
234027,1
234031,1
234037,2
234045,1
234051,1
234057,3
234059,15
234075,9
234077,2
234081,1
234083,2
234087,1
234089,4
234091,1
234093,4
234095,1
234097,4
234105,1
234107,2
234111,2
234117,7
234125,1
234135,4
234137,1
234141,2
234149,1
234161,1
234167,3
234171,1
234175,1
234177,2
234179,2
234181,1
234185,2
234189,4
234191,2
234199,1
234201,1
234203,1
234207,3
234209,3
234213,1
234215,1
234217,2
234219,7
234225,1
234237,2
234239,1
234241,1
234243,2
234245,1
234247,2
234249,1
234251,1
234253,1
234255,1
234257,129
234259,1
234261,1
234263,6
234265,1
234267,1
234285,5
234287,1
234299,2
234301,3
234302,2
234304,2
234306,2
234310,1
234312,1
234318,2
234334,5
234338,1
234348,2
234352,1
234354,1
234356,13
234400,1
234404,1
234410,1
234412,2
234414,3
234416,2
234418,7
234420,1
234422,1
234424,1
234426,1
234428,1
234430,1
234432,6
234434,5
234436,1
234438,5
234440,2
234442,1
234444,1
234446,1
234450,12
234456,1
234460,1
234482,2
234488,1
234496,1
234500,1
234504,1
234516,1
234522,2
234534,13
234536,38
234540,1
234542,2
234544,5
234548,1
234550,2
234554,2
234556,3
234558,1
234562,1
234567,4
234577,1
234579,1
234587,5
234589,1
234591,12
234593,1
234597,1
234599,20
234601,1
234603,2
234607,2
234609,3
234619,1
234621,1
234623,1
234625,2
234629,1
234631,1
234637,2
234641,1
234645,1
234649,1
234651,2
234653,1
234663,1
234667,1
234669,4
234671,1
234675,1
234677,1
234681,1
234683,2
234687,1
234689,1
234691,2
234693,3
234697,3
234699,9
234701,1
234703,2
234705,1
234707,8
234709,3
234711,1
234723,1
234731,3
234739,1
234741,2
234745,2
234747,1
234749,2
234753,1
234755,1
234757,2
234763,3
234765,2
234769,1
234771,2
234775,1
234779,1
234781,1
234821,1
234831,1
234833,2
234835,6
234837,3
234839,1
234841,1
234843,10
234845,6
234847,1
234851,1
234853,3
234859,7
234861,1
234869,1
234893,3
234895,3
234897,1
234903,1
234907,2
234909,6
234913,1
234915,22
234917,1
234919,5
234925,1
234927,2
234931,1
234935,1
234953,10
234955,2
234957,33
234963,1
234967,1
234969,1
234971,1
234973,8
234975,1
234977,2
234979,1
234985,3
234987,1
234989,1
234991,44
234993,1
234995,3
234997,11
234999,2
235001,2
235003,3
235005,3
235019,2
235021,2
235025,1
235027,3
235031,1
235033,2
235035,2
235037,2
235039,2
235041,1
235045,2
235049,1
235051,2
235057,1
235059,1
235063,5
235065,5
235067,1
235069,2
235071,5
235085,1
235087,3
235091,1
235097,3
235099,54
235105,2
235107,8
235111,2
235117,39
235127,3
235131,1
235137,1
235141,2
235143,1
235145,2
235147,6
235149,1
235151,3
235153,3
235157,3
235165,1
235169,1
235171,1
235177,5
235179,1
235181,1
235201,4
235203,1
235213,1
235221,1
235223,2
235225,18
235233,1
235237,1
235241,2
235247,1
235259,2
235261,1
235263,1
235265,1
235267,2
235269,1
235273,1
235275,2
235277,1
235279,1
235281,1
235283,1
235285,1
235287,3
235289,2
235291,1
235293,49
235295,98
235297,16
235299,1
235301,286
235303,1
235307,1
235317,8
235319,21
235321,40
235323,2
235325,1
235327,1
235333,1
235337,1
235351,1
235353,1
235357,1
235359,1
235361,19
235377,1
235379,2
235381,1
235383,3
235399,1
235401,2
235403,1
235405,1
235407,1
235411,11
235423,2
235427,2
235433,25
235435,118
235437,1
235445,1
235459,11
235463,1
235469,5
235471,91
235479,4
235493,1
235505,1
235507,1
235509,209
235511,1
235513,3
235521,1
235525,1
235529,1
235531,6
235549,1
235551,15
235555,2
235559,5
235561,1
235563,6
235565,3
235567,1
235569,3
235571,1
235575,1
235577,34
235579,1
235581,1
235585,4
235587,7
235589,17
235591,3
235593,5
235595,33
235597,2
235599,1
235603,1
235605,1
235607,1
235609,6
235611,6
235613,1
235617,1
235623,1
235629,1
235631,2
235635,2
235637,1
235645,1
235647,4
235649,2
235651,1
235653,1
235655,1
235673,2
235677,2
235679,1
235693,2
235695,3
235703,4
235711,1
235715,2
235717,1
235719,4
235721,1
235723,3
235725,10
235727,4
235729,2
235731,2
235733,1
235735,1
235737,1
235739,1
235743,1
235753,1
235759,2
235763,1
235765,2
235767,1
235775,2
235781,1
235787,1
235799,38
235801,3
235803,2
235807,2
235811,1
235813,2
235815,2
235817,1
235819,3
235825,1
235835,1
235841,1
235843,2
235845,3
235847,2
235849,2
235851,1
235853,2
235855,3
235857,1
235859,2
235861,2
235879,1
235887,2
235889,1
235897,1
235901,1
235903,3
235907,1
235923,1
235927,1
235929,4
235935,1
235941,1
235945,1
235947,1
235955,1
235959,1
235967,1
235969,2
235973,2
235981,1
235991,1
235993,3
235995,2
235997,1
235999,1
236001,3
236003,1
236005,11
236007,1
236009,1
236013,2
236017,3
236019,1
236027,2
236031,1
236037,1
236047,1
236049,1
236051,1
236055,1
236057,13
236059,1
236067,2
236069,8
236087,1
236091,3
236111,22
236113,6
236115,8
236117,95
236119,41
236121,6
236125,7
236127,1
236133,1
236135,32
236137,1
236139,1
236141,8
236145,1
236151,1
236155,1
236157,5
236165,2
236177,2
236183,1
236189,1
236193,4
236195,8
236197,2
236201,4
236203,1
236205,1
236207,3
236209,55
236211,1
236213,1
236215,3
236225,3
236227,4
236229,1
236231,1
236233,2
236237,1
236243,1
236249,1
236251,1
236253,1
236257,1
236259,1
236265,1
236275,1
236277,2
236279,6
236283,2
236285,3
236287,1
236291,5
236293,3
236295,1
236297,1
236305,4
236307,1
236309,38
236311,1
236313,3
236315,5
236329,2
236335,1
236339,1
236345,2
236347,3
236349,2
236351,1
236353,3
236355,1
236357,1
236359,5
236361,3
236363,2
236365,4
236367,2
236369,1
236371,2
236373,1
236375,1
236377,2
236379,1
236381,3
236393,1
236397,2
236403,1
236463,6
236475,1
236487,10
236489,1
236513,1
236517,1
236533,1
236581,1
236587,1
236591,1
236599,1
236601,1
236607,1
236617,2
236619,4
236621,1
236623,2
236641,2
236661,1
236663,1
236679,1
236683,2
236687,2
236707,5
236709,2
236713,2
236715,1
236723,2
236725,1
236727,2
236729,2
236731,2
236733,2
236735,1
236737,4
236743,1
236751,1
236755,1
236757,1
236765,2
236769,1
236779,5
236781,3
236787,4
236789,1
236803,1
236831,1
236837,2
236847,3
236849,1
236851,1
236853,1
236855,2
236857,6
236859,1
236869,6
236871,2
236873,2
236875,1
236877,1
236881,1
236883,1
236887,2
236893,4
236895,1
236897,5
236899,1
236901,1
236905,1
236935,1
236939,2
236941,1
236943,3
236947,99
236949,3
236953,1
236955,3
236961,25
236969,1
236973,3
236975,3
236983,1
236987,1
236989,55
236991,915
236993,12
236995,129
236997,3
236999,5
237001,3
237003,1
237005,1
237007,2
237009,1
237011,10
237015,4
237021,1
237025,1
237043,1
237063,1
237097,3
237099,1
237103,2
237105,1
237107,5
237119,31
237123,1
237127,2
237129,1
237131,6
237141,12
237145,1
237165,1
237171,1
237175,2
237177,1
237181,3
237187,2
237189,4
237193,3
237197,2
237199,4
237207,3
237213,2
237215,3
237217,1
237219,2
237221,7
237223,13
237225,2
237227,886
237229,11
237231,1
237232,2
237234,2
237236,1
237238,10
237240,52
237242,43
237244,27
237246,3
237248,2
237252,1
237254,2
237256,1
237258,1
237262,57
237264,1
237282,1
237288,1
237300,1
237306,2
237308,7
237310,1
237312,2
237318,1
237322,1
237330,9
237340,2
237342,26
237344,1
237346,1
237348,1
237352,3
237356,1
237362,3
237368,2
237372,302
237374,1
237382,2
237386,3
237388,2
237390,1
237392,1
237428,2
237440,1
237458,1
237466,1
237470,1
237476,2
237514,1
237526,4
237530,16
237542,1
237572,2
237576,1
237582,1
237586,12
237588,2
237590,1
237592,1
237602,5
237604,2
237612,2
237614,1
237620,4
237622,1
237630,1
237634,4
237638,4
237640,4
237644,4
237656,1
237666,2
237672,2
237676,3
237682,3
237686,6
237694,1
237696,4
237702,1
237712,3
237728,6
237734,2
237736,1
237740,13
237742,1
237744,2
237746,1
237752,1
237754,2
237756,1
237758,1
237762,1
237772,6
237776,1
237796,1
237802,2
237810,1
237816,8
237818,2
237820,10
237822,1
237824,1
237826,1
237830,3
237836,20
237840,1
237842,3
237856,14
237860,1
237862,2
237868,2
237870,3
237872,2
237874,1
237880,2
237898,2
237934,1
237938,1
237942,4
237944,1
237948,1
237952,2
237953,30
237958,1
237960,1
237962,18
237964,205
237966,3
237970,1
237972,3
237982,8
237984,1
237990,1
237992,1
238012,1
238018,1
238020,1
238022,4
238024,1
238028,1
238032,2
238034,1
238036,34
238038,2
238040,3
238042,1
238048,1
238050,1
238052,22
238054,1
238058,4
238060,2
238062,1
238064,1
238066,2
238070,1
238074,1
238090,1
238092,1
238096,2
238098,1
238102,1
238106,1
238108,2
238110,1
238116,2
238118,1
238120,1
238122,7
238134,1
238136,1
238138,5
238162,1
238164,3
238170,1
238178,1
238184,3
238186,3
238188,2
238210,1
238218,2
238220,1
238222,1
238224,1
238230,1
238232,1
238234,1
238250,1
238258,1
238262,1
238264,7
238266,2
238268,14
238284,1
238286,5
238288,1
238294,2
238302,1
238304,11
238312,5
238314,1
238322,1
238336,1
238338,1
238340,1
238342,3
238344,12
238346,1
238352,2
238354,2
238356,1
238360,6
238380,1
238400,1
238426,1
238456,1
238458,1
238494,1
238526,1
238534,7
238556,2
238558,5
238560,3
238562,2
238564,4
238566,6
238568,2
238570,3
238572,2
238590,1
238594,1
238616,1
238622,1
238628,3
238684,17
238714,1
238716,10
238726,1
238728,1
238732,2
238742,1
238762,2
238768,1
238776,1
238782,3
238790,1
238794,1
238804,1
238808,1
238812,2
238814,14
238816,3
238818,11
238820,1
238822,2
238824,1
238830,3
238888,1
238952,2
238954,1
238956,1
238966,1
238972,1
238984,3
238992,2
238996,1
238998,2
239000,3
239002,4
239004,5
239006,2
239008,1
239040,67
239042,6
239048,1
239062,1
239074,1
239090,2
239092,1
239094,1
239096,1
239108,1
239110,2
239112,1
239116,1
239130,1
239132,1
239134,1
239136,1
239138,1
239140,1
239142,1
239144,1
239146,1
239150,1
239152,1
239166,2
239168,3
239172,5
239174,1
239176,4
239180,8
239188,4
239194,2
239218,1
239222,1
239230,8
239238,1
239244,6
239246,2
239248,1
239250,14
239252,9
239254,70
239256,72
239258,59
239260,1
239262,86
239266,1
239276,1
239282,2
239292,1
239306,1
239310,1
239314,1
239316,49
239320,2
239328,1
239330,2
239332,1
239344,1
239358,1
239360,1
239364,11
239374,1
239376,1
239378,2
239380,1
239390,2
239392,4
239394,3
239404,1
239408,1
239418,1
239420,1
239422,1
239424,156
239428,166
239430,2
239432,1
239434,2
239436,1
239438,1
239440,1
239442,1
239444,1
239446,2
239448,5
239450,3
239452,1
239454,2
239456,3
239458,2
239460,2
239462,4
239464,3
239466,4
239468,2
239470,2
239472,3
239474,15
239476,1
239478,9
239480,1
239484,108
239486,39
239488,2
239490,247
239492,1
239502,1
239504,1
239506,1
239522,1
239532,2
239546,1
239548,2
239550,1
239556,2
239558,1
239560,1
239564,1
239568,1
239570,2
239572,2
239574,1
239588,1
239602,1
239604,2
239608,3
239610,1
239612,1
239614,2
239616,3
239618,2
239620,1
239622,9
239628,2
239630,9
239632,1
239636,1
239646,1
239648,3
239650,1
239654,3
239666,1
239668,2
239670,3
239674,1
239676,1
239680,1
239686,2
239690,1
239696,1
239702,1
239708,1
239710,1
239712,1
239714,1
239738,1
239760,1
239764,1
239778,1
239794,4
239798,3
239800,2
239802,1
239806,4
239808,2
239810,2
239814,1
239816,12
239820,2
239824,3
239826,2
239830,1
239836,1
239838,2
239840,1
239842,1
239844,2
239846,1
239848,1
239856,1
239870,1
239872,4
239874,1
239876,1
239878,2
239880,1
239882,1
239892,1
239896,2
239902,3
239908,1
239910,1
239914,2
239918,2
239924,1
239940,1
239944,1
239962,1
239974,1
239986,1
239990,1
240000,2
240002,1
240050,1
240054,1
240066,1
240068,1
240070,1
240072,1
240074,1
240088,2
240092,4
240094,2
240122,1
240126,1
240128,1
240130,1
240136,3
240138,54
240140,3
240152,1
240154,1
240156,1
240158,1
240168,3
240170,1
240172,2
240174,2
240180,1
240182,1
240192,1
240198,1
240204,1
240206,2
240208,2
240210,2
240212,4
240214,2
240216,2
240218,3
240220,3
240222,16
240224,58
240226,3
240232,3
240234,3
240242,1
240248,3
240252,1
240254,1
240258,3
240270,198
240276,1
240278,2
240288,4
240290,1
240296,53
240298,3
240300,7
240302,3
240312,1
240330,1
240334,1
240336,6
240338,34
240340,10
240348,13
240350,1
240360,1
240364,1
240366,1
240368,2
240370,6
240372,1
240374,2
240378,4
240384,2
240386,1
240388,1
240394,3
240400,2
240414,1
240418,3
240420,30
240444,3
240448,2
240450,4
240452,677
240454,1
240456,5
240458,4
240460,23
240466,3
240468,1
240474,1
240476,26
240488,3
240490,2
240502,6
240506,1
240510,2
240520,1
240524,1
240530,1
240552,3
240554,1
240558,3
240566,1
240568,1
240602,2
240616,1
240618,1
240620,1
240628,1
240630,1
240632,1
240634,13
240636,1
240646,1
240648,1
240652,1
240658,1
240666,1
240668,1
240674,1
240678,5
240682,32
240684,1
240686,11
240688,1
240690,1
240706,1
240708,3
240714,1
240716,1
240718,1
240722,5
240724,15
240726,6
240728,1
240738,1
240740,3
240742,6
240750,2
240766,1
240768,3
240770,2
240772,6
240774,1
240784,1
240792,1
240798,1
240800,6
240802,7
240808,1
240810,2
240812,1
240814,1
240818,3
240820,1
240824,3
240826,2
240844,1
240852,1
240856,3
240858,1
240868,3
240870,5
240872,1
240876,1
240886,1
240888,3
240894,1
240896,3
240904,1
240914,1
240922,1
240934,3
240940,1
240948,2
240956,1
240958,2
240960,4
240962,1
240964,7
240966,1
240968,1
240970,2
240972,1
240976,1
240986,2
240992,1
241000,2
241012,3
241014,4
241016,2
241020,2
241028,7
241030,1
241032,125
241034,4
241038,1
241042,3
241044,1
241046,1
241074,1
241090,1
241092,4
241102,1
241112,6
241114,2
241122,2
241126,1
241128,2
241130,1
241134,1
241140,3
241150,2
241152,1
241156,1
241160,9
241162,1
241164,2
241170,3
241174,1
241176,1
241182,1
241186,1
241232,2
241236,3
241244,1
241260,1
241262,3
241272,1695
241274,1
241284,2
241286,1
241288,1
241290,1
241292,1
241294,35
241300,1
241306,4
241308,1
241310,13
241312,1
241314,3
241324,2
241328,1
241330,2
241334,1
241342,2
241344,1
241346,53
241350,1
241352,5
241362,1
241366,1
241376,3
241380,3
241382,2
241386,1
241416,1
241426,1
241428,2
241436,1
241438,1
241440,2
241442,1
241444,1
241446,3
241448,1
241450,2
241452,2
241460,5
241462,1
241472,1
241474,3
241478,5
241480,12
241482,1
241484,1
241486,2
241492,3
241500,1
241508,2
241510,17
241516,2
241518,33
241522,4
241524,1
241530,1
241536,1
241542,1
241544,1
241546,1
241548,1
241550,1
241552,2
241554,2
241556,1
241558,1
241562,3
241566,4
241568,2
241574,6
241586,1
241596,1
241598,24
241600,2
241602,1
241604,2
241608,1
241610,1
241612,3
241614,1
241618,1
241620,2
241624,1
241626,1
241632,1
241634,2
241636,1
241638,16
241642,1
241646,3
241648,1
241650,7
241652,1
241654,1
241658,1
241664,13
241666,6
241668,1
241670,2
241672,3
241674,1
241678,5
241686,1
241692,1
241698,2
241700,1
241702,1
241704,2
241706,1
241708,1
241710,2
241712,2
241714,1
241716,2
241718,1
241720,2
241738,2
241756,5
241766,1
241774,3
241776,4
241778,18
241780,31
241782,2
241784,51
241786,1
241788,2
241790,1
241792,1
241800,40
241806,3
241814,1
241828,7
241834,2
241858,1
241866,1
241870,3
241872,45
241890,1
241896,2
241898,1
241900,1
241904,2
241908,1
241910,10
241912,1
241914,1
241916,1
241918,1
241920,2
241922,2
241924,3
241926,1
241928,2
241930,1
241932,3
241934,1
241936,1
241938,1
241940,2
241942,2
241944,23
241946,3
241950,9
241952,1
241954,2
241956,1
241958,4
241960,110
241966,1
241968,2
241972,1
241976,2
241986,3
241994,2
241998,1
242000,1
242008,1
242010,1
242026,1
242036,1
242044,2
242052,2
242056,1
242058,4
242060,9
242062,54
242064,9
242066,1
242082,1
242086,1
242088,1
242098,6
242100,4
242102,1
242104,1
242106,2
242112,1
242116,2
242124,5
242130,1
242134,1
242142,1
242150,49
242158,5
242164,1
242166,1
242178,2
242192,23
242196,4
242198,4
242200,6
242202,1
242204,401
242206,1
242208,1
242210,22
242214,2
242216,7
242218,1
242220,2
242222,36
242224,1
242232,4
242234,13
242236,8
242238,13
242242,2
242246,9
242248,14
242250,13
242252,1
242254,42
242256,11
242258,4
242262,3
242264,3
242266,3
242268,19
242270,23
242272,1
242274,2
242276,1
242278,2
242280,2
242282,7
242284,1
242286,14
242288,3
242290,1
242292,8
242300,1
242306,1
242312,2
242314,7
242316,2
242318,9
242328,1
242344,1
242350,1
242358,1
242360,26
242364,10
242366,1
242368,2
242374,1
242376,2
242378,3
242382,2
242388,1
242390,2
242394,4
242396,2
242398,1
242400,37
242402,9
242404,11
242418,4
242436,2
242440,1
242450,2
242470,2
242472,1
242474,1
242476,1
242478,1
242482,2
242484,1
242486,2
242488,2
242494,1
242496,2
242498,3
242500,1
242502,2
242504,1
242506,2
242514,1
242522,1
242562,1
242576,1
242616,1
242618,1
242628,1
242640,3
242642,1
242644,1
242650,1
242664,2
242672,1
242674,2
242676,1
242678,1
242688,1
242702,1
242716,1
242734,1
242744,1
242748,5
242760,1
242770,1
242772,36
242774,1609
242776,2
242778,109
242788,1
242790,2
242800,4
242802,1
242804,1
242806,1
242818,1
242828,3
242836,1
242874,1
242882,6
242892,3
242894,857
242896,8
242898,25
242900,7
242902,7
242904,5
242906,713
242908,15
242910,6
242912,2
242916,6
242938,2
242940,2
242942,70
242984,1
242986,1
242988,2
242990,3
242998,1
243002,5
243020,8
243028,1
243034,1
243036,2
243046,1
243066,2
243068,3
243072,1
243074,4
243086,1
243090,1
243138,1
243142,13
243164,1
243182,1
243206,1
243208,102
243210,1
243214,1
243232,1
243234,24
243236,1
243240,1
243242,6
243244,3
243246,1
243248,1
243252,1
243254,1
243256,2
243270,6
243274,1
243278,1
243282,1
243284,1
243288,2
243298,3
243304,4
243306,1
243308,1
243314,1
243316,1
243318,1
243320,1
243322,3
243324,1
243326,2
243328,1
243330,1
243332,5
243334,5
243352,3
243354,9
243356,3
243358,1
243360,1
243362,2
243366,3
243368,2
243372,1
243374,1
243376,1
243378,4
243382,1
243384,3
243392,1
243394,4
243396,1
243398,4
243400,2
243402,8
243404,2
243406,3
243408,3
243410,5
243412,4
243414,2
243416,1
243418,1
243420,1
243428,1
243430,2
243432,2
243434,24
243444,1
243446,1
243460,3
243470,32
243474,2
243476,1
243478,2
243480,2
243482,2
243484,1
243486,1
243488,2
243490,1
243492,1
243494,1
243498,3
243502,1
243506,2
243510,1
243530,1
243542,3
243544,1
243546,1
243548,1
243550,2
243554,5
243560,1
243562,2
243564,1
243566,2
243574,1
243576,1
243578,1
243586,51
243596,1
243598,1
243600,2
243604,16
243606,1
243614,1
243622,1
243632,2
243642,1156
243646,1
243650,3
243656,4
243664,3
243666,2
243672,2
243686,1
243692,2
243704,1
243710,4
243712,3
243714,19
243716,1
243718,1
243728,2
243732,1
243734,1
243742,3
243750,28
243774,1
243780,1
243802,4
243808,2
243812,1
243816,1
243826,28
243828,2
243830,1
243836,4
243838,2
243840,1
243842,1
243844,2
243846,3
243848,1
243850,3
243852,1
243854,12
243856,1
243858,9
243860,1
243866,1
243874,3
243886,1
243892,3
243894,2
243896,1
243900,17
243906,1
243908,2
243918,1
243920,1
243922,1
243924,1
243936,3
243942,2
243944,2
243946,1
243948,1
243954,3
243964,1
243966,6
243968,1
243970,1
243990,3
243992,4
243994,11
244000,1
244014,1
244024,1
244032,1
244036,3
244038,1
244040,1
244042,1
244052,3
244056,1
244072,1
244074,3
244084,1
244086,1
244088,1
244090,1
244092,1
244110,1
244112,1
244114,5
244116,1
244120,4
244128,1
244130,3
244132,2
244134,5
244136,1
244144,3
244150,2
244152,1
244158,4
244166,2
244170,1
244172,133
244174,2
244178,1206
244180,2
244184,26
244188,1
244194,1
244196,3
244220,1
244222,1
244224,4
244226,1
244228,1
244234,5
244254,1
244258,1
244264,1
244266,5
244274,1
244276,3
244280,1
244282,1
244284,3
244286,4
244296,1
244302,2
244304,3
244308,1
244310,4
244314,1
244318,4
244322,9
244328,1
244332,1
244334,861
244336,1
244340,4
244342,1
244344,15
244346,1
244348,1
244364,3
244366,1
244368,81
244374,7
244392,1
244394,1
244400,3
244414,2
244416,2
244418,2
244428,2
244434,1
244436,1
244444,2
244446,3
244448,2
244450,6
244452,1
244454,3
244456,16
244458,5
244460,12
244462,1
244466,1
244472,1
244476,1
244478,1
244480,2
244488,1
244490,1
244492,124
244498,1
244502,23
244504,3
244506,1
244508,11
244510,11
244512,1
244514,1
244524,1
244526,1
244530,9
244534,1
244538,1
244546,1
244558,4
244560,1
244562,1
244564,4
244572,9
244574,1
244578,1
244580,1
244582,2
244584,1
244594,1
244596,4
244600,1
244604,1
244630,3
244632,1
244640,1
244646,1
244648,2
244652,7
244654,1
244656,2
244658,1
244660,2
244664,2
244666,1
244668,25
244672,1
244676,1
244678,4
244682,3
244686,19
244688,1
244690,2
244692,1
244694,2
244704,1
244706,1
244708,1
244710,1
244718,1
244720,2
244738,1
244742,2
244744,1
244748,2
244752,1
244754,17
244756,5
244758,1
244784,1
244786,1
244788,9
244790,2
244792,1
244796,3
244812,1
244816,1
244826,1
244828,1
244830,13
244832,10
244834,10
244836,15
244846,1
244848,2
244852,1
244860,1
244864,1
244878,1
244880,1
244882,10
244890,1
244894,1
244896,1
244898,1
244900,1
244902,1
244904,1
244906,175
244908,41
244910,1
244918,4
244940,1
244952,3
244962,2
244966,6
244968,5
244982,2
244988,1
244992,1
245004,3
245006,1
245008,1
245010,1
245016,13
245052,3
245056,1
245068,15
245074,4
245076,1
245078,28
245082,1
245094,1
245100,1
245102,1
245112,1
245118,1
245126,1
245132,4
245136,98
245138,2
245140,37
245142,1
245144,1
245146,1
245148,1
245150,2
245154,1
245156,1
245170,1
245174,13
245178,1
245180,1
245190,9
245202,22
245208,1
245210,2
245212,9
245218,1
245220,2
245222,2
245234,1
245238,5
245242,1
245244,3
245248,2
245258,48
245262,3
245270,1
245276,1
245278,1
245282,1
245284,6
245286,1
245288,3
245290,1
245292,3
245294,1
245296,1
245298,2
245300,1
245302,1
245304,2
245306,2
245308,2
245310,2
245312,2
245314,1
245316,1
245318,1
245320,1
245322,1
245324,1
245326,1
245328,2
245334,1
245336,2
245340,1
245342,3
245344,69
245350,13
245360,1
245362,2
245366,4
245368,7
245370,1
245372,2
245374,1
245376,1
245378,1
245382,21
245388,1
245392,1
245398,1
245400,1
245402,1
245410,5
245412,2
245414,1
245416,5
245418,1
245428,2
245430,1
245434,1
245436,2
245440,2
245444,28
245448,1
245450,1
245452,69
245456,1
245462,2
245476,2
245478,1
245486,1
245494,2
245496,1
245498,1
245500,2
245502,1
245504,1
245508,3
245512,7
245530,6
245552,1
245558,3
245560,1
245562,1
245568,2
245570,2
245574,1
245578,1
245580,1
245582,1
245584,1
245590,2
245592,1
245600,1
245608,2
245610,3
245616,3
245620,1
245622,4
245624,6
245630,5
245632,1
245652,1
245662,1
245664,1
245668,1
245672,2
245674,2
245676,3
245688,18
245692,1
245694,2
245718,1
245730,1
245734,8
245736,1
245738,5
245740,12
245742,1
245750,2
245758,1
245760,1
245762,3
245764,1
245766,2
245768,2
245780,1
245782,2
245788,2
245790,2
245792,3
245794,1
245796,1
245798,3
245800,1
245802,1
245804,1
245808,1
245812,246
245816,43
245818,22
245820,1
245826,1
245834,1
245854,4
245858,1
245866,2
245868,2
245876,1
245886,3
245888,2
245890,2
245892,2
245898,1
245900,5
245902,196
245904,1
245906,1
245910,2
245912,1
245914,1
245918,4
245920,1
245936,2
245938,7
245940,9
245942,3
245944,3
245946,4
245948,2
245952,1
245954,2
245958,1
245968,1
245976,1
245978,1
245980,1
245984,1
245986,1
245988,1
245990,1
246030,1
246032,3
246034,1
246038,3
246040,1
246042,1
246044,1
246046,3
246048,1
246050,1
246052,2
246054,3
246056,3
246062,1
246064,1
246068,5
246072,2
246074,1
246076,1
246078,1
246080,1
246082,1
246086,1
246090,3
246098,3
246100,1
246102,1
246106,3
246110,1
246112,1
246116,2
246118,1
246126,1
246128,1
246130,1
246134,2
246136,1
246138,1
246142,1
246144,3
246148,1
246158,1
246160,1
246168,1
246180,1
246186,1
246192,1
246206,1
246210,1
246218,1
246222,1
246224,40
246238,14
246242,2
246258,7
246260,1
246262,24
246282,1
246292,1
246294,1
246296,2
246300,1
246302,2
246304,1
246322,1
246324,1
246334,1
246336,12
246342,1
246344,1
246346,1
246352,6
246358,3
246366,1
246384,1
246386,1
246392,2
246396,1
246398,1
246402,30
246404,1
246406,1
246408,1
246410,1
246412,1
246414,1
246416,1
246418,1
246422,2
246424,1
246426,1
246428,1
246430,1
246432,1
246454,1
246462,2
246464,1
246466,6
246468,2
246480,16
246482,1
246502,1
246510,1
246512,6
246522,4
246534,2
246540,2
246542,1
246548,2
246556,2
246562,1
246564,1
246576,2
246584,4
246588,1
246592,1
246598,1
246600,1
246604,141
246614,1
246616,1
246618,4
246624,1
246626,3
246628,1
246632,1
246634,1
246638,1
246640,1
246642,1
246644,1
246646,8
246648,1
246650,1
246662,1
246664,5
246666,22
246668,2
246678,1
246684,2
246696,16
246698,2
246700,2
246702,1
246704,2
246706,1
246708,3
246710,2
246718,1
246720,1
246726,3
246728,1
246730,1
246732,1
246734,4
246740,1
246746,2
246762,1
246776,1
246786,2
246802,1
246804,1
246808,1
246810,1
246812,1
246816,4
246820,2
246822,2
246834,2
246838,1
246842,1
246844,6
246846,33
246848,2
246850,19
246854,1
246860,4
246862,8
246880,1
246886,3
246890,3
246892,2
246894,4
246906,1
246912,1
246914,2
246916,1
246920,1
246922,3
246930,2
246940,1
246944,1
246946,3
246954,5
246966,1
246970,2
246976,1
246978,2
246980,1
246984,1
246986,1
246992,2
247000,4
247002,3
247008,14
247026,5
247028,1
247030,6
247032,1
247034,1
247038,8
247044,1
247048,3
247060,1
247076,1
247084,4
247088,11
247090,1
247094,1
247096,1
247110,3
247112,1
247114,3
247116,2
247118,1
247120,1
247122,1
247124,1
247126,1
247128,3
247132,2
247138,1
247144,1
247150,285
247152,1
247156,2
247162,1
247164,1
247174,2
247176,1
247178,2
247180,2
247184,1
247194,4
247210,1
247214,1
247218,2
247232,1
247242,3
247246,1
247252,3
247258,1
247262,4
247264,1
247270,2
247272,1
247276,1
247278,1
247280,2
247292,1
247294,1
247296,1
247298,1
247300,1
247302,2
247304,1
247306,3
247308,2
247310,1
247312,1
247314,2
247316,1
247318,1
247320,1
247324,1
247326,3
247328,3
247330,2
247338,1
247350,1
247352,3
247360,2
247364,1
247368,1
247370,3
247372,19
247374,2
247376,1
247380,1
247384,3
247386,12
247388,1
247396,6
247400,1
247408,1
247412,2
247416,1
247424,1
247446,5
247458,3
247460,1
247464,8
247466,7
247468,1
247480,2
247482,2
247488,1
247490,1
247492,2
247494,1
247496,1
247498,1
247500,12
247504,4
247506,1
247510,2
247534,2
247536,1
247542,1
247546,1
247554,1
247560,2
247562,1
247564,5
247568,3
247570,6
247572,3
247574,1
247576,1
247578,2
247582,5
247584,2
247586,1
247590,1
247596,1
247600,1
247602,3
247604,1
247606,4
247622,2
247628,2
247638,13
247642,1
247646,2
247648,1
247660,1
247668,1
247670,1
247672,1
247674,1
247682,4
247684,4
247690,4
247694,2
247696,1
247698,5
247700,2
247710,1
247712,2
247716,1
247722,2
247730,1
247732,1
247734,3
247736,1
247738,3
247740,1
247742,1
247744,2
247746,1
247750,1
247758,1
247770,1
247772,4
247774,3
247776,1
247778,1
247780,197
247782,1
247784,1
247786,1
247790,1
247802,1
247806,2
247808,1
247822,7
247824,1
247838,5
247840,2
247850,2
247852,2
247854,1
247872,1
247876,1
247884,1
247894,1
247898,1
247916,69
247926,1
247930,1
247940,1
247942,1
247950,3
247952,2
247954,1
247966,1
247972,2
247974,1
247976,1
247978,1
247980,1
247982,1
247984,1
247986,1
247988,1216
247990,2
247996,1
247998,4
248000,37
248002,10
248004,1
248008,2
248010,2
248012,42
248014,17
248018,7
248024,2
248028,3
248030,2
248032,1
248034,3
248036,3
248038,8
248040,2
248042,2
248048,1
248050,1
248052,12
248054,1
248056,1
248068,1
248082,1
248084,1
248094,2
248100,2
248106,1
248112,1
248114,1
248116,2
248120,3
248124,5
248126,1
248128,2
248130,4
248154,1
248158,2
248166,1
248178,1
248184,9
248186,1
248190,1
248192,1
248208,3
248212,2
248214,1
248216,4
248218,1
248220,1
248222,3
248226,1
248228,1
248230,3
248232,2
248238,2
248240,1
248242,1
248246,1
248260,1
248280,1
248282,1
248284,1
248286,1
248288,1
248290,1
248296,2
248298,1
248300,1
248302,3
248304,2
248306,2
248308,5
248310,10
248312,4
248314,2
248316,3
248324,2
248332,1
248348,1
248354,3
248356,1
248358,1
248374,1
248378,1
248382,1
248386,2
248398,1
248400,2
248410,1
248416,1
248420,1
248424,3
248434,3
248436,2
248438,4
248440,1
248442,3
248444,1
248460,4
248462,1
248466,1
248468,2
248474,1
248476,1
248478,3
248480,5
248482,1
248496,8
248504,2
248524,1
248530,1
248536,1
248540,1
248544,1
248546,4
248550,1
248554,1
248570,1
248578,1
248582,1
248586,1
248592,2
248602,1
248636,1
248638,1
248640,1
248642,1
248644,1
248646,4
248656,2
248658,1
248670,1
248672,1
248674,1
248680,2
248682,1
248692,1
248698,1
248702,1
248706,5
248708,1
248714,2
248716,8
248718,5
248724,1
248728,3
248730,3
248732,1
248738,1
248740,1
248742,1
248760,1
248762,32
248764,1
248766,1
248772,1
248776,1
248778,2
248782,1
248784,1
248804,2
248816,1
248818,2
248830,2
248832,1
248834,1
248836,19
248838,2
248842,5
248844,1
248846,1
248848,1
248850,1
248852,1
248854,1
248856,1
248858,1
248864,3
248866,1
248868,2
248874,1
248876,1
248878,2
248882,1
248886,1
248890,1
248894,1
248896,1
248906,1
248912,631
248922,1
248932,1
248934,3
248936,1
248938,1
248948,1
248950,1
248954,1
248956,2
248964,1
248966,1
248968,1
248970,3
248972,1
248976,1
248982,1
248990,1
248992,1
248996,1
248998,1
249002,2
249012,2
249022,1
249026,1
249028,7
249030,11
249032,1
249034,1
249052,1
249056,1
249058,2
249060,1
249062,2
249064,1
249068,2
249070,1
249076,1
249078,3
249086,2
249092,1
249098,18
249104,1
249106,2
249108,2
249110,2
249118,1
249122,294
249124,1
249130,1
249134,1
249136,12
249138,1
249142,1
249148,2
249154,5
249158,1
249160,11
249162,1
249164,1
249166,1
249168,1
249170,2
249174,1
249176,1
249180,24
249182,7
249186,1
249190,1
249192,1
249200,9
249210,1
249222,7
249232,1
249234,1
249236,2
249248,1
249258,1
249262,2
249270,2
249274,1
249276,2
249292,12
249298,1
249300,1
249306,1
249316,20
249318,2
249324,9
249328,1
249330,1
249332,1
249334,1
249336,1
249338,3
249342,1
249346,1
249350,2
249354,1
249356,3
249362,2
249368,1
249372,1
249384,1
249386,25
249392,11
249394,1
249396,1
249398,9
249404,1
249408,1
249426,1
249428,1
249436,1
249438,2
249450,1
249452,3
249460,3
249464,1
249470,2
249472,1
249476,1
249480,4
249486,1
249488,2
249492,2
249504,2
249506,1
249508,1
249516,1
249524,1
249528,18
249530,1
249534,1
249536,30
249538,2
249540,1008
249572,2
249574,1
249576,1
249592,1
249594,2
249598,3
249608,2
249616,2
249620,7
249622,11
249624,10
249662,2
249670,1
249676,3
249682,4
249684,1
249686,4
249688,2
249694,2
249696,2
249698,5
249700,2
249702,2
249704,2
249708,1
249722,12
249724,8
249738,1
249746,1
249760,1
249778,8
249780,1
249782,1
249800,1
249806,3
249818,4
249824,1
249826,3
249828,2
249832,2
249846,1
249862,1
249866,1
249870,1
249878,1
249880,1
249882,1
249884,2
249886,14
249890,1
249896,1
249898,2
249900,1
249904,1
249906,2
249910,1
249912,1
249918,1
249920,1
249932,1
249950,6
249952,1
249954,1
249960,1
249964,403
249966,1
249968,1
249970,1
249972,2
249976,3
249978,1
249980,2
249982,1
249984,3
249990,1
249996,1
250002,1
250004,1
250010,1602
250012,1
250024,1
250026,1
250028,28
250030,10
250032,5
250042,4
250050,2
250064,1
250066,1
250074,1
250080,1
250082,1
250088,3
250090,3
250092,2
250098,2
250106,1
250110,1
250122,7
250128,4
250130,3
250132,4
250134,6
250136,3
250138,2
250140,5
250142,3
250144,3
250146,4
250148,3
250150,2
250152,3
250154,1
250162,3
250164,3
250166,5
250168,6
250170,5
250172,3
250174,4
250176,2
250178,3
250180,4
250182,4
250184,4
250186,2
250188,2
250190,3
250192,2
250194,3
250196,19
250206,1
250208,1
250216,1
250244,1
250268,2
250274,1
250286,1
250288,6
250290,1
250294,1
250314,1
250318,1
250320,3
250322,2
250324,1
250326,21
250328,2
250330,2
250332,1
250334,5
250338,4
250340,2
250342,2
250352,2
250356,4
250360,1
250362,137
250364,59
250370,1
250372,3
250374,1
250376,1
250378,3
250380,1
250396,1
250406,1
250410,1
250412,1
250418,1
250424,5
250428,1
250444,2
250468,1
250470,1
250472,6
250474,7
250476,7
250478,5
250480,8
250482,8
250492,1
250494,238
250496,3
250498,2
250502,9
250506,1
250508,1
250520,1
250540,1
250542,1
250544,1
250546,233
250552,1
250562,2
250564,7
250566,4
250568,3
250570,3
250572,3
250574,17
250576,3
250578,3
250580,4
250586,7
250598,6
250600,2
250602,1
250604,3
250606,3
250608,6
250610,3
250612,2
250614,6
250616,4
250618,6
250620,3
250622,8
250624,2
250626,2
250628,4
250630,2
250632,4
250634,9
250636,6
250638,3
250640,6
250642,1
250644,3
250646,4
250648,6
250650,1
250654,2
250656,3
250660,3
250664,4
250670,1
250674,2
250676,3
250686,1
250688,1
250692,2
250700,1
250706,1
250730,3
250750,1
250764,13
250766,3
250786,1
250792,1
250794,1
250796,2
250798,4
250802,2
250806,1
250810,1
250818,1
250824,2
250828,2
250830,1
250832,7
250834,1
250846,2
250848,3
250852,57
250858,45
250866,1
250872,4
250874,6
250876,3
250878,1
250888,2
250900,1
250904,2
250906,1
250914,3
250916,1
250920,2
250924,1
250926,1
250928,2
250930,1
250932,1
250934,1
250936,1
250938,1
250940,18
250942,4
250944,1
250950,1
250952,3
250968,386
250974,2
250976,1
250982,1
250990,2
251006,1
251014,1
251022,1
251024,3
251032,1
251034,1
251044,1
251048,1
251050,2
251054,1
251056,1
251070,2
251074,1
251080,1
251086,1708
251088,1
251090,3
251094,1
251100,8
251110,1
251118,2
251120,1
251124,1
251130,1
251136,1
251138,4
251140,1
251164,1
251166,1
251180,1
251182,2
251184,1
251186,1
251190,1
251200,1
251202,1
251206,13
251208,1
251218,1
251222,1
251224,20
251226,3
251234,381
251244,29
251246,2
251254,1
251256,10
251268,12
251270,1
251272,1
251284,4
251294,1
251306,2
251318,6
251320,4
251322,2
251324,6
251328,1
251336,4
251342,1
251350,1
251352,4
251354,2
251356,1
251358,1
251368,3
251380,2
251382,5
251384,19
251386,2
251388,36
251390,4
251392,12
251396,42
251398,3
251404,4
251410,1
251412,6
251414,1
251416,6
251422,10
251436,7
251438,2
251448,1
251450,1
251456,1
251480,3
251482,1
251484,2
251486,2
251488,10
251490,2
251492,1
251496,1
251498,2
251500,2
251508,4
251512,1
251514,6
251516,235
251520,8
251530,1
251532,1
251534,1
251556,1
251566,1
251572,1
251574,1
251576,1
251578,2
251580,1
251582,2
251586,2
251588,1
251596,1
251598,1
251602,1
251604,3
251606,389
251610,1
251612,22
251614,5
251616,9
251620,7
251622,1
251624,2
251626,1
251630,11
251634,3
251636,2
251646,4
251652,6
251654,5
251656,1
251658,1
251660,2
251662,71
251666,3
251668,7
251670,2
251672,1
251676,1
251678,3
251692,1
251698,2
251718,1
251722,18
251726,155
251728,6
251730,1
251736,8
251738,199
251740,1
251742,2
251750,1
251752,2
251754,3
251756,1
251758,2
251760,1
251764,1
251766,2
251784,1
251788,14
251790,14
251792,1
251794,37
251796,10
251838,1
251864,1
251878,1
251880,1
251890,10
251900,66
251902,1
251906,8
251910,1
251912,1
251914,1
251916,4
251918,4
251920,1
251922,200
251928,1
251946,12
251948,2
251950,1
251952,1
251954,1
251958,1
251994,2
251996,21
251998,2
252010,3
252012,2
252014,3
252016,9
252022,7
252024,2
252026,1
252028,6
252032,1
252052,1
252072,3
252074,1
252076,1
252078,35
252080,2
252082,1
252084,2
252086,99
252088,1
252094,1
252100,4
252106,3
252112,1
252114,8
252116,2
252122,1
252126,1
252132,7
252134,3
252136,1
252148,1
252154,1
252160,1
252176,2
252180,810
252182,2
252184,29
252186,1
252188,37
252190,1
252192,1
252206,2
252212,89
252214,116
252238,1
252254,1
252262,1
252264,1
252266,1
252272,95
252278,2
252286,12
252288,2
252304,1
252306,3
252308,29
252310,2
252312,1
252314,1
252316,1
252318,3
252320,22
252324,2
252328,7
252334,1
252346,2
252348,1
252352,1
252360,93
252364,6
252366,1
252370,2
252380,3
252384,1
252386,10
252388,1
252390,2
252392,1
252394,1
252396,1
252398,2
252400,2
252402,1
252404,2
252406,4
252408,1
252410,3
252412,1
252418,1
252420,1
252422,1
252428,1
252434,1
252448,2
252456,1
252458,6
252460,2
252462,4
252468,1
252474,1
252482,1
252484,1
252516,1
252518,1
252520,2
252526,3
252532,9
252536,1
252572,1
252580,1
252582,1
252584,1
252586,1
252588,3
252590,860
252596,3
252610,5
252622,3
252626,49
252628,3
252630,1
252634,1
252636,1
252638,1
252642,1
252646,28
252648,3
252650,3
252656,1
252658,1
252660,1
252662,139
252664,6
252666,3
252670,4
252678,1
252686,1
252690,8
252692,1
252694,1
252696,2
252700,1
252702,1
252704,1
252706,37
252708,6
252710,283
252712,4
252714,2
252716,1
252718,1
252724,1
252726,1
252732,1
252738,1
252750,1
252756,1
252762,2
252768,1
252774,1
252782,1
252784,8
252786,1
252788,1
252790,1
252792,2
252808,1
252812,3
252820,2
252828,1
252840,1
252846,3
252852,2
252854,1
252858,1
252868,1
252880,1
252882,2
252884,1
252888,2
252890,1
252896,1
252898,1
252900,4
252902,1
252904,1
252906,9
252908,1
252910,1
252912,1
252914,2
252916,1
252918,2
252920,2
252922,2
252924,1
252926,1
252928,1
252930,562
252932,104
252936,1
252938,1
252980,1
252982,1
252984,2
252986,2
252988,3
252990,3
252992,1
253004,1
253042,1
253048,1
253054,1
253072,3
253074,2
253076,1
253078,5
253080,1
253086,1
253088,3
253096,1
253106,1
253108,3
253114,21
253116,1
253120,1
253124,4
253126,34
253128,54
253130,129
253134,1
253136,1
253138,339
253140,1
253142,1
253148,1
253152,2
253154,1
253160,1
253164,1
253176,2
253180,1
253184,1
253186,1
253188,1
253190,2
253192,5
253194,1
253196,3
253198,3
253200,2
253208,1
253212,5
253222,1
253224,1
253226,1
253228,1
253232,2
253234,73
253236,4
253240,2
253250,5
253254,1
253258,4
253262,1
253266,1
253268,1
253272,11
253274,1
253280,13
253282,1
253284,1
253290,1
253292,1
253294,5
253296,1
253298,4
253300,1
253302,3
253304,9
253306,1
253308,1
253310,33
253312,1
253314,1
253316,1
253322,15
253324,4
253326,3
253328,2
253330,1
253332,132
253344,2
253346,3
253356,1
253358,2
253366,1
253370,4
253372,2
253374,1
253376,3
253378,1
253380,5
253382,2
253392,3
253394,4
253396,8
253424,1
253426,1
253430,2
253434,2
253438,1
253442,4
253444,2
253448,1
253458,1
253466,1
253478,2
253482,2
253484,1
253488,1
253490,1
253492,1
253498,284
253508,1
253510,1
253512,1
253514,1
253522,5
253532,2
253534,1
253536,50
253538,3
253546,1
253552,1
253564,3
253566,1
253576,2
253578,1
253580,2
253598,1
253600,1
253602,1
253604,2
253606,2
253608,4
253610,2
253612,3
253614,1
253616,37
253618,286
253620,187
253622,1
253624,2
253626,1
253628,2
253630,1
253660,3
253662,1
253666,1
253670,3
253688,1
253690,678
253692,48
253698,1
253706,13
253710,8
253712,3
253722,1
253724,3
253728,2
253730,2
253740,1
253742,3
253744,1
253746,1
253752,3
253754,1
253758,3
253760,1
253762,3
253764,2
253770,9
253772,44
253774,4
253778,1
253780,1
253788,1
253794,2
253802,1
253806,2
253808,1
253812,1
253814,1
253822,1
253824,1
253826,31
253830,19
253832,1
253840,1
253842,2
253844,2
253846,1
253852,7
253858,1
253860,1
253862,1
253874,1
253888,1
253894,1
253898,1
253900,4
253902,4
253904,2
253906,49
253908,1
253910,15
253912,2
253914,3
253916,1
253934,1
253936,1
253940,1
253944,2
253946,1
253948,1
253950,1
253952,1
253954,1
253960,115
253962,4
253968,1
253970,2
253972,246
253976,276
253978,2
253980,4
253982,1
253998,12
254002,3
254004,5
254010,1
254012,1
254016,2
254022,2
254030,1
254034,16
254048,5
254054,1
254056,3
254062,8
254064,1
254068,2
254070,4
254072,64
254098,1
254100,40
254102,2
254112,1
254114,1
254116,1
254122,1
254124,1
254126,2
254128,1
254130,3
254132,3
254134,2
254136,4
254140,2
254146,1
254148,1
254154,2
254162,1
254168,2
254176,1
254178,193
254184,1
254188,3
254190,1
254192,6
254194,84
254198,3
254200,1
254204,1
254214,28
254216,1
254224,1
254238,119
254240,1
254266,2
254272,1
254290,1
254292,1
254294,1
254316,2
254318,2
254324,1
254328,1
254330,1
254332,2
254334,1
254338,34
254340,1
254342,2
254366,9
254372,3
254374,8
254376,1
254378,3
254384,1
254388,4
254390,3
254392,6
254394,101
254412,1
254416,1
254420,1
254424,3
254430,1
254432,2
254434,1
254450,41
254452,129
254454,5
254456,3
254460,712
254462,2
254464,25
254476,1
254478,22
254480,4
254482,2
254484,11
254486,1
254488,1
254490,2
254494,1
254498,1
254500,5
254502,1
254504,1
254506,1
254508,1
254510,1
254512,2
254514,40
254520,3
254526,2
254530,1
254534,1
254544,1
254548,1
254560,1
254562,1
254566,1
254572,1
254574,2
254576,1
254586,2
254588,1
254592,4
254602,1
254608,2
254614,73
254616,1
254620,1
254624,2
254634,1
254636,1
254648,1
254664,1
254666,1
254668,1
254676,1
254678,1
254680,2
254682,35
254684,52
254688,3
254698,1
254708,3
254710,1
254718,137
254720,249
254722,103
254724,176
254726,5332
254730,3
254732,2
254734,4
254736,1
254740,1
254742,2
254744,80
254752,1
254758,1
254760,1
254762,4
254764,1
254774,2
254776,1
254778,2
254782,1
254786,1
254790,20
254792,1
254794,1
254796,5
254799,10
254801,1
254803,1
254807,2
254811,1
254815,3
254825,3
254855,9
254857,3
254859,1
254863,1
254865,1
254867,1
254869,1
254881,4
254883,1
254887,1
254889,3
254903,1
254909,1
254945,2
254951,1
254953,1
254987,1
254997,1
255005,2
255009,1
255015,4
255017,1
255025,3
255027,2
255029,1
255045,7
255049,1
255055,2
255067,1
255091,1
255095,1
255097,1
255101,1
255105,1
255109,1
255113,1
255123,12
255127,2
255133,1
255135,2
255153,7
255159,2
255161,2
255163,2
255165,1
255171,1
255173,1
255175,3
255177,1
255185,1
255187,2
255191,7
255195,1
255201,2
255211,2
255215,1
255221,3
255225,1
255231,2
255249,1
255251,1
255261,1
255263,1
255265,2
255269,3
255277,20
255279,34
255281,1
255283,4
255285,1
255287,3
255289,6
255291,4
255303,1
255305,5
255325,2
255335,1853
255337,781
255339,90
255343,3
255361,1
255385,1
255391,2
255397,2
255399,1
255411,1
255415,1
255421,5
255423,4
255425,2
255435,2
255437,2
255443,1
255445,1
255457,1
255469,1
255477,2
255483,1
255485,1
255489,48
255491,4
255493,1
255503,1
255507,1
255519,1
255523,1
255529,1
255571,23
255581,4
255595,1
255605,1
255609,1
255613,1
255621,1
255629,1
255633,17
255635,1
255639,31
255647,8
255653,2
255655,319
255657,162
255659,2
255661,2
255665,2
255673,1
255675,1
255677,1
255679,2
255685,2
255689,1
255697,4
255699,34
255727,1
255729,1
255743,1
255757,2
255779,2
255783,2
255785,1
255787,1
255789,1
255797,1
255815,1
255821,1
255823,1
255833,1
255835,3
255837,4
255845,1
255847,4
255851,17
255853,2
255859,1
255863,2
255867,1
255875,2
255881,39
255893,8
255895,14
255897,2
255899,1
255911,1
255919,1
255923,1
255927,1
255941,1
255943,1
255945,16
255947,7
255949,1
255951,1
255953,4
255955,26
255957,1
255963,1
255971,1
255981,1
255985,1
255989,2
256005,4
256015,1
256023,10
256029,1
256045,1
256047,1
256049,1
256051,1
256053,1
256055,1
256057,3
256061,1
256063,1
256069,1
256073,6
256075,70
256077,2
256089,1
256091,1
256093,2
256095,1
256101,1
256105,1
256115,1
256119,2
256137,1
256141,1
256143,4
256147,1
256151,3
256153,1
256159,1
256161,6
256169,1
256173,4
256185,1
256187,2
256189,1
256193,1
256197,1
256209,2
256213,2
256215,1
256217,1
256219,1
256221,3
256223,11
256231,1
256233,1
256249,1
256267,1
256277,2
256283,1
256287,2
256291,1
256297,5
256299,6
256305,3
256307,2
256309,1
256311,1
256313,1
256315,1
256317,2
256319,3
256321,5
256323,9
256325,68
256327,11
256329,2
256331,1
256333,1
256337,2
256339,1
256341,1
256349,1
256351,2
256355,1
256357,1
256359,2
256365,1
256367,1
256369,55
256371,1
256375,1
256379,1
256381,1
256383,1
256387,1
256389,1
256391,1
256393,72
256401,1
256409,1
256411,2
256427,1
256431,3
256451,1
256455,1
256457,3
256463,1
256477,5
256503,2
256505,5
256509,1
256511,1
256527,3
256529,1
256531,3
256533,2
256535,9
256537,1
256539,3
256541,1
256543,2
256545,4
256547,6
256549,1
256551,1
256553,3
256555,2
256557,5
256559,2
256561,2
256563,3
256565,2
256567,112
256569,2
256573,1
256599,1
256601,1
256649,1
256661,9
256665,2
256677,1
256693,1
256705,1
256709,2
256711,1
256729,2
256735,1
256747,1
256749,1
256751,1
256753,1
256757,1
256765,7
256773,1
256787,1
256789,2
256797,1
256801,1
256803,2
256805,1
256807,1
256817,1
256819,58
256827,2
256831,1
256833,1
256835,2
256837,22
256839,2
256843,1
256863,1
256865,1
256881,1
256899,3
256903,3
256913,1
256939,3
256941,16
256943,2
256949,1
256951,4
256953,7
256955,2
256971,1
256987,1
256991,13
256995,1
257003,2
257005,3
257007,12
257009,1
257011,2
257013,2
257015,3
257031,1
257033,3
257035,2
257037,533
257041,1
257061,1
257075,1
257083,1
257091,3
257103,1
257105,1
257111,5
257113,1
257119,2
257133,1
257147,2
257161,2
257215,1
257217,1
257227,1
257247,1
257249,15
257251,68
257253,1
257255,1
257261,1
257279,1
257281,280
257285,1
257295,2
257297,2
257315,1
257317,1
257329,3
257339,2
257349,1
257351,1
257355,1
257365,4
257377,1
257379,33
257383,7
257385,2
257387,97
257389,1
257403,1
257407,1
257409,1
257411,2
257413,7
257415,8
257423,16
257439,1
257445,1
257447,1
257451,1
257457,1
257461,1
257463,1
257467,1
257469,1
257471,5
257473,9
257483,1
257489,1
257501,1
257503,1
257505,4
257515,1
257523,1
257527,1
257529,1
257533,1
257535,2
257537,1
257539,1
257541,7
257543,1
257551,18
257553,24
257555,2
257557,3
257559,4
257561,1
257567,1
257571,1
257573,1
257575,2
257577,1
257581,38
257583,3
257585,40
257587,5
257589,86
257591,10
257593,12
257595,182
257599,1
257605,1
257621,1
257625,2
257627,10
257633,2
257635,1
257637,263
257641,1
257643,1
257645,10
257649,2
257655,1
257659,13
257669,1
257679,1
257689,3
257693,2
257695,1
257697,1
257701,9
257703,2
257705,20
257707,1
257709,25
257711,2
257713,1
257723,2
257731,1
257733,2
257735,1
257737,1
257739,2
257745,38
257749,3
257751,394
257755,2
257769,3
257777,1
257799,1
257805,33
257807,4
257809,4
257811,1
257813,7
257815,2
257821,11
257831,1
257835,3
257843,1
257849,2
257851,4
257855,2
257857,1
257865,1
257867,7
257871,1
257873,1
257879,2
257883,1
257889,1
257897,1
257905,1
257909,1
257921,1
257945,8
257949,1
257953,68
257967,1
257969,86
257975,5
257977,1
257983,1
257985,1
257987,1
257989,1
257991,2
257993,3
257995,1
257999,10
258001,69
258003,1
258005,1
258007,1
258009,1
258011,1
258013,3
258015,1
258017,2
258019,1
258021,1
258023,1
258025,1
258027,2
258029,1
258031,2
258033,1
258035,1
258037,1
258039,3
258041,1
258043,1
258045,1
258047,4
258049,3
258051,4
258053,3
258055,1
258057,1
258059,1
258061,2
258063,2
258065,2
258067,1
258069,1
258071,1
258073,3
258075,1
258077,1
258081,1
258083,4
258085,1
258087,1
258089,6
258091,2
258093,5
258095,4
258097,1
258099,3
258101,3
258103,1
258105,1
258107,1
258109,2
258111,1
258113,1
258117,1
258127,3
258131,1
258135,1
258137,1
258155,1
258157,7
258159,1
258173,1
258183,1
258195,1
258199,6
258201,1
258203,14
258215,1
258219,1
258223,2
258235,1
258237,1
258239,1
258243,1
258245,1
258247,1
258251,11
258253,1
258255,1
258257,1
258259,2
258261,1
258263,1
258267,1
258273,1
258275,4
258279,74
258281,6
258283,2
258285,12
258287,1
258289,1
258291,2
258307,1
258321,1
258339,1
258349,1
258351,1
258353,1
258355,1
258381,2
258387,1
258431,8
258447,1
258451,861
258453,1
258459,2
258463,1
258469,19
258475,1
258491,1
258493,1
258497,1
258499,1
258501,11
258503,2
258505,1
258511,1
258525,1
258541,1
258543,1
258551,1
258553,3
258565,47
258567,3
258571,3
258573,10
258575,160
258579,7
258581,3
258583,1
258589,1
258591,36
258593,13
258597,2
258615,1
258621,17
258625,2
258627,2
258629,1
258631,3
258633,1
258637,76
258643,2
258655,2
258663,1
258665,3
258667,2
258669,2
258671,80
258673,3
258675,1
258677,20
258679,1
258681,1
258683,1
258685,6
258689,14
258691,26
258695,2
258697,1
258699,1
258701,2
258705,1
258707,1
258709,6
258711,1
258713,1
258715,4
258717,1
258719,1
258721,2
258723,1
258725,1
258727,2
258729,1
258745,1
258763,1
258765,1
258767,4
258769,1
258771,2
258797,1
258799,1
258805,1
258809,1
258817,1
258823,1
258831,2
258833,1
258835,4
258839,1
258841,1
258843,1
258845,1
258847,2
258849,14
258855,1
258857,175
258859,35
258869,1
258871,2
258873,2
258875,3
258877,2
258879,11
258881,199
258887,3
258915,6
258929,460
258931,1
258933,1
258935,1
258937,1
258939,1
258941,1
258943,1
258945,1
258947,1
258949,1
258951,2
258953,1
258955,1
258957,1
258969,1
258973,1
258981,1
258983,3
258991,1
258997,1
258999,4
259001,1
259003,1
259005,67
259009,2
259011,1
259013,1
259019,1
259021,3
259023,9
259025,1
259027,1
259029,1
259031,1
259033,2
259035,105
259037,1
259039,1
259041,2
259047,1
259049,1
259051,2
259053,14
259063,1
259077,38
259079,3
259087,1
259097,1
259115,1
259125,1
259127,1
259133,1
259179,1
259187,2
259189,1
259191,60
259193,2
259197,2
259199,30
259205,13
259207,4
259209,1
259211,1
259213,6
259215,16
259217,4
259219,5
259229,1
259233,20
259245,1
259249,4
259255,1
259257,1
259259,2
259261,6
259263,1
259265,283
259271,11
259275,1
259279,1
259281,2
259283,29
259285,2
259289,1
259303,1
259305,2
259315,1
259319,1
259321,1
259323,3
259325,14
259327,4
259329,9
259335,3
259337,40
259343,1
259345,2
259349,1
259351,23
259353,28
259355,1
259357,1
259377,1
259389,1
259411,2
259429,1
259463,1
259467,2
259475,1
259495,1
259503,1
259505,1
259517,3
259525,4
259529,1
259533,1
259535,1
259541,18
259543,1
259545,3
259547,2
259549,1
259551,1
259571,1
259573,3
259575,64
259577,3
259579,3
259589,2
259591,1
259595,1
259599,1
259601,2
259603,1
259605,2
259607,1
259615,2
259619,3
259621,1
259623,6
259629,1
259631,1
259641,1
259643,1
259647,37
259653,1
259655,2
259659,794
259665,356
259667,2
259673,3
259681,7
259685,8
259687,2
259689,4
259709,2
259711,1
259713,1
259715,19
259717,1
259721,2
259723,6
259725,3
259727,1
259737,17
259741,1
259743,1
259745,2
259747,2
259751,152
259755,1
259757,2
259761,1
259789,3
259791,2
259795,3
259801,3
259821,1
259823,2
259833,22
259835,49
259837,1
259839,1
259841,1
259843,1
259845,1
259847,1
259857,2
259859,169
259861,1
259865,5
259867,4
259869,1
259871,8
259873,1
259879,1
259891,53
259893,3
259901,1
259909,7
259915,3
259917,1
259919,122
259921,6
259923,8
259925,2
259929,1
259931,2
259935,2
259937,3
259939,1
259941,21
259943,11
259945,1
259947,4
259949,4
259951,3
259953,1
259957,1
259959,4
259965,1
259969,2
259977,1
259979,1
259981,3
259993,1
259995,1
260001,1
260005,1
260009,1
260011,1
260013,1
260017,2
260023,2
260025,1
260031,1
260035,1
260037,37
260039,58
260041,14
260043,1
260045,1
260047,2
260053,1
260055,1
260057,1
260059,1
260061,6
260063,1
260067,1
260069,1
260071,3
260077,3
260079,3
260081,3
260083,1
260087,2
260091,1
260093,22
260095,1
260097,1
260099,1
260101,2
260133,5
260135,1
260145,1
260157,1
260159,1
260165,1
260167,7
260175,31
260177,1
260181,1
260185,18
260187,1
260189,1
260193,2
260201,162
260203,2
260207,1
260209,2
260213,1
260219,4
260229,1
260231,4
260235,3
260237,1
260243,841
260245,1
260251,3
260255,1
260259,1
260267,1
260273,1
260277,10
260279,1
260283,1
260287,3
260289,1
260299,1
260301,2
260307,1
260309,4
260311,1
260319,1
260327,1
260329,1
260331,3
260341,1
260343,2
260361,1
260365,1
260369,1
260375,1
260377,1
260383,4
260385,2
260387,1
260391,10
260393,3
260397,4
260415,2
260421,1
260425,1
260429,1
260433,8
260435,1
260437,1
260441,1
260443,2
260445,5
260453,1
260465,1
260471,2
260473,1
260475,1
260477,1
260481,1
260483,2
260485,2
260487,14
260489,1
260491,2
260495,18
260497,1
260499,2
260503,2
260507,1
260513,1
260523,5
260529,1
260531,1
260535,1
260537,4
260539,2
260541,1
260551,1
260553,2
260555,1
260557,9
260559,12
260563,1
260565,1
260569,2
260575,1
260577,1
260583,1
260589,1
260591,4
260597,1
260615,4
260617,784
260619,1
260621,1
260627,23
260629,2
260631,4
260633,2
260635,2
260641,1
260643,2
260645,8
260647,37
260657,1
260659,13
260663,3
260665,1022
260667,1539
260669,249
260671,2
260673,5
260675,5
260677,4
260685,2
260697,3
260699,1
260705,37
260709,6
260713,1
260725,1
260749,2
260751,2
260753,1
260755,2
260757,1
260759,1
260763,3
260765,1
260767,1
260771,3
260773,9
260781,5
260785,1
260787,6
260789,1
260791,1
260801,1
260811,1
260813,2
260823,5
260825,12
260831,1
260833,1
260835,1
260839,1
260841,17
260843,3
260845,2
260847,4
260849,1
260851,3
260853,5
260855,1
260857,2
260861,1
260863,2
260875,1
260881,1
260895,56
260919,1
260925,3
260929,170
260931,6
260933,4
260937,3
260939,2
260941,3
260947,3
260949,4
260951,6
260953,3
260955,1
260957,8
260959,3
260961,1
260963,4
260965,3
260967,3
260969,4
260971,2
260973,5
260975,4
260977,1
260979,2
260981,2
260983,1
260985,7
260989,2
260991,1
260993,1
260999,2
261001,1
261005,2
261009,3
261013,2
261023,1
261039,1
261051,1
261059,2
261065,2
261069,1
261071,12
261075,1
261077,1
261083,3
261085,3
261091,1
261093,2
261105,1
261107,3
261111,1
261113,3
261119,11
261121,1
261127,1
261129,6
261131,738
261135,5
261141,7
261143,1
261145,3
261147,1
261149,15
261151,2
261153,9
261155,10
261159,1
261161,1
261173,1
261181,3
261183,1
261185,1
261187,5
261189,25
261191,2
261195,1
261199,10
261201,15
261203,1
261205,2
261207,3
261209,2
261211,6
261227,21
261239,1
261241,1
261243,2
261253,2
261257,2
261263,2
261267,1
261271,171
261273,146
261275,601
261277,2
261279,1
261283,1
261285,4
261287,1
261289,2
261291,1
261297,1
261299,3
261301,1
261303,1
261305,1
261313,1
261319,1
261323,1
261325,15
261335,2
261337,4
261339,2
261341,2
261343,1
261345,3
261347,5
261349,1
261351,3
261363,2
261365,12
261369,1
261371,2
261375,4
261377,5
261383,1
261405,1
261413,1
261415,1
261417,18
261419,3
261421,1
261423,1
261425,1
261431,1
261433,6
261435,40
261437,1
261441,2
261443,1
261449,3
261453,1
261457,1
261473,1
261475,8
261477,3
261479,2
261481,6
261483,2
261485,3
261487,1
261489,1
261503,1
261505,1
261507,10
261509,2
261511,1
261513,5
261515,7
261517,1
261519,2
261521,1
261523,2
261525,1
261527,1
261529,1
261535,1
261537,1
261541,1
261543,2
261545,3
261549,2
261551,2
261553,2
261555,2
261557,1
261559,13
261561,2
261563,1
261565,1
261567,1
261569,1
261571,1
261573,2
261575,1
261577,1
261579,1
261581,1
261583,10
261585,1
261587,1
261589,1
261591,1
261593,1
261595,42
261597,1
261599,1
261601,2
261605,1
261617,1
261635,1
261637,2
261639,1
261643,2
261647,1
261661,1
261663,1
261665,4
261669,3
261671,1
261673,1
261675,1
261683,1
261685,2
261687,41
261689,1
261691,3
261693,1
261697,1
261699,1
261701,1
261703,1
261705,564
261707,2
261715,1
261721,2
261723,1
261729,2
261731,2
261733,1
261739,1
261741,1
261753,2
261755,2
261759,895
261761,2
261763,1
261769,1
261771,1
261775,2
261781,9
261783,1
261793,2
261799,29
261801,1
261803,1
261807,1
261809,180
261811,1
261813,1
261815,1
261817,1
261819,1
261821,1
261823,1
261825,1
261827,1
261829,1
261835,6
261837,1
261839,81
261841,5
261843,1
261845,41
261847,22
261849,4
261851,3
261853,2
261855,1
261857,1
261859,1
261867,1
261869,1
261871,1
261879,1
261883,5
261891,1
261895,2
261897,1
261901,1
261907,1
261909,1
261915,1
261917,1
261919,1
261925,1
261931,1
261937,1
261939,2
261947,1
261949,1
261951,1
261953,1
261955,152
261961,1
261963,1
261967,2
261969,2
261971,1
261973,6
261975,8
261977,3
261979,4
261987,2
261989,1
261991,2
262003,2
262005,2
262007,1
262009,1
262011,1
262013,23
262015,1
262023,1
262025,2
262027,1
262029,1
262031,1
262033,2
262035,1
262037,1
262039,2
262043,1
262047,1
262049,1
262053,2
262055,27
262057,1
262059,11
262061,56
262063,21
262067,2
262077,1
262079,1
262081,1
262083,1
262085,2
262087,1
262091,1
262095,1
262097,2
262099,26
262101,1
262103,3
262113,4
262115,1
262117,3
262119,1
262121,1
262127,1
262129,116
262131,1
262133,1
262135,10
262137,1
262139,1
262141,3
262145,1
262149,1
262153,2
262159,1
262169,4
262177,1
262189,2
262191,7
262193,1
262213,1
262233,1
262235,1
262237,3
262239,1
262241,1
262243,1
262245,1
262247,4
262249,1
262251,1
262253,1
262255,1
262257,5
262259,1
262263,2
262265,1
262267,1
262299,1
262303,2
262313,1
262317,1
262323,1
262329,2
262339,2
262347,1
262349,1
262357,1
262361,1
262367,2
262369,19
262371,1
262377,1
262379,2
262381,2
262395,5
262397,2
262407,1
262413,1
262415,1
262417,2
262419,4
262421,11
262423,1
262425,3
262429,1
262435,1
262441,1
262449,1
262451,1
262469,1
262481,1
262491,5
262495,1
262501,1
262503,2
262505,1
262507,4
262509,1
262511,2
262513,2
262515,1
262517,2
262521,7
262525,12
262529,9
262531,1
262533,1
262587,2
262609,2
262617,1
262621,3
262627,1
262629,1
262631,1
262633,1
262635,1
262645,1
262647,1
262649,2
262651,5
262653,3
262655,50
262657,2
262659,4
262661,3
262663,4
262665,4
262667,3
262669,3
262671,2
262673,1
262675,2
262677,1
262679,1
262687,1
262695,6
262697,1
262699,1
262703,2
262705,2
262707,3
262709,1
262711,1
262713,3
262715,12
262721,220
262727,2
262731,1
262733,10
262735,1
262737,1
262739,2
262741,1
262743,4
262745,1
262747,1
262751,1
262753,1
262755,26
262759,55
262761,2
262765,1
262779,2
262787,1
262793,1
262795,1
262797,1
262799,8
262809,1
262821,1
262823,1
262825,1
262827,1
262833,4
262837,11
262841,2
262843,1
262845,4
262847,4
262851,5
262853,7
262857,2
262859,2
262861,7
262863,1
262879,3
262889,2
262903,1
262905,1
262907,1
262911,2
262921,1
262929,1
262933,5
262935,2
262941,28
262943,3
262945,1
262947,2
262951,1
262961,2
262963,2
262965,2
262969,1
262981,1
262995,1
262997,1
262999,1
263001,2
263005,435
263007,3971
263009,1205
263011,1
263031,2
263033,12
263035,1
263039,3
263041,1
263043,3
263045,2
263047,36
263049,3
263051,1
263053,3
263065,1
263069,1
263073,3
263081,2
263083,6
263095,2
263115,2
263117,1
263125,1
263131,1
263133,1
263135,1
263137,3
263141,2
263143,1
263149,54
263151,2
263153,1
263155,1
263159,1
263161,1
263163,1
263167,1
263169,1
263193,4
263209,1
263215,3
263217,1
263219,1
263221,19
263223,3
263225,1
263227,1
263237,1
263241,1
263257,2
263271,1
263277,1
263283,6
263285,1
263287,2
263299,1
263307,1
263311,5
263317,6
263321,1
263323,5
263329,2
263331,1
263333,3
263345,1
263351,2
263353,4
263355,2
263357,2
263359,2
263361,3
263363,1
263365,1
263367,1
263369,1
263373,7
263387,1
263389,1
263393,1
263401,1
263403,80
263405,710
263407,2409
263409,17
263411,4
263413,2
263415,27
263425,1
263431,1
263433,1
263447,1
263457,2
263459,3
263465,2
263479,4
263481,351
263485,106
263487,4
263491,20
263493,2
263495,174
263499,1
263501,1
263503,1
263505,2
263507,1
263515,1
263517,1
263519,1
263525,3
263531,1
263533,1
263535,1
263549,1
263551,1
263553,1
263555,16
263557,1
263571,26
263585,1
263587,1
263593,8
263607,2
263619,1
263621,6
263623,1
263635,1
263643,1
263651,2
263655,4
263657,1
263671,1
263673,1
263677,2
263687,6
263693,1
263697,2
263699,2
263701,1
263703,2
263705,4
263707,7
263709,1
263719,1
263721,1
263741,1
263745,1
263749,4
263751,1
263753,2
263757,2
263767,1
263775,1
263783,1
263787,1
263799,2
263801,1
263803,2
263811,1
263813,1
263815,1
263817,1
263819,1
263825,1
263829,1
263831,2
263833,1
263839,1
263845,1
263847,3
263849,2
263851,5
263861,2
263865,46
263867,2
263869,1
263871,2
263873,16
263875,24
263879,1
263885,1
263887,1
263895,1
263909,3
263911,1
263915,1
263929,1
263943,1
263945,3
263963,2
263965,14
263969,3
263971,4
263973,477
263975,1
263977,2
263999,3
264005,5
264009,1
264015,2
264017,3
264019,3
264021,7
264023,22
264025,3
264027,2
264033,8
264037,1
264039,6
264043,1
264049,6
264055,1
264057,10
264059,1
264063,1
264065,3
264073,8
264075,2
264083,1
264085,2
264087,2
264089,2
264091,1
264093,2
264095,1
264097,20
264099,1
264101,1
264103,1
264105,2
264107,3
264109,1
264111,2
264113,1
264117,4
264119,1
264123,1
264125,1
264127,1
264131,2
264133,1
264135,190
264137,1
264143,2
264149,1
264155,1
264165,1
264169,1
264183,5
264185,1
264197,2
264199,2
264201,3
264203,2
264205,1
264207,1
264209,1
264211,1
264213,1
264215,1
264219,1
264229,1
264231,4
264233,4
264235,4
264237,4
264239,4
264241,4
264243,4
264245,4
264247,4
264253,5
264255,6
264259,26
264261,1
264265,1
264267,2
264283,2
264287,1
264295,1
264297,1
264299,1
264301,4
264303,2
264305,1
264307,1
264309,1
264311,1
264319,1
264321,1
264323,2
264325,3
264327,2
264335,1
264341,1
264359,1
264369,1
264375,1
264380,1
264382,1
264384,9
264388,3
264390,1
264392,1
264400,1
264402,1
264406,1
264408,1
264410,1
264412,1
264414,1
264418,1
264420,3
264422,1
264438,1
264442,1
264452,1
264456,1
264458,1
264466,1
264476,1
264478,3
264480,1
264482,1
264488,1
264492,1
264494,1
264496,1
264500,3
264502,2
264504,2
264512,1
264514,3
264516,1
264526,1
264528,5
264532,1
264536,24
264552,1
264554,2
264556,3
264558,1
264560,1
264562,2
264564,1
264566,5
264574,46
264578,1
264580,27
264598,1
264602,1
264614,1
264628,1
264640,2
264648,3
264652,2
264654,1
264656,2
264662,1
264664,15
264666,5
264680,1
264692,3
264704,4
264710,4
264712,1
264714,3
264724,1
264726,1
264732,1
264734,1
264742,1
264748,1
264758,6
264764,2
264766,3
264774,1
264780,2
264788,4
264792,1
264796,1
264802,1
264806,2
264810,1
264812,1
264828,1
264836,1
264842,2
264844,5
264846,1
264864,1
264866,2
264868,1
264872,1
264878,1
264880,10
264882,11
264884,3
264886,1
264888,1
264892,1
264898,20
264900,1
264902,1
264904,11
264906,1
264908,1
264912,4
264922,1
264924,4
264926,2
264928,1
264938,1
264946,15
264948,2
264952,3
264954,1
264956,1
264958,2
264960,1
264962,57
264964,2
264966,2
264968,2
264970,2
264972,3
264978,2
264980,1
264982,2
264984,2
264986,2
264988,1
264990,1
264998,1
265006,1
265008,1
265010,18
265012,1
265030,6
265032,7
265034,1
265036,2
265038,5
265040,1
265042,1
265044,1
265050,1
265052,1
265054,4
265062,1
265066,25
265068,1
265070,2
265072,1
265074,1
265076,1
265078,1
265090,1
265096,1
265098,1
265100,1
265104,1
265106,2
265108,1
265112,1
265114,13
265116,3
265128,1
265130,5
265132,5
265134,1
265136,1
265138,1
265140,2
265142,42
265144,2
265146,1
265148,397
265150,50
265152,1
265154,1
265156,53
265162,1
265164,1
265166,5
265168,5
265170,2
265172,1
265174,4
265176,1
265178,1
265180,1
265182,2
265184,1
265186,1
265188,2
265190,1
265192,3
265194,1
265196,1
265198,1
265200,2
265202,1
265204,146
265208,3
265210,3
265220,1
265246,1
265262,1
265264,3
265266,1
265268,1
265270,14
265272,2
265274,1
265276,2
265280,1
265294,1
265298,1
265300,1
265302,1
265304,1
265306,1
265308,1
265310,1
265312,1
265314,3
265318,3
265320,11
265322,3
265328,32
265332,4
265334,28
265360,3
265362,1
265364,2
265368,4
265370,1
265372,1
265374,2
265376,1
265378,1
265380,1
265382,3
265384,1
265388,1
265390,3
265394,11
265400,1
265406,2
265408,2
265412,1
265420,1
265422,57
265424,1
265426,1
265428,1
265430,1
265432,238
265436,2
265438,1
265440,2
265444,1
265446,28
265448,1
265450,3
265452,2
265454,13
265456,1
265458,1
265460,570
265462,1
265464,2
265466,12
265468,173
265476,1
265480,1
265482,1
265484,4
265486,1
265492,1
265494,3
265496,1
265498,2
265500,2
265502,2
265504,1
265506,5
265508,1
265510,1
265514,2
265516,2
265530,3
265532,1
265534,83
265536,2
265538,1
265540,1
265542,2
265544,1
265546,2
265548,2
265550,213
265556,1
265558,1
265560,3
265562,2
265564,1
265572,3
265574,1
265578,1
265582,5
265592,1
265594,3
265596,2
265602,1
265604,1
265610,7
265612,26
265614,1
265616,10
265618,1
265620,1
265636,2
265638,1
265654,1
265656,3
265664,1
265670,1
265674,2
265682,4
265686,3
265688,9
265690,2
265698,5
265700,1
265702,1
265706,1
265708,3
265710,8
265712,1
265714,30
265716,1
265718,1
265724,1
265734,3
265740,1
265758,1
265768,5
265770,2
265776,1
265778,1
265788,3
265790,2
265792,2
265794,1
265796,1
265798,6
265800,2
265802,1
265804,1
265806,1
265808,1
265812,1
265814,2
265816,1
265818,1
265820,1
265822,1
265824,2
265826,1
265830,1
265832,1
265834,1
265836,3
265838,4
265872,1
265874,1
265890,2
265894,3
265900,3
265906,1
265908,2
265920,1
265922,1
265940,2
265942,2
265944,1
265946,1
265948,4
265956,14
265972,4
265978,1
265990,1
265998,1
266000,1
266002,1
266004,1
266006,1
266008,94
266010,3
266016,1
266018,1
266022,3
266024,2
266026,1
266030,1
266040,1
266042,1
266048,1
266052,3
266054,1
266056,1
266064,3
266068,2
266072,2
266080,1
266084,2
266086,4
266088,5
266092,3
266096,1
266098,1
266100,5
266108,1
266118,1
266124,1
266128,3
266130,1
266134,1
266140,4
266146,2
266150,1
266152,1
266170,1
266174,1
266176,1
266178,2
266190,5
266194,2
266196,1
266200,1
266202,1
266204,1
266206,2
266208,5
266214,22
266218,1
266220,1
266222,1
266226,1
266228,1
266230,2
266232,1
266244,1
266246,1
266248,1
266250,1
266252,1
266254,2
266256,1
266258,1
266260,3
266262,1
266264,2
266266,1
266268,9
266270,1
266274,2
266278,84
266280,1
266282,89
266288,4
266296,1
266304,1
266306,10
266308,1
266310,1
266312,1
266316,4
266318,6
266320,2
266324,1
266332,1
266334,1
266340,2
266348,1
266350,1
266354,1
266356,8
266358,1
266360,1
266364,1
266368,24
266370,1
266372,4
266374,3
266376,1
266378,5
266380,1
266382,1
266390,1
266392,6
266394,4
266396,1
266400,1
266404,1
266406,2
266408,2
266410,1
266414,1
266416,5
266418,19
266420,4
266426,3
266428,1
266430,5
266432,1
266434,1
266436,1
266440,2
266442,1
266444,25
266446,12
266450,2
266456,1
266462,2
266464,5
266466,6
266468,1
266470,1
266472,2
266480,2
266488,6
266490,1
266492,1
266516,1
266524,1
266526,1
266528,1
266530,1
266532,3
266534,1
266536,1
266538,1
266540,1
266542,1
266544,93
266546,3
266548,1
266550,3
266552,1
266554,1
266564,1
266566,2
266568,1
266574,1
266576,2
266578,4
266580,1
266606,1
266618,2
266620,1
266630,2
266634,1
266636,95
266640,31
266644,2
266652,1
266654,3
266656,1
266660,1
266664,1
266666,1
266668,1
266672,1
266680,1
266682,1
266684,1
266692,1
266734,1
266736,1
266742,1
266744,1
266746,1
266752,1
266756,23
266760,1
266768,1
266778,1
266780,6
266782,1
266786,65
266788,288
266790,1
266792,1
266794,2
266796,2
266798,1
266800,1
266802,2
266804,4
266806,2
266808,1
266814,1
266816,1
266818,1
266820,46
266822,2
266826,1
266828,1
266838,1
266840,1
266842,4
266844,5
266846,1
266848,12
266850,1
266852,3
266854,1
266856,1
266858,10
266860,2
266862,10
266868,1
266870,2
266872,2
266874,3
266876,2
266896,3
266900,19
266902,1
266904,3
266906,1
266910,3
266912,1
266914,1
266916,1
266918,1
266922,1
266938,1
266944,1
266950,7
266958,2
266960,1
266962,3
266966,2
266970,1
266976,6
266978,1
266984,1
267004,2
267006,1
267008,2
267014,3
267028,1
267038,1
267048,1
267052,1
267054,1
267064,1
267068,2
267072,1
267074,1
267076,1
267080,2
267090,1
267096,2
267110,1
267112,3
267120,2
267124,5
267130,3
267136,4
267152,2
267156,1
267166,2
267168,3
267170,9
267172,3
267174,3
267176,2
267182,1
267192,1
267198,1
267210,1
267212,8
267216,1
267220,3
267228,1
267230,1
267262,20
267264,3
267266,4
267268,4
267280,1
267282,2
267290,1
267292,6
267320,2
267322,2
267324,4
267326,1
267328,1
267330,1
267332,1
267334,3
267338,7
267342,1
267344,2
267346,15
267348,10
267350,3
267356,1
267360,2
267362,3
267364,1
267366,27
267368,2
267370,2
267372,1
267374,19
267376,2
267378,1
267380,2
267382,1
267384,1
267386,1
267388,1
267392,1
267394,40
267396,3
267398,5
267400,2
267402,1
267404,1
267406,2
267408,4
267410,3
267412,1
267416,1
267418,31
267420,1
267422,5
267424,79
267426,1
267428,2
267430,1
267432,1
267434,61
267436,1
267438,3
267440,1
267456,688
267458,95
267460,1
267462,10
267464,2
267466,1
267470,40
267472,18
267474,1
267478,1
267480,2
267488,1
267500,3
267504,1
267506,1
267510,1
267512,1
267514,4
267516,1
267518,7
267520,1
267522,1
267524,1
267526,1
267528,1
267530,1
267532,1
267534,1
267536,1
267538,1
267540,28
267546,1
267548,6
267550,1
267552,1
267558,1
267566,2
267570,1
267578,1
267582,12
267586,1
267588,1
267600,1
267602,1
267604,1
267606,2
267608,2
267612,1
267614,1
267616,6
267620,2
267626,1
267632,1
267636,2
267638,4
267640,6
267642,1
267646,2
267648,20
267650,2
267652,1
267654,253
267656,15
267658,3
267660,1
267662,2
267664,1
267666,2
267668,1
267670,10
267674,1
267676,3
267678,1
267680,1
267682,13
267684,1
267686,1
267688,2
267706,2
267708,6
267710,1
267712,1
267714,2
267724,2
267726,1
267728,1
267730,5
267732,2
267740,1
267742,1
267744,5
267746,2
267748,1
267752,1
267760,1
267764,1
267766,16
267768,7
267776,1
267778,2
267780,1
267782,1
267784,1
267786,1
267788,1
267790,2
267792,2
267794,1
267796,1
267798,1
267802,1
267804,2
267808,2
267820,7
267824,1
267826,1
267836,2
267844,3
267848,2
267850,1
267860,2
267866,3
267868,1
267872,2
267878,2
267880,1
267882,1
267886,1
267888,1
267902,2
267908,1
267910,1
267912,1
267914,1
267918,1
267920,1
267922,3
267924,1
267926,2
267928,1
267930,1
267932,1
267934,1
267936,1
267938,1
267940,1
267942,1
267944,2
267946,1
267948,1
267950,2
267952,1
267954,1
267956,1
267958,1
267960,1
267962,1
267964,1
267966,2
267968,1
267970,1
267972,2
267974,1
267976,3
267978,1
267980,3
267982,2
267984,1
267986,1
267988,1
267990,1
267992,1
267994,1
267996,2
267998,5
268002,1
268004,1
268006,1
268008,1
268010,1
268012,2
268014,1
268016,1
268018,1
268020,1
268022,1
268024,1
268026,1
268028,1
268030,2
268032,1
268034,1
268036,2
268042,2
268044,4
268046,1
268048,4
268050,1
268052,2
268054,1
268062,1
268064,1
268066,2
268090,1
268094,1
268106,1
268108,2
268114,1
268118,5
268126,1
268128,1
268136,1
268140,3
268142,4
268144,2
268146,8
268148,1
268180,1
268182,2
268184,2
268186,4
268188,2
268190,2
268192,2
268194,2
268196,1
268198,1
268200,1
268202,1
268204,1
268206,1
268208,1
268210,1
268212,1
268214,4
268216,1
268218,2
268226,10
268228,1
268234,1
268238,1
268240,1
268242,1
268244,1
268252,1
268254,2
268256,1
268258,1
268260,1
268262,2
268264,1
268268,2
268270,6
268272,1
268274,1
268276,7
268278,1
268282,1
268284,2
268286,3
268290,1
268294,1
268300,2
268302,5
268306,1
268308,2
268314,1
268316,1
268320,1
268322,5
268324,14
268326,2
268328,5
268330,1
268332,1
268334,1
268336,2
268338,1
268340,1
268344,3
268346,2
268352,1
268354,6
268356,1
268358,1
268362,1
268364,2
268366,3
268368,2
268370,11
268372,1
268374,1
268378,2
268382,2
268400,2
268402,1
268404,4
268408,4
268416,1
268432,1
268436,1
268438,2
268450,3
268456,3
268458,1
268460,1
268462,1
268468,1
268470,1
268472,2
268476,1
268480,3
268482,1
268484,1
268486,2
268488,1
268494,2
268498,1
268504,1
268506,1
268508,1
268514,13
268516,1
268518,3
268520,4
268522,8
268530,1
268534,1
268540,1
268542,1
268544,13
268546,1
268548,3
268552,1
268556,4
268558,1
268562,1
268566,4
268568,1
268570,1
268572,6
268578,1
268590,4
268592,25
268606,1
268614,1
268618,1
268620,1
268622,2
268628,1
268630,1
268632,3
268640,1
268642,3340
268644,1
268646,8
268648,1
268650,1
268656,1
268660,1
268662,1
268686,1
268700,5
268702,3
268704,1
268708,2
268710,3
268712,3
268714,3
268716,4
268718,4
268720,2
268722,4
268728,1
268730,47
268732,416
268740,5
268742,5
268744,111
268746,2
268748,1
268758,1
268760,1
268762,22
268764,3
268766,1
268768,1
268770,3
268772,1
268774,1
268776,2
268798,1
268800,12
268802,6
268804,10
268806,150
268808,1
268818,1
268820,1
268822,1
268824,1
268826,1
268828,4
268834,1
268836,1
268838,1
268840,1
268846,1
268852,1
268854,2
268856,1
268858,16
268860,1
268864,9
268866,1
268870,1
268872,3
268874,1
268876,2
268878,1
268880,8
268882,3
268888,3
268892,1
268894,1
268896,3
268898,1
268908,1
268910,2
268912,1
268914,1
268916,2
268918,2
268920,2
268922,1
268924,1
268926,4
268928,2
268930,1
268934,1
268938,1
268940,3
268946,2
268948,3
268956,1
268960,1
268962,6
268968,1
268972,2
268974,1
268976,1
268980,1
268982,1
268984,1
268992,4
268994,1
268996,2
269006,2
269014,1
269020,1
269022,1
269024,1
269026,1
269028,1
269030,4
269032,1
269034,2
269036,3
269042,1
269044,1
269058,1
269060,1
269062,1
269064,1
269066,1
269068,2
269070,1
269072,1
269074,1
269076,7
269092,4
269094,1
269096,1
269114,1
269118,1
269120,1
269122,1
269130,2
269132,9
269134,1
269136,5
269138,2
269140,1
269142,1
269144,1
269146,248
269152,4
269154,19
269164,1
269168,1
269170,2
269186,1
269188,2
269206,3
269208,132
269210,1
269212,2
269214,14
269216,2
269218,1
269220,3
269222,3
269224,2
269226,303
269228,2
269230,1
269232,1
269234,50
269236,3
269240,1
269246,1
269250,2
269252,3
269254,1
269256,179
269264,1
269266,2
269268,1
269270,6
269272,1
269274,1
269276,11
269278,1
269280,3
269282,9
269284,2
269286,1
269294,1
269296,1
269312,1
269314,12
269316,1
269318,1
269324,1
269326,2
269330,1
269334,8
269336,2
269340,2
269344,1
269350,1
269356,1
269358,1
269360,1
269394,1
269424,1
269426,336
269428,1
269430,3
269432,3
269434,2
269436,49
269438,3
269440,6
269442,17
269444,2
269460,1
269468,1
269486,1
269490,2
269492,4
269496,1
269500,2
269502,1
269504,1
269506,1
269508,1
269512,1
269526,1
269532,17
269534,12
269536,2
269538,1
269542,1
269544,1
269546,2
269552,3
269558,3
269564,1
269570,6
269580,11
269582,62
269584,1
269586,2
269588,1
269594,1
269596,26
269598,1
269600,6
269602,1
269612,1
269616,1
269618,2
269620,1
269624,3
269628,1
269634,1
269638,850
269650,1
269656,2
269660,1
269664,1
269666,31
269672,6
269684,3
269686,4
269710,1
269720,1
269722,2
269726,2
269740,2
269742,3
269744,2
269746,2
269748,1
269750,1
269752,1
269754,1
269756,1
269758,1
269760,1
269762,1
269764,1
269766,14
269768,1
269770,3
269772,1
269776,1
269778,2
269780,14
269782,1
269784,2
269786,67
269788,2
269790,1
269792,8
269794,5
269796,1
269798,1
269800,2
269802,1
269804,1
269806,4
269808,1
269810,6
269812,2
269814,1
269816,1
269818,2
269820,303
269822,8
269824,1
269826,1
269828,69
269856,1
269872,341
269874,1
269876,2
269878,1
269880,1
269882,1
269884,3
269890,1
269892,1
269896,1
269898,21
269902,1
269908,1
269912,1
269918,1
269922,2
269932,1
269934,1
269936,13
269938,3
269940,1
269942,1
269944,6
269946,1
269948,10
269950,50
269952,9
269954,6
269956,2
269958,9
269960,41
269962,1
269964,9
269966,11
269968,2
269970,1
269972,8
269976,1
269978,1
269980,1
269982,1
269984,1
269986,2
269988,2
269990,1
270018,1
270020,1
270026,7
270028,1
270030,1
270032,1
270034,4
270036,2
270038,3
270056,1
270062,2
270066,1
270068,2
270070,8
270072,1
270074,1
270076,2
270078,1
270082,1
270084,2
270088,3
270098,2
270100,1
270102,4
270104,2
270106,1
270114,1
270116,1
270118,1
270120,1
270122,3
270124,1
270126,1
270128,2
270142,1
270152,1
270156,2
270160,1
270162,4
270164,2
270166,1
270168,1
270170,2
270178,6
270180,25
270182,1
270190,1
270194,1
270212,4
270214,1
270216,5
270218,2
270220,1
270224,1
270226,1
270228,1
270230,1
270232,1
270234,1
270236,1
270244,1
270252,1
270254,5
270256,23
270262,1
270266,6
270268,2
270274,1
270280,1
270288,1
270290,2
270294,2
270296,1
270300,12
270306,1
270308,3
270320,4
270330,1
270338,2
270342,11
270344,1
270346,227
270348,1
270350,80
270352,2
270354,6
270356,2
270358,3
270362,3
270364,6
270366,27
270368,1
270370,2
270372,1
270374,1
270376,31
270378,19
270380,3
270382,1
270384,1
270386,4
270388,1
270390,3
270400,111
270402,1
270404,1
270406,106
270408,1
270416,3
270420,1
270422,1
270424,3
270426,1
270428,1
270430,1
270440,1
270448,1
270452,1
270464,1
270466,21
270468,1
270470,1
270474,1
270476,1
270500,1
270504,1
270514,2
270516,1
270518,1
270520,1
270526,462
270528,1
270534,1
270538,12
270540,1
270542,10
270544,2
270546,1
270548,1
270550,1
270552,3
270554,61
270556,115
270560,2
270564,1
270578,14
270580,6
270584,1
270586,1
270588,1
270590,1
270592,1
270594,1
270596,3
270598,1
270600,2
270602,21
270604,1
270606,2
270618,3
270624,1
270626,2
270628,2
270630,1
270632,1
270648,2
270650,2
270654,1
270660,7
270662,1
270664,2
270672,1
270674,1
270680,1
270684,2
270692,5
270696,811
270698,3989
270700,1
270702,1
270712,3
270720,112
270722,31
270724,22
270726,1
270728,3
270732,12
270734,1
270738,1
270740,6
270742,2
270744,1
270746,11
270748,4
270750,53
270752,2
270754,2
270760,3
270762,6
270764,1
270766,21
270768,7
270770,1
270772,12
270774,2
270778,7
270780,2
270782,1
270794,1
270798,1
270800,1
270802,2
270806,1
270814,1
270816,4
270818,1
270820,1
270822,20
270838,1
270846,2
270856,1
270858,3
270862,1
270868,2
270870,1
270872,5
270878,5
270888,1
270896,1
270900,1
270904,9
270906,1
270910,8
270912,2
270914,4
270916,1
270918,1
270920,1
270926,1
270928,10
270930,1
270932,1
270940,2
270944,2
270946,110
270960,1
270966,1
270988,1
270994,1
271008,1
271014,1
271016,1
271018,1
271020,1
271022,2
271024,2
271026,1
271028,1
271030,5
271032,2
271034,1
271036,2
271044,15
271046,1
271052,1
271060,2
271066,1
271076,1
271078,1
271084,1
271088,1
271090,1
271092,2
271106,1
271110,2
271116,3
271118,8
271134,112
271136,100
271138,13
271140,5
271152,2
271154,1
271156,1
271160,25
271162,5
271164,4
271166,1
271178,10
271180,4
271182,4
271184,5
271186,6
271188,9
271190,1
271192,1
271194,85
271198,12
271200,2
271204,26
271206,1
271208,1
271210,1
271214,24
271224,15
271226,3
271228,1
271230,3
271232,481
271246,1
271250,1
271252,2
271254,1
271256,1
271258,3
271260,1
271262,6
271264,3
271266,1
271268,1
271270,1
271272,2
271274,1
271276,10
271278,6
271280,1
271282,2
271288,3
271298,1
271300,2
271302,2
271305,1
271307,6
271311,3
271313,57
271315,1
271317,3
271331,1
271335,48
271337,1
271339,6
271341,1
271343,1
271349,1
271359,1
271365,3
271371,1
271375,3
271381,1
271385,1
271389,1
271403,1
271405,3
271407,1
271417,2
271421,1
271423,3
271427,1
271429,3
271435,1
271437,1
271439,1
271443,1
271445,41
271447,21
271451,1
271453,1
271455,2
271457,2
271459,2
271461,1
271467,21
271471,1
271473,1
271475,4
271477,1
271479,1
271485,2
271507,12
271509,2
271511,1
271513,1
271515,3
271517,2
271519,1
271527,1
271531,1
271533,1
271535,1
271537,1
271547,1
271553,1
271555,1
271559,2
271569,1
271573,1
271577,21
271579,4
271581,1
271585,36
271587,1
271591,1
271597,1
271599,1
271605,3
271615,3
271617,1
271619,1
271621,1
271623,6
271625,1
271631,120
271637,1
271653,2
271665,3
271667,2
271669,13
271673,1
271677,7
271679,2
271695,1
271725,1
271733,1
271737,2
271739,3
271741,31
271743,3
271745,80
271747,1
271749,5
271753,1
271755,6
271757,1
271759,1
271765,1
271777,1
271783,1
271785,1
271787,3
271789,1
271791,2
271793,19
271795,3
271797,1
271799,270
271815,1
271819,1
271823,1
271857,1
271859,1
271865,549
271871,1
271873,1
271875,2
271877,1
271883,1
271885,1
271887,1
271889,3
271891,4
271893,1
271899,1
271901,2
271909,1
271911,2
271913,1
271915,1
271917,399
271923,1
271927,1
271929,1
271931,2
271933,2
271935,1
271937,3
271939,1
271941,1
271943,1
271945,4
271947,2
271949,1
271951,24
271953,1
271955,1
271957,1
271965,4
271967,3
271969,1
271971,2
271973,2
271975,2
271981,1
271983,2
271985,1
271989,1
271995,1
272005,6
272017,2
272029,2
272035,3
272037,93
272039,25
272045,1
272047,1
272051,86
272053,2
272055,1
272057,3
272059,1
272061,3
272063,1
272065,1
272067,1
272069,1
272071,1
272073,1
272075,1
272077,12
272079,69
272085,13
272089,2
272097,1
272107,1
272117,1
272121,6
272125,10
272127,4
272129,1
272131,4
272135,347
272137,5
272139,1
272141,7
272143,1
272155,1
272161,2
272171,1
272173,1
272177,2
272189,2
272191,2
272195,1
272199,4
272201,5
272203,1
272205,1
272209,2
272211,225
272213,1
272217,3
272219,1
272227,2
272229,1
272231,5
272233,1
272237,1
272255,3
272259,1
272263,1
272271,4
272277,1
272279,2
272287,1
272293,2
272295,1
272317,1
272323,3
272325,4
272327,7
272329,1
272333,1
272339,2
272341,1
272343,1
272345,1
272347,2
272349,2
272351,1
272353,1
272357,1
272361,1
272363,1
272365,7
272367,60
272369,1
272371,1
272375,1
272377,2
272379,1
272385,1
272393,1
272395,3
272405,1
272407,258
272411,85
272413,1
272415,3
272417,494
272419,1
272427,1
272429,1
272431,2
272433,2
272435,1
272439,1
272441,1
272443,2
272445,3
272447,2
272449,21
272451,2
272455,1
272457,1
272459,1
272461,1
272463,1
272465,10
272467,3
272469,1
272471,1
272473,1
272475,3
272479,1
272481,1
272483,98
272485,1
272491,1
272515,1
272523,1
272525,1393
272527,69
272529,6
272531,1
272533,1
272535,1
272537,1
272539,1
272541,249
272545,1
272547,36
272549,1
272551,4
272553,28
272555,23
272557,5
272567,1
272569,1
272573,1
272575,1
272577,1
272579,2
272581,1
272583,1
272585,1
272587,3
272589,2
272591,2
272593,1
272595,1
272597,1
272599,1
272601,5
272603,3
272605,2
272611,1
272613,1
272615,5
272617,1
272619,1
272621,1
272623,1
272627,1
272629,2
272631,23
272637,2
272639,1
272641,1
272643,2
272645,1
272647,1
272649,1
272651,2
272653,2
272655,1
272659,5
272661,2
272663,71
272665,8
272667,1
272669,1
272671,1
272673,1
272679,1
272683,1
272703,2
272705,2
272707,2
272709,3
272711,5
272729,2
272731,10
272733,1
272735,1
272737,2
272739,2
272741,1
272743,2
272745,1
272753,2
272767,1
272803,2
272811,1
272813,1
272815,1
272817,2
272819,1
272821,7
272823,2
272825,2
272827,1
272829,1
272831,1
272833,1
272835,1
272837,1
272845,1
272847,3
272849,1
272851,2
272855,1
272857,1
272859,1
272861,1
272863,1
272865,2
272867,1
272869,1
272871,1
272873,1
272875,1
272877,1
272879,1
272881,1
272883,1
272885,2
272887,1
272889,1
272891,1
272893,1
272895,1
272897,1
272899,1
272901,3
272905,16
272907,1
272909,1
272915,1
272917,1
272919,1
272923,1
272925,1
272929,1
272933,1
272935,1
272939,1
272941,2
272943,1
272945,2
272947,1
272949,4
272951,6
272953,1
272955,1
272957,1
272959,2
272969,1
272971,1
272977,1
272983,2
272989,1
272991,1
272993,2
272997,2
272999,2
273001,1
273003,1
273005,11
273007,16
273009,2
273011,1
273013,4
273019,1
273031,1
273033,1
273039,3
273041,2
273043,1
273045,1
273047,1
273049,2
273051,2
273055,12
273057,1
273059,1
273065,1
273075,1
273079,1
273081,1
273083,6
273085,1
273087,1
273089,9
273091,1
273093,1
273095,1
273097,2
273099,5
273101,3
273103,3
273107,1
273113,2
273115,1
273117,1
273119,1
273121,3
273123,3
273125,1
273127,3
273129,82
273131,56
273133,529
273139,2
273141,2
273145,1
273151,2
273155,1
273157,1
273161,2
273171,1
273173,2
273175,1
273187,1
273189,7
273205,2
273207,1
273221,3
273223,1
273231,1
273233,2
273235,2
273243,1
273249,13
273251,1
273253,1
273255,1
273257,1
273259,1
273261,1
273271,1
273273,1
273275,11
273277,16
273285,5
273289,1
273295,1
273317,2
273319,1
273345,1
273349,1
273353,1
273359,1
273361,1
273371,5
273373,3
273375,3
273377,2
273379,1
273381,3
273383,11
273385,1
273387,1
273393,1
273397,3
273399,3
273401,1
273409,1
273411,2
273415,1
273417,2
273419,2
273421,1
273423,4
273425,1
273427,1
273429,1
273431,3
273433,159
273435,1
273439,4
273441,2
273443,21
273447,1
273449,1
273451,1
273453,2
273455,1
273457,1
273459,1
273461,1
273467,1
273475,1
273477,1
273479,1
273481,1
273485,1
273487,1
273489,1
273509,1
273519,1
273521,1
273523,1
273525,3
273527,1
273529,1
273531,2
273533,1
273551,1
273553,2
273555,1
273559,2
273561,2
273563,1
273565,1
273567,1
273569,1
273571,1
273573,2
273575,1
273577,1
273579,1
273581,3
273583,5
273585,7
273587,7
273591,2
273597,2
273603,1
273609,1
273615,1
273627,3
273629,1
273631,1
273633,1
273635,3
273653,7
273655,1
273657,5
273659,2
273661,3
273663,2
273665,3
273667,2
273669,3
273671,3
273673,13
273675,24
273683,1
273687,1
273689,3
273691,2
273693,2
273695,2
273697,1
273699,1
273701,1
273703,1
273707,1
273709,1
273711,9
273715,1
273729,1
273731,2
273737,2
273745,1
273747,17
273749,2
273751,1
273753,1
273755,3
273757,1
273761,1
273763,2
273767,1
273769,1
273771,2
273773,5
273775,1
273779,1
273785,2
273789,2
273799,1
273801,1
273803,7
273807,1
273809,10
273811,1
273813,2
273815,2
273817,1
273819,1
273821,1
273823,5
273825,6
273827,1
273829,1
273835,1
273837,1
273841,14
273847,1
273849,5
273851,2
273853,2
273855,3
273857,1
273859,2
273865,1
273867,1
273871,1
273873,1
273875,1
273879,2
273881,1
273883,14
273885,1
273887,1
273889,1
273891,1524
273893,1
273895,1
273897,5
273899,9
273901,5
273923,1
273931,8
273949,1
273963,1
273965,1
273971,1
273975,1
273977,29
273979,6
273995,1
273997,1
273999,1
274003,2
274005,1
274009,7
274017,1
274019,1
274021,1
274023,1
274025,1
274027,7
274029,1
274031,1
274033,4
274035,1
274037,2
274039,1
274041,1
274043,1
274045,4
274047,1
274049,1
274051,21
274053,3115
274055,7
274059,1
274063,1
274065,1
274067,1
274069,1
274077,3
274083,1
274089,1
274091,1
274095,1
274101,1
274103,1
274111,1
274133,6
274135,1
274137,1
274151,3
274153,1
274155,1
274157,101
274159,1
274177,1
274187,1
274189,11
274191,1
274193,23
274195,507
274197,367
274199,1
274201,3
274203,1
274209,11
274211,9
274213,7
274215,1
274217,1
274219,1
274223,1
274225,1
274227,4
274229,1
274231,2
274233,2
274235,4
274237,1
274239,3
274241,1
274243,2
274245,7
274247,1
274249,125
274255,1
274257,3
274259,3
274261,4
274263,2
274265,2
274267,1
274269,3
274271,1
274273,1
274275,1
274285,28
274287,1
274289,38
274291,5
274293,1
274295,8
274297,2
274299,2
274301,3
274303,4
274305,6
274311,1
274321,1
274343,1
274345,1
274347,1
274361,1
274369,1
274371,1
274373,1
274379,1
274395,1
274399,2
274409,1
274411,1
274417,1
274427,1
274429,1
274431,1
274457,1
274465,2
274469,2
274473,1
274477,1
274485,1
274487,2
274489,1
274491,5
274495,5
274503,1
274507,3
274513,3
274519,2
274523,2
274525,14
274527,1
274529,1
274531,3
274533,4
274553,4
274565,1
274573,1
274575,1
274577,1
274581,1
274583,1
274585,1
274587,1
274589,1
274591,1
274597,7
274599,3
274601,2
274603,23
274607,1
274609,1
274613,1
274617,24
274619,1
274621,1
274625,1
274629,5
274631,1
274633,1
274635,1
274637,5
274639,5
274641,12
274643,3
274645,1
274647,1
274649,2
274651,10
274653,2
274655,1
274657,1
274659,1
274661,1
274663,1
274665,1
274669,2
274671,3
274673,4
274675,44
274677,1
274679,3
274681,1
274683,2
274685,2
274689,8
274691,1
274693,2
274695,7
274707,9
274711,1
274727,1
274731,1
274735,1
274743,1
274765,2
274767,1
274775,1
274777,1
274779,100
274781,1
274783,2
274785,1
274787,1
274789,1
274793,1
274795,2
274797,1
274799,1
274801,1
274809,1
274811,2
274813,1
274815,1
274817,2
274819,3
274821,2
274823,1
274825,1
274827,2
274829,1
274831,10
274835,7
274837,2
274841,7
274843,4
274859,1
274873,1
274881,2
274883,1
274897,1
274921,1
274951,1
274963,2
274965,1
274967,1
274969,6
274971,1095
274973,2
274975,67
274977,1
274979,256
274981,12
274983,7
274985,4
274989,1
274991,1
274993,15
274997,1
275003,1
275007,1
275009,16
275011,1
275013,1
275021,2
275025,2
275035,1
275039,1
275045,1
275047,2
275057,6
275061,2
275079,233
275081,1
275083,49
275085,34
275087,1
275089,1
275091,77
275093,3
275095,1
275097,4
275103,5
275105,2
275117,1
275121,1
275129,1
275131,2
275137,1
275139,4
275141,1
275143,1
275149,2
275151,5
275153,7
275155,10
275157,115
275159,1
275161,64
275165,1
275167,335
275169,76
275171,25
275173,136
275175,1
275177,5
275179,2
275189,9
275191,94
275193,73
275197,1
275201,1
275203,1
275209,6
275211,1
275215,1
275225,1
275227,1
275233,1
275235,2
275237,1
275239,1
275241,1
275243,660
275245,1312
275247,2
275257,4
275263,1
275265,43
275267,21
275275,3
275281,1
275283,4
275285,1
275287,1
275289,1
275303,1
275305,1
275311,5
275313,1
275315,8
275317,1
275319,1
275321,1
275323,1
275325,1
275327,1
275329,1
275331,1
275333,4
275335,1
275337,10
275339,1
275341,1
275343,1
275345,1
275347,2
275369,3
275371,4
275373,2
275375,1
275385,2
275393,1
275401,1
275423,1
275425,1
275429,1
275433,253
275435,42
275437,1
275439,1
275441,8
275443,1
275447,1
275449,2
275451,6
275453,3
275455,1
275457,2
275459,1
275461,1
275463,32
275465,9
275467,578
275483,74
275485,1
275487,2
275489,1
275491,1
275493,1
275495,1
275497,1
275499,1
275503,495
275505,1
275507,3
275509,2
275511,1
275513,1
275515,76
275517,1
275521,1
275525,2
275527,1
275529,1
275537,5
275541,1
275545,1
275547,2
275549,79
275557,3
275559,49
275561,11
275563,12
275565,1
275571,2
275579,3
275581,1
275583,2
275585,4
275587,19
275589,1
275595,1
275599,1
275603,1
275615,4
275623,1
275625,5
275629,1
275631,2
275633,1
275635,1
275637,3
275639,1
275641,11
275643,2
275645,1
275647,1
275649,1
275651,5
275653,4
275655,3
275657,2
275659,2
275661,3
275663,2
275665,5
275667,1
275669,69
275671,2
275673,3
275675,2
275677,1
275679,2
275681,2
275683,3
275685,2
275687,2
275689,3
275691,10
275693,1
275697,1
275699,3
275701,2
275703,1
275705,1
275709,1
275711,1
275731,1
275751,1
275753,3
275761,1
275763,2
275779,2
275781,1
275785,1
275787,1
275795,1
275805,1
275807,1
275809,1
275813,1
275815,1
275817,1
275819,6
275821,5
275823,3
275825,3
275827,3
275831,3
275833,1
275835,1
275837,1
275839,1
275841,58
275843,1
275847,1
275849,2
275851,1
275853,1
275857,2
275859,1
275861,1
275863,4
275867,6
275869,1
275873,1
275875,2
275877,1
275879,1
275881,1
275883,1
275889,5
275895,1
275899,4
275901,1
275903,2
275905,3
275907,2
275909,2
275911,2
275913,1
275915,14
275917,106
275919,92
275923,1
275925,2
275927,1
275929,1
275931,2
275933,1
275947,1
275957,1
275959,3
275963,8
275965,2
275967,2
275971,2
275973,6
275975,1
275977,1
275979,1
275983,1
275985,31
275987,38
275995,4
275999,1
276001,1
276003,1
276005,4
276007,2
276009,4
276011,2
276015,104
276017,15
276019,2
276021,1
276023,1
276025,1
276027,1
276029,2
276031,1
276033,2
276035,2
276037,2
276041,1
276043,1
276045,1
276047,279
276049,1
276051,1
276053,1
276055,1
276057,2
276059,4
276061,3
276063,1
276065,1
276077,1
276079,8
276081,2
276083,3
276087,208
276089,10
276091,1
276093,1
276095,1
276097,5
276099,1
276101,8
276109,1
276121,2
276123,1
276125,3
276127,1
276129,2
276131,1
276137,88
276139,3
276141,2
276145,1
276147,1
276149,2
276151,260
276155,209
276157,1
276161,1
276163,4
276165,1
276167,1
276193,1
276201,2
276203,1
276205,14
276207,2
276209,2
276211,1
276213,6
276215,1
276217,8
276219,1
276221,3
276223,17
276225,2
276227,4
276229,1
276231,36
276233,2
276235,7
276237,5
276239,9
276241,1
276249,325
276251,107
276253,1
276255,4
276257,1
276259,1
276265,1
276267,1
276269,1
276273,1
276275,1
276277,1
276279,3
276281,1
276283,1
276285,1
276287,1
276289,1
276291,1
276293,1
276295,2
276297,1
276299,1
276301,1
276303,1
276305,1
276307,3
276311,1
276315,1
276317,287
276319,1
276321,6
276323,1
276329,3
276331,1
276333,8
276335,3
276337,4
276339,24
276341,17
276343,1
276345,44
276347,1
276355,1
276357,8
276361,17
276363,5
276369,1
276371,1
276373,1
276375,1
276377,1
276381,1
276383,22
276385,1
276387,4
276389,1
276391,4
276395,1
276397,5
276399,3
276401,1
276403,6
276405,1
276407,1
276411,1
276413,1
276415,1
276417,2
276419,1
276421,1
276423,4
276425,2
276429,6
276431,14
276433,52
276435,1
276437,1
276439,4
276441,1
276443,1
276445,3
276447,3
276449,6
276451,23
276453,2
276457,1
276459,1
276461,3
276463,1
276465,2
276469,1
276471,1
276473,1
276477,1
276479,1
276481,1
276483,1
276485,1
276487,24
276489,225
276491,9
276493,2
276495,1
276497,1
276499,4
276501,10
276503,5
276511,54
276513,3
276515,1
276517,1
276519,4
276521,1
276523,1
276525,2
276527,1
276529,4
276531,5
276533,1
276537,1
276557,1
276567,1
276569,1
276573,1
276575,1
276577,2
276581,1
276583,1
276585,1
276587,9
276589,80
276593,1
276595,1
276597,43
276599,1
276601,10
276603,8
276605,2
276613,1
276637,1
276639,1
276641,1
276643,3
276645,1
276647,3
276649,2
276651,2
276653,1
276655,1
276657,11
276659,1
276661,12
276663,24
276665,1
276667,1
276669,1
276671,2
276673,2
276675,1
276677,4
276679,13
276681,1
276683,20
276685,9
276687,46
276689,1
276691,1
276703,1
276705,14
276709,2
276711,1
276713,1
276715,2
276717,1
276719,1
276721,1
276723,1
276725,3
276745,1
276747,1
276753,1
276755,2
276757,43
276759,1
276761,2
276763,1
276785,1
276791,2
276797,10
276799,18
276801,9
276803,2
276805,2
276807,1
276809,1
276811,1
276813,1
276815,1
276817,1
276819,1
276823,1
276825,1
276827,1
276829,7
276831,1
276833,1
276835,1
276841,3
276845,4
276851,1
276853,1
276855,1
276857,1
276859,1
276861,3
276863,1
276865,7
276867,3
276869,1
276871,1
276873,2
276875,3
276877,1
276879,2
276881,1
276883,1
276885,26
276887,1
276889,5
276893,1
276895,3
276897,379
276899,4
276901,2
276903,50
276905,8
276907,3
276909,2
276911,20
276913,1
276915,2
276917,1
276923,1
276925,9
276927,1
276929,800
276931,1
276933,2
276935,1
276937,2
276939,2
276941,1
276943,11
276947,2
276955,5
276961,1
276963,1
276965,1
276967,1
276971,1
276973,1
276975,1
276981,2
276985,20
276993,1
277001,1
277003,1
277007,1
277011,18
277013,1
277017,6
277019,2
277024,2
277026,8
277028,289
277030,1
277032,1
277034,38
277036,1
277038,5
277040,1
277042,44
277044,1
277046,1
277048,11
277050,1
277052,9
277054,1
277056,1
277058,1
277060,6
277062,1
277064,1
277066,853
277068,4
277070,1
277074,2
277076,1
277078,1
277080,3
277082,4
277084,1
277086,1
277088,25
277090,1
277106,1
277108,1
277110,2
277112,64
277114,3
277118,3
277120,1
277122,1
277126,2
277128,1
277132,1
277136,5
277142,11
277146,1
277148,1
277150,1
277152,10
277154,1
277156,1
277158,5
277160,6
277162,8
277164,3
277166,1
277168,1
277170,1
277172,1
277174,1
277176,1
277178,3
277180,2
277182,2
277184,2
277186,1
277188,3
277190,2
277192,5
277194,12
277196,1
277198,1
277228,2
277230,6
277232,1
277234,2
277236,2
277238,1
277246,1
277248,1
277250,1
277252,1
277256,10
277258,2
277260,2
277262,81
277264,1
277266,9
277268,4
277272,1
277274,1
277276,25
277278,33
277280,15
277282,97
277284,3
277286,4
277288,2
277290,1
277292,1
277294,1
277296,20
277298,1
277300,1
277302,1
277304,2
277306,1
277308,1
277312,3
277314,1
277316,3
277318,1
277322,1
277324,17
277326,3
277328,7
277332,6
277334,5
277336,3
277338,2
277382,2
277384,1
277390,1
277396,1
277398,26
277400,41
277402,1
277404,2
277406,3
277408,60
277410,1
277412,12
277414,14
277420,1
277422,1
277430,1
277432,3
277434,3
277436,1
277438,1
277440,3
277442,1
277444,2
277446,2
277448,1
277450,1
277452,1
277454,2
277456,1
277458,1
277460,1
277462,1
277464,1
277468,3
277470,1
277472,1
277474,1
277476,1
277478,1
277480,2
277482,3
277484,2
277486,1
277488,14
277492,1
277494,1
277496,2
277498,1
277500,1
277502,1
277506,2
277510,4
277512,1
277514,7
277516,2
277518,1
277520,1
277522,2
277524,1
277526,1
277528,2
277530,1
277532,1
277534,1
277536,2
277538,1
277540,3
277542,1
277544,1
277546,1
277548,3
277550,6
277552,197
277554,8
277556,2
277558,1
277560,4
277564,1
277566,190
277568,3
277570,1
277572,1
277580,1
277582,3
277584,1
277586,4
277588,23
277590,2
277592,1
277594,1
277596,1
277614,2
277624,1
277634,12
277638,1
277640,2
277642,1
277644,1
277646,2
277648,2
277650,3
277652,1
277654,5
277656,1
277658,2
277660,1
277664,1
277666,1
277668,1
277670,4
277672,2
277686,1
277688,2
277690,1
277692,2
277696,1
277698,1
277708,4
277710,1
277712,1
277714,1
277716,12
277718,2
277720,1
277722,2
277724,1
277726,1
277728,1
277730,2
277734,1
277736,1
277738,4
277740,10
277742,1
277744,9
277746,1
277750,1
277754,1
277756,1
277758,5
277760,1
277762,1
277764,2
277766,4
277768,2
277770,2
277772,6
277776,2
277778,2
277784,8
277786,1
277788,1
277790,26
277792,4
277794,46
277796,1
277798,1
277808,3
277810,1
277812,2
277814,1
277816,1
277818,1
277820,1
277822,1
277824,1
277826,1
277828,1
277830,1
277832,1
277834,13
277836,1
277838,2
277842,1
277844,1
277848,1
277850,1
277852,1
277854,1
277856,309
277858,1
277860,1
277862,3
277864,6
277868,10
277870,2
277872,2
277874,1
277876,1
277878,1
277880,1
277882,1
277888,3
277890,28
277892,2
277894,1
277896,4
277898,1
277902,4
277904,7
277906,2
277908,26
277910,6
277918,1
277920,1
277922,1
277924,1
277926,1
277928,1
277930,1
277932,2
277934,1
277938,1
277940,1
277942,1
277944,1
277946,1
277948,1
277950,1
277952,1
277954,5
277956,2
277958,1
277960,1
277962,3
277964,19
277966,3
277970,2
277974,1
277976,1
277978,82
277980,1
277986,5
277990,1
277992,1
277994,1
277998,1
278000,4
278004,2
278008,5
278010,3
278012,1
278022,1
278024,2
278032,1
278038,2
278040,14
278044,7
278046,3
278048,1
278050,4
278052,9
278054,10
278056,2
278058,2
278060,1
278062,1
278064,26
278068,1
278070,6
278072,1
278074,2
278076,1
278078,9
278080,96
278082,10
278084,80
278088,1
278090,1
278092,4
278094,14
278096,1
278100,2
278102,1
278104,2
278106,3
278108,2
278110,2
278112,4
278114,9
278116,2
278118,1
278120,2
278122,1
278124,4
278126,17
278128,1
278130,2
278132,4
278134,2
278136,2
278138,2
278140,2
278142,2
278144,2
278146,1
278148,1
278150,1
278152,2
278154,3
278156,1
278158,6
278160,1
278162,2
278164,3
278166,6
278168,2
278170,12
278172,4
278174,3
278176,648
278178,22
278180,2
278182,2
278184,1
278186,2
278188,2
278190,1
278192,4
278194,2
278196,2
278198,2
278200,2
278202,2
278204,2
278206,9
278208,5
278210,4
278224,1
278226,1
278228,1
278230,1
278232,1
278234,1
278236,94
278238,1
278240,1
278242,1
278246,1
278248,2
278250,2
278252,5
278254,4
278256,1
278258,3
278260,25
278262,1
278264,1
278266,2
278268,1
278270,36
278272,1
278274,1
278276,1
278278,25
278280,1
278286,1
278296,6
278298,13
278300,2
278302,3
278304,2
278306,2
278308,2
278310,6
278312,485
278314,47
278316,2
278318,1
278320,1
278322,1
278324,2
278332,1
278338,2
278342,1
278344,3
278346,1
278348,1
278352,9
278354,2
278356,2
278360,19
278362,1
278364,1
278366,1
278370,1
278380,5
278382,2
278384,1
278386,1
278388,1
278390,1
278392,1
278394,1
278396,1
278398,1
278400,1
278404,2
278406,1
278408,26
278410,1
278412,2
278414,1
278416,1
278418,11
278420,240
278422,1
278424,2
278426,1
278428,5
278430,7
278432,11
278444,17
278446,1602
278448,11
278450,1
278452,1
278456,2
278458,1
278460,6
278464,4
278472,5
278474,1
278476,2
278478,2
278480,2
278482,2
278484,1
278488,1
278490,1
278492,7
278494,1
278496,1
278498,1
278500,1
278502,1
278512,1
278514,7
278516,1
278518,1
278520,1
278522,1
278524,2
278526,1
278528,1
278530,1
278532,2
278534,3
278536,1
278538,1
278540,1
278542,1
278544,1
278546,5
278548,1
278550,1
278552,1
278554,1
278556,1
278558,1
278560,1
278562,3
278564,4
278566,1
278570,1
278572,1
278576,1
278578,1276
278580,7
278582,1
278584,1
278586,730
278588,2
278590,1
278592,1
278594,1
278596,1
278598,2
278600,1
278602,1
278604,2
278606,1
278608,3
278612,84
278614,7
278616,6
278618,1
278628,3
278632,16
278638,1
278640,77
278642,2
278646,2
278648,1
278650,1
278652,13
278654,1
278656,4
278658,2
278660,1
278664,3
278666,2
278668,2
278670,2
278672,1
278674,1
278676,3
278678,2
278680,1
278682,1
278684,2
278686,1
278688,1
278690,253
278692,2
278694,1
278696,1
278698,3
278700,5
278702,2127
278706,1
278710,1
278722,11
278724,7
278726,1
278728,1
278730,3
278732,1
278734,1
278740,11
278742,2
278746,4
278750,4
278752,3
278754,6
278756,1
278758,2
278760,1
278762,1
278764,1
278766,1
278768,1
278770,1
278772,1
278774,1
278776,1
278778,1
278780,2
278782,1
278784,5
278786,2
278788,1
278790,3
278792,2
278794,364
278796,1
278798,2
278800,132
278802,21
278804,10
278806,2
278808,8
278810,2
278812,4
278814,7
278816,1
278818,3
278820,185
278824,117
278826,1
278828,2
278830,1
278834,3
278836,3
278838,4
278840,6
278842,1
278844,1
278848,16
278850,20
278852,2
278854,2
278856,1
278858,1
278870,1
278872,1
278874,1
278876,158
278890,2
278914,1
278924,1
278928,10
278940,1
278942,1
278944,8
278946,1
278948,1
278950,1
278952,5
278954,1
278956,1
278958,1
278960,1
278962,1
278964,149
278966,2
278980,477
278992,1
278996,1
278998,1
279000,34
279002,2
279006,1
279008,7
279010,1
279012,1
279014,1
279018,1
279020,23
279022,1
279024,1
279030,7
279032,1
279034,1
279036,2
279038,3
279040,1
279042,1
279044,2
279046,18
279048,1
279050,2
279052,2
279054,39
279056,2
279058,2
279060,1
279062,2
279064,2
279066,1
279068,2
279070,1
279072,1
279074,30
279076,1
279078,1
279084,1
279086,1
279088,2
279092,2
279094,13
279096,1
279098,1
279100,1
279102,1
279104,1
279106,1
279108,1
279112,1
279120,1
279130,3
279138,30
279142,2
279144,1
279146,22
279148,1
279150,3
279154,1
279156,1
279158,5
279160,2
279162,52
279164,1
279166,6
279168,2
279170,1
279172,1
279174,1
279176,1
279178,4
279180,1
279182,456
279184,140
279186,16
279188,73
279190,9
279192,2
279202,8
279204,39
279206,3
279210,1
279212,2
279218,57
279220,2
279222,1
279224,1
279226,50
279228,1
279232,1
279234,1
279236,1
279238,2
279240,2
279242,1
279246,21
279248,1
279250,1
279252,1
279256,4
279258,1
279260,1
279262,1
279264,1
279266,4
279268,4
279270,1
279272,1
279278,4
279280,1
279282,1
279284,1
279286,2
279288,1
279290,1
279292,2
279306,80
279310,5
279312,1
279314,2
279318,4
279320,1
279322,2
279326,7
279328,1
279330,2
279332,1
279334,117
279336,11
279338,1
279340,1
279342,4
279352,3
279358,3
279360,1
279362,3
279364,1
279366,3
279368,1
279370,1
279372,3
279374,6
279376,2
279378,2
279380,3
279382,1
279384,34
279386,13
279388,1
279392,10
279394,1
279396,1
279398,4
279400,1
279402,37
279404,1
279406,1
279408,1
279410,20
279412,359
279414,743
279422,1
279428,36
279430,15
279434,6
279436,9
279440,1
279442,1
279444,3
279446,1
279448,1
279450,1
279452,14
279454,1
279456,1
279458,2
279460,1
279464,1
279466,1
279468,1
279470,4
279478,1
279480,8
279484,68
279486,1
279488,1
279490,2
279494,1
279496,1
279498,9
279500,18
279506,12
279508,7
279510,13
279514,2
279516,1
279518,1
279520,12
279522,1
279524,4
279528,3
279530,1
279532,1
279534,15
279536,7
279538,2
279540,2
279542,2
279544,1
279546,2
279548,3
279552,1
279554,51
279556,1
279558,1
279560,40
279562,155
279564,8
279566,1
279568,2
279570,1
279572,14
279574,6
279576,9
279582,3
279586,12
279588,1
279590,1
279592,1
279594,74
279596,2
279598,11
279600,1
279602,2
279604,1
279608,2
279612,1
279614,1
279620,2
279624,1
279628,1
279630,175
279632,3
279634,9
279636,1
279638,1
279640,1
279642,1
279644,9
279646,1
279648,1
279650,1
279652,2
279654,1
279658,1
279660,7
279662,2
279664,1
279666,1
279668,1
279670,1
279672,1
279676,1
279680,4
279682,1
279684,1
279688,1
279690,3
279692,17
279694,31
279698,1
279700,2
279706,4
279708,1
279710,159
279712,1
279714,19
279718,3
279722,1
279726,7
279728,12
279730,1
279734,1
279736,8
279738,1
279740,3
279742,15
279744,1
279746,2
279748,1
279750,2
279752,4
279754,2
279756,45
279758,14
279760,7
279762,24
279764,1
279768,13
279770,13
279772,1
279774,4
279776,1
279778,1
279780,151
279782,1
279786,1
279790,4
279792,3
279794,2
279796,2
279802,1
279804,5
279806,2
279808,1
279810,2
279812,1631
279814,37
279850,1
279852,1
279854,17
279856,7
279858,1
279860,1
279862,1
279864,1
279866,1
279870,2
279874,6
279876,1
279878,1
279880,4
279882,2
279884,1
279886,4
279888,5
279890,1
279892,6
279894,195
279900,1
279902,1
279904,3
279906,2
279908,1
279910,7
279912,43
279914,3
279916,2
279920,1
279924,8
279928,15
279930,5
279932,1
279934,24
279936,1
279938,8
279940,7
279950,3
279952,3
279956,54
279958,9
279964,3
279966,8
279968,1
279970,21
279972,1
279976,13
279978,29
279980,1
279984,1
279986,1
279988,28
279990,2
279994,1
279998,1
280002,1
280004,1
280008,1
280010,3
280012,1
280014,1
280016,1
280018,1
280020,1
280022,11
280024,6
280026,4
280028,1
280030,6
280032,2
280034,2
280036,1
280038,6
280040,10
280044,1
280048,10
280050,2
280054,2
280056,8
280058,3
280060,1
280062,1
280066,2
280068,2
280072,1
280074,2
280076,14
280078,1
280080,1
280082,30
280084,1
280086,2
280088,1
280090,1
280092,3
280096,2
280098,2
280100,321
280106,8
280108,3
280110,20
280112,7
280114,131
280116,1
280118,1
280120,2
280122,1
280124,1
280126,11
280128,1
280144,1
280162,3
280170,1
280172,1
280174,72
280176,1
280178,2
280180,1
280182,1
280184,1
280186,3
280188,2
280190,2
280192,1
280194,5
280196,2
280198,1
280200,2
280202,166
280204,1
280206,1
280208,3
280210,4
280212,1
280214,1
280218,1059
280220,5
280222,3
280224,2
280228,3
280230,2
280232,3
280234,1
280236,124
280238,21
280240,1
280242,1
280244,1
280246,1
280248,1
280254,1
280258,132
280260,47
280266,1
280268,1
280270,2
280282,2
280284,1
280286,2
280292,1
280294,3
280298,1
280300,1
280302,1
280308,1
280310,87
280314,3
280316,1
280320,2
280322,6
280324,1
280326,1
280328,7
280330,1
280332,2
280334,3
280336,1
280338,1
280342,44
280344,1
280346,1
280348,2
280350,1
280352,15
280354,1
280356,1
280358,1
280360,7
280362,2
280364,1
280366,1
280372,55
280374,1
280376,1
280380,4
280382,3
280384,1
280386,3
280388,1
280390,1
280400,1
280404,1
280406,43
280408,12
280410,12
280412,10
280414,2
280416,1
280424,1
280426,2
280428,2
280430,1
280440,2
280442,22
280444,8
280446,2
280448,19
280450,8
280452,31
280454,4
280456,11
280460,1
280462,2
280464,1
280472,3
280474,10
280476,16
280480,2
280482,1
280490,3
280492,3
280494,2
280496,1
280498,1
280500,1
280502,1
280504,1
280512,1
280514,14
280518,2
280520,7
280522,2
280524,1
280526,5
280528,1
280530,1
280532,1
280534,2
280536,20
280538,7
280540,17
280542,2
280544,1
280546,1
280548,1
280550,11
280552,1
280558,4
280560,3
280564,1
280566,3
280568,2
280572,18
280574,3
280576,2
280578,1
280580,1
280582,1
280584,1
280586,1
280588,1
280590,1
280594,1
280596,1
280598,1
280600,1
280602,1
280604,2
280606,2
280608,1
280610,2
280612,2
280614,1
280616,2
280618,2
280620,2
280622,1
280624,1
280626,1
280628,2
280630,2
280632,1
280634,2
280636,2
280638,2
280640,2
280642,1
280644,1
280646,1
280648,1
280650,2
280652,2
280658,2
280662,9
280664,1
280668,2
280672,11
280674,1
280676,2
280678,1
280680,1
280682,3
280684,2
280686,4
280688,2
280690,11
280692,8
280696,2
280700,2
280702,3
280704,3
280706,2
280708,2
280710,1
280714,1
280716,1
280718,1
280720,1
280722,1
280724,1
280726,1
280728,1
280730,1
280732,1
280734,1
280736,1
280738,1
280740,1
280742,1
280744,1
280746,1
280748,1
280750,1
280752,1
280754,1
280756,1
280758,1
280760,1
280762,1
280764,1
280766,1
280768,1
280770,1
280772,1
280774,1
280776,1
280778,1
280782,1
280784,2
280786,13
280790,1
280792,2
280794,1
280796,2
280800,2
280802,13
280804,1
280806,5
280808,3
280810,12
280812,13
280814,23
280816,2
280818,3
280820,2
280824,2
280826,1
280828,1
280830,1
280832,1
280834,2
280836,3
280838,1
280840,1
280842,1
280844,3
280846,2
280848,2
280852,1
280854,1
280856,1
280858,1
280860,1
280862,1
280864,2
280866,114
280868,501
280870,1
280872,1
280876,1
280878,1
280880,1
280886,2
280888,1
280890,52
280892,18
280894,7
280896,5
280898,1
280900,47
280902,4
280904,3
280906,72
280908,2
280910,1
280912,1
280914,3
280916,1
280918,2
280920,1
280922,1
280924,1
280926,1
280928,3
280930,3
280932,1
280934,1
280936,1
280940,1
280942,1
280944,1
280946,1
280948,2
280950,1
280952,1
280954,1
280956,1
280958,2
280960,1
280962,5
280964,2
280966,1
280968,10
280970,1
280972,1
280974,1
280976,19
280980,15
280982,2
280984,1
280986,1
280988,5
280990,287
280992,121
280996,1
280998,6
281000,1
281002,52
281004,122
281006,1
281008,4
281010,1
281012,1
281014,1
281016,1
281018,2
281020,4
281022,6
281024,3
281026,1
281028,1
281030,1
281032,3
281034,1
281036,1
281038,3
281040,1
281042,1
281044,1
281046,1
281048,5
281050,1
281052,1
281056,55
281058,27
281060,42
281062,1
281064,4
281066,4
281068,1
281070,1
281072,1
281074,1
281076,3
281078,1
281080,25
281082,92
281084,2
281086,32
281088,2
281090,2
281094,2
281096,1301
281098,5
281100,2
281118,2
281120,1
281122,2
281124,1
281126,1
281128,1
281132,6
281134,2
281136,1
281138,1
281140,5
281142,4
281144,6
281146,3
281148,1
281150,1
281152,1
281154,1
281156,1
281158,1
281164,1
281166,1
281168,3
281170,4
281174,1
281176,1
281178,1
281180,1
281182,1
281184,3
281186,1
281188,113
281190,391
281192,2
281194,1
281196,1
281202,36
281204,1
281206,4
281208,255
281210,1
281212,1
281214,2
281216,2
281218,1
281220,1
281222,1
281224,1
281226,1
281230,2
281232,2
281234,2
281240,1
281244,2
281246,1
281248,1
281250,1
281252,1
281254,1
281256,1
281258,2
281260,1
281262,2
281264,1
281266,6
281268,2
281270,18
281272,1
281274,2
281276,6
281278,3
281280,11
281282,3
281284,20
281286,2
281288,10
281290,4
281292,1
281294,4
281296,1
281298,1
281300,3
281302,5
281304,6
281306,2
281308,1
281310,3
281312,1
281314,1
281316,1
281318,1
281320,4
281322,3
281324,1
281326,3
281328,4
281330,1
281332,4
281336,5
281340,2
281342,1
281344,2
281346,1
281348,2
281352,4
281354,2
281356,5
281360,7
281362,1
281364,9
281366,1
281370,10
281372,2
281378,2
281380,1
281382,1
281384,15
281386,2
281388,1
281390,1
281392,1
281396,1
281398,3
281400,1
281402,10
281404,1
281406,1
281408,1
281410,1
281412,1
281414,1
281416,4
281418,2
281420,3
281422,1
281430,1
281432,1
281434,1
281436,5
281438,3
281444,1
281446,1
281450,1
281454,8
281456,1
281458,4
281460,1
281462,2
281464,1
281466,1
281468,1
281470,2
281472,2
281474,3
281476,4
281480,1
281490,1
281492,3
281494,1
281498,1
281500,2
281502,1
281504,3
281506,2
281508,1
281512,9
281518,4
281520,1
281522,2
281524,2
281528,11
281530,15
281532,1
281534,1
281536,1
281538,8
281540,2
281548,1
281550,1
281556,45
281558,1
281560,1
281562,14
281564,10
281566,3
281570,24
281572,3
281580,1
281586,28
281588,1
281590,2
281592,1
281594,4
281598,1
281600,3
281602,11
281604,1
281606,1
281612,3
281614,2
281616,11
281618,3
281620,10
281622,4
281624,1
281626,1
281628,3
281634,1
281636,16
281638,9
281640,1
281642,1
281644,1
281646,14
281648,1
281650,1
281660,2
281662,5
281666,2
281680,1
281684,1
281688,2
281694,3
281696,1
281708,1
281712,15
281724,1
281728,8
281738,1
281746,6
281752,3
281772,2
281774,4
281776,2
281778,2
281780,3
281782,1
281784,8
281786,1
281788,2
281790,9
281792,1
281794,2
281796,2
281798,1
281800,36
281802,1
281804,1
281806,1
281808,49
281810,2
281812,1
281816,8
281818,2
281820,2
281822,1
281824,1
281826,1
281828,6
281830,5
281832,1
281834,5
281836,2
281838,1
281840,1
281842,1
281846,1
281848,3
281850,2
281852,1
281856,1
281858,1
281860,2
281864,22
281866,1
281870,1
281872,1
281874,2
281876,1
281878,1
281880,4
281882,3
281884,1
281888,1
281890,76
281894,2
281896,5
281898,2
281900,1
281902,1
281904,202
281906,1
281908,6
281910,3
281912,19
281914,16
281916,2
281918,24
281920,1
281922,1
281924,1
281926,1
281928,1
281930,1
281932,1
281934,1
281936,1
281938,4
281940,2
281942,2
281944,1
281946,1
281948,6
281950,1
281952,3
281954,1
281956,1
281958,1
281960,1
281968,1
281970,1
281972,1
281974,1
281976,1
281978,2
281980,1
281982,8
281984,1
281986,1
281988,1
281989,3
281991,1
281999,3
282001,6
282003,1
282005,2
282011,1
282013,5
282015,6
282017,1
282019,1
282021,1
282023,2
282025,4
282027,1
282033,1
282035,2
282037,15
282039,2
282041,38
282043,3
282045,1
282047,2
282049,1
282051,2
282053,6
282055,1
282057,1
282059,1
282061,1
282063,2
282073,1
282077,20
282081,1
282083,5
282085,3
282087,3
282089,1
282091,1
282093,1
282095,4
282097,3
282099,1
282101,13
282103,2
282105,1
282107,1
282109,1
282111,1
282115,1
282117,1
282119,2
282121,1
282125,501
282127,2
282131,1
282133,2
282135,1
282137,1
282139,1
282141,2
282143,1
282145,4
282147,454
282149,1
282153,2
282155,2
282157,1
282159,1
282161,333
282163,6
282165,1
282167,1
282169,1
282171,2
282173,1
282175,1
282177,1
282179,1
282181,1
282183,1
282185,1
282187,1
282189,1
282191,1
282193,1
282195,1
282197,1
282199,1
282201,1
282203,1
282205,1
282207,1
282209,1
282211,1
282213,2
282215,1
282217,1
282219,1
282221,7
282223,1
282225,1
282227,1
282229,1
282231,2
282235,2
282237,2
282247,1
282249,1
282253,1
282259,10
282263,2
282265,3
282267,1
282271,1
282273,1
282275,1
282277,1
282279,1
282281,1
282283,1
282285,1
282287,1
282289,1
282291,4
282295,13
282297,1
282299,1
282301,1
282303,4
282307,2
282309,1
282311,1
282313,1
282315,1
282317,1
282319,1
282321,1
282323,1
282325,1
282327,1
282329,1
282331,1
282333,1
282335,1
282337,1
282339,1
282341,1
282343,1
282345,1
282347,1
282349,1
282351,2
282353,1
282355,1
282357,1
282359,1
282361,1
282363,3
282367,1
282375,1
282379,4
282381,17
282383,1
282387,2
282391,12
282397,1
282399,2
282401,32
282407,3
282409,1
282413,2
282421,1
282423,1
282427,1
282429,1
282431,1
282433,1
282435,2
282437,1
282439,1
282441,2
282443,8
282445,2
282447,2
282449,2
282451,2
282453,2
282455,2
282457,3
282459,2
282461,2
282463,2
282465,2
282467,2
282469,2
282471,1
282477,2
282481,2
282483,2
282487,1
282489,1
282491,2
282493,26
282495,2
282497,2
282499,21
282501,5
282505,1
282507,1
282509,2
282511,2
282513,2
282515,1
282517,2
282521,2
282523,1
282525,1
282527,2
282529,18
282531,1
282535,1
282537,2
282541,4
282543,1
282553,2
282555,2
282557,4
282559,4
282561,180
282563,2
282565,1
282567,1
282569,2
282571,1
282575,2
282577,3
282579,2
282581,1
282583,6
282585,2
282587,1
282589,2
282591,3
282593,1
282595,2
282597,1
282599,1
282603,9
282605,1
282607,2
282609,3
282611,2
282613,1
282619,1
282621,3
282623,1
282627,1
282629,1
282631,1
282633,1
282635,1
282639,5
282641,3
282643,4
282645,2
282647,3
282649,297
282651,1
282653,1
282655,1
282657,2
282659,1
282661,1
282663,1
282665,3
282667,5
282669,2
282671,168
282673,1
282675,1
282679,2
282683,1
282685,1
282687,1
282689,2
282691,1
282695,20
282697,3
282699,1
282701,2
282707,1
282709,2
282711,12
282713,11
282715,1
282717,4
282719,14
282721,2
282723,1
282725,4
282727,14
282729,1
282731,2
282733,4
282737,5
282741,2
282743,1
282745,2
282747,1
282749,1
282751,1
282753,76
282755,3
282757,2
282759,3
282761,1
282763,4
282767,1
282769,1
282771,1
282773,3
282775,1
282777,1
282779,3
282781,1
282783,1
282785,1
282795,1
282797,1
282799,38
282801,1
282803,1
282805,1
282807,1
282809,1
282815,1
282817,1
282821,1
282823,1
282825,3
282827,2
282831,1
282833,2
282835,210
282837,2
282839,1
282841,1
282843,161
282845,1
282849,3
282851,2
282853,2
282855,1
282857,1
282859,1
282861,7
282863,1
282865,1
282867,1
282869,2
282871,2
282873,20
282875,4
282877,3
282879,5
282881,1
282885,2
282889,1
282891,2
282893,2
282895,1
282897,1
282899,4
282901,6
282903,2
282905,26
282907,4
282909,2
282911,2
282913,2
282915,2
282917,2
282919,2
282921,3
282923,1
282925,1
282935,1
282937,2
282939,2
282941,1
282943,1
282947,1
282949,1
282951,1
282957,2
282959,14
282961,1
282963,1
282965,1
282967,3
282973,1
282975,1
282977,2
282979,1
282981,1
282983,148
282985,18
282987,1
282989,1
282991,1
282993,1
282997,20
282999,71
283003,1
283005,17
283015,2
283017,3
283019,1
283021,2
283023,1
283027,2
283029,1
283031,7
283033,2
283037,1
283039,4
283045,2
283049,2
283051,1
283053,1
283057,1
283063,5
283065,1
283067,1
283069,5
283071,2
283081,1
283097,8
283107,1
283109,1
283113,5
283115,4
283117,1
283119,2
283121,1
283123,3
283125,3
283127,6
283129,1
283131,1
283133,37
283135,1
283137,40
283139,174
283141,1
283143,2
283145,1
283149,6
283153,1
283155,7
283161,8
283163,2
283165,1
283167,20
283169,2
283173,1
283175,2
283177,285
283179,1
283181,1
283183,1
283185,1
283187,1
283191,4
283195,1
283197,1
283199,1
283201,9
283205,2
283207,5
283209,1
283211,3
283215,1
283217,1
283219,1
283221,1
283223,232
283225,2
283227,1
283229,1
283231,5
283233,1
283235,3
283237,1
283241,8
283243,1
283245,1
283247,10
283251,1
283253,1
283255,3
283257,1
283259,15
283261,1
283263,1
283265,1
283271,5
283273,1
283275,1
283279,1
283281,2
283285,2
283287,1
283289,1
283291,1
283293,1
283295,1
283301,1
283303,1
283305,1
283307,1
283309,1
283311,1
283313,1
283315,12
283317,2
283321,1
283327,1
283329,3
283331,2
283333,4
283335,1
283337,2
283339,1
283341,2
283345,1
283347,2
283349,1
283351,1
283353,2
283355,2
283357,1
283359,1
283361,2
283363,1
283365,1
283367,1
283369,1
283373,1
283375,1
283377,1
283381,1
283385,3
283387,2
283389,2
283391,1
283397,1
283399,1
283401,4
283403,2
283405,1
283407,1
283409,3
283411,1
283413,1
283415,2
283417,1
283419,1
283421,1
283423,1
283425,39
283427,4
283429,1
283431,1
283433,1
283435,1
283447,1
283451,6
283453,2
283455,1
283457,1
283459,12
283461,1
283463,3
283467,1
283471,3
283473,17
283475,1
283477,1
283479,3
283481,3
283483,3
283485,3
283487,3
283489,3
283491,1
283493,2
283495,2
283497,2
283499,2
283501,2
283503,2
283505,2
283507,2
283509,2
283511,2
283513,2
283515,2
283517,2
283519,2
283521,2
283523,3
283525,2
283527,2
283529,2
283531,2
283533,2
283535,2
283537,2
283539,2
283541,2
283543,2
283545,2
283547,2
283549,3
283551,3
283553,3
283555,3
283557,3
283559,2
283561,3
283563,1
283567,1
283569,1
283571,3
283577,125
283579,5
283581,2
283583,3
283585,1
283587,1
283589,1
283591,5
283593,1
283597,1
283599,1
283601,1
283603,10
283605,1
283607,1
283609,1
283611,3
283613,3
283615,3
283617,3
283619,3
283621,3
283623,3
283625,3
283627,3
283629,2
283631,2
283633,2
283635,2
283637,3
283639,2
283641,2
283643,2
283645,2
283647,2
283649,2
283651,2
283653,2
283655,2
283657,70
283659,1
283661,1
283663,1
283665,1
283669,4
283671,1
283673,1
283675,26
283677,1
283679,1
283681,3
283683,1
283685,1
283687,1
283689,1
283691,1
283693,2
283695,2
283697,1
283699,1
283701,1
283703,2
283705,1
283707,1
283709,1
283711,1
283713,4
283715,1
283717,1
283719,1
283727,1
283729,2
283731,1
283733,5
283735,6
283739,2
283743,1
283745,6
283749,1
283751,11
283753,1
283755,1
283757,1
283759,2
283761,28
283763,21
283767,1
283769,1
283773,2
283775,1
283777,1
283779,1
283781,5
283787,4
283789,1
283791,7
283793,7
283797,1
283799,1
283801,31
283803,2
283821,1
283843,1
283845,1
283853,1
283855,1
283859,1
283861,6
283867,1
283871,18
283873,861
283881,2
283883,1
283885,1
283887,1
283889,1
283891,5
283895,1
283897,1
283899,1
283919,1
283921,6
283923,1
283925,1
283931,2
283935,3
283941,1
283945,1
283947,1
283949,2
283961,1
283963,2
283965,1
283973,1
283979,1
283987,1
283989,1
283991,1
283999,2
284017,1
284051,3
284055,6
284057,3
284059,1
284061,1
284063,1
284065,1
284067,1
284069,1
284071,1
284073,1
284075,1
284079,1
284081,8
284083,1
284087,1
284089,1
284091,1
284093,1
284095,2
284097,2
284099,1
284101,1
284105,1
284107,2
284109,1
284111,24
284113,1
284115,1
284119,1
284123,1
284125,1
284127,1
284161,3
284163,3
284165,2
284167,80
284169,1
284171,1
284175,7
284177,2
284179,12
284181,20
284183,1
284185,8
284187,7
284189,8
284191,4
284193,65
284195,25
284199,1
284201,1
284205,1
284235,1
284239,2
284241,1
284261,2
284287,20
284289,1
284291,213
284293,259
284295,2
284297,4
284299,1
284301,1
284303,2
284305,2
284307,1
284315,1
284319,1
284363,1
284369,2
284377,9
284383,1
284385,1
284397,1
284399,2
284401,1
284403,1
284405,1
284407,2
284411,51
284419,1
284423,1
284425,1
284427,2
284429,1
284431,2
284433,1
284435,4
284437,2
284441,1
284445,1
284447,10
284489,182
284493,1
284495,1
284497,1
284499,1
284501,2
284503,1
284505,1
284507,1
284509,1
284511,1
284513,1
284515,1
284517,2
284519,4
284521,1
284523,2
284525,2
284535,1
284563,2
284565,11
284567,2
284569,1
284571,1
284573,1
284575,1
284577,1
284579,1
284601,1
284603,3
284605,1
284607,1
284611,18
284613,1
284615,2
284617,3
284619,5
284625,1
284627,1
284631,1
284635,1
284637,3
284639,1
284655,2
284657,1
284661,1
284665,1
284673,1
284679,1
284685,1
284689,1
284691,1
284693,1
284695,2
284697,2
284699,1
284703,1
284705,2
284707,6
284709,3
284715,2
284723,1
284739,10
284741,1
284743,2
284745,2
284747,49
284749,3
284751,1
284753,1
284755,5
284757,3
284777,1
284779,1
284781,1
284783,1
284785,1
284787,1
284791,1
284793,7
284797,2
284799,3
284801,10
284803,3
284805,1
284807,1
284811,1
284815,2
284833,1
284851,2
284859,1
284863,1
284869,9
284871,1
284873,1
284875,1
284877,1
284879,230
284895,1
284923,1
284929,7
284931,2
284933,1
284935,1
284937,30
284957,1
284959,1
284961,1
284963,4
284965,2
284967,1
284969,1
284971,1
284977,1
284983,1
284993,1
284995,1
284999,2
285001,7
285003,1
285005,1
285007,1
285009,1
285011,1
285013,1
285015,1
285017,1
285019,1
285021,1
285023,2
285025,1
285027,1
285029,1
285031,1
285033,1
285035,1
285037,1
285039,1
285041,2
285043,1
285045,20
285047,1
285097,2
285099,1
285101,3
285103,7
285105,2
285107,1
285109,63
285113,1
285115,1
285117,1
285119,1
285121,1
285123,1
285125,1
285127,1
285129,1
285131,4
285133,2
285135,1
285137,1
285143,1
285145,1
285149,1
285151,1
285153,1
285155,1
285157,1
285159,2
285181,1
285189,1
285191,1
285193,1
285195,1
285197,2
285199,1
285201,1
285219,1
285227,1
285249,1
285251,1
285253,1
285255,3
285257,1
285261,1
285265,1
285267,1
285269,2
285271,1
285287,1
285291,1
285293,5
285295,1
285301,740
285341,1
285355,1
285357,1
285359,1
285361,1
285363,1
285391,1
285453,1
285471,1
285535,2
285537,1
285539,2
285541,2
285543,1
285549,1
285559,3
285563,2
285565,56
285569,1
285571,20
285573,1
285575,1
285577,1
285579,1
285581,4
285585,1
285589,7
285591,12
285593,980
285595,1
285597,60
285599,6
285601,62
285603,1
285605,1
285607,3
285609,1
285611,2
285613,1
285617,8
285619,2
285621,1
285625,1
285629,1
285635,2
285637,1
285643,1
285645,1
285647,3
285649,1
285651,2
285669,1
285741,3
285749,2
285751,1
285755,1
285757,6
285761,21
285763,12
285765,5
285767,2
285769,1
285771,1
285773,1
285775,2
285777,2
285779,2
285783,2
285785,2
285791,6
285795,1
285797,1
285799,1
285801,5
285803,10
285807,1
285813,1
285815,1
285823,1
285825,1
285827,5
285829,1
285831,2
285833,61
285837,1
285839,4
285841,1
285843,1
285845,1
285847,1
285849,1
285851,354
285853,2
285855,4
285857,3
285859,1
285863,1
285865,12
285867,26
285869,1
285871,1
285873,1
285875,5
285877,1
285879,1
285885,1
285891,1
285893,4
285897,4
285899,2
285901,2
285903,2
285905,2
285907,1
285909,1
285911,1
285919,1
285923,1
285925,114
285927,2
285929,1
285931,1
285933,12
285937,13
285939,2
285941,1
285943,1
285945,1
285947,155
285949,13
285951,1
285953,1
285957,1
285959,1
285961,1
285967,1
285969,3
285971,1
285975,1
285977,1
285979,1
285981,15
285983,1
285985,1
285987,5
286003,1
286007,1
286009,1
286013,9
286015,5
286019,1
286021,1
286023,1
286027,2
286029,135
286031,21
286039,2
286041,1
286043,1
286045,1
286047,1
286049,1
286051,2
286057,1
286061,3
286091,1
286095,1
286097,111
286101,2
286105,1
286107,250
286109,1
286111,2
286115,2
286117,1
286121,1
286123,1
286125,1
286127,1
286129,1
286131,538
286133,3
286135,1
286139,1
286145,1
286153,2
286155,3
286157,1
286159,1
286161,2
286163,8
286165,1
286167,1
286169,1
286171,4
286173,2
286175,1
286177,2
286179,1
286183,1
286185,1
286187,1
286189,3
286191,1
286199,3
286201,7
286207,1
286209,1
286211,1
286213,3
286215,1
286217,1
286219,12
286221,7
286223,11
286225,1
286227,1
286229,1
286231,15
286233,1
286235,1
286237,2
286239,1
286241,5
286243,2
286245,1
286247,2
286249,2
286251,30
286253,1
286255,1
286257,1
286259,1
286261,5
286265,1
286267,1
286271,1
286273,1
286275,1
286277,1
286279,1
286281,1
286283,1
286285,1
286287,3
286289,2
286291,1
286293,1
286295,1
286297,1
286299,1
286303,2
286305,2
286307,1
286309,1
286311,1
286313,1
286315,1
286327,28
286343,1
286345,2
286349,2
286351,1
286353,1
286355,206
286357,233
286365,1
286369,4
286371,3
286373,2
286375,2
286377,1
286379,1
286381,1
286383,1
286385,1
286391,2
286393,2
286395,2
286397,1
286399,10
286401,2
286407,1
286409,2
286411,39
286413,1
286415,3
286417,1
286419,1
286423,11
286425,1
286427,27
286435,3
286443,3
286455,2
286457,1
286463,3
286465,2
286467,1
286469,2
286471,1
286473,1
286475,2
286477,1
286483,3
286485,1
286487,2
286489,1
286491,1
286493,1
286495,1
286523,1
286525,1
286527,2
286529,18
286531,2
286533,1
286535,1
286537,1
286539,1
286545,1
286547,2
286549,1
286551,1
286553,3
286555,1
286569,58
286571,1
286591,1
286593,17
286595,12
286599,1
286601,2
286603,1
286605,9
286607,1
286611,8
286615,1
286617,1
286621,1
286623,2
286625,1
286627,1
286629,1
286631,1
286633,1
286635,1
286637,1
286639,2
286641,5
286649,1
286665,1
286667,1
286669,1
286671,1
286677,5
286679,1
286681,2
286683,1
286685,1
286703,45
286707,1
286711,1
286715,1
286727,1
286729,1
286731,1
286733,1
286735,2
286737,17
286739,1
286741,1
286743,3
286745,2
286747,1
286749,1
286751,1
286753,1
286755,1
286757,2
286759,2
286761,68
286763,1
286767,2
286769,1
286771,2
286777,129
286779,1
286781,1
286783,1
286785,1
286787,1
286789,12
286791,12
286793,17
286795,1
286797,4
286799,1
286801,30
286813,1
286815,3
286833,10
286835,1
286839,1
286841,24
286843,5
286845,2
286847,1
286851,2
286853,1
286855,1
286857,1
286859,1
286861,7
286863,1
286865,4
286867,1
286869,1
286871,5
286873,2
286875,1
286877,2
286879,3
286881,40
286883,1
286887,1
286889,1
286891,1
286893,1
286895,1
286897,1133
286899,105
286901,251
286903,179
286905,293
286907,1
286911,1
286913,1
286915,10
286917,1
286919,1
286921,7
286923,1
286925,1
286927,1
286929,1
286931,1
286933,2
286935,1
286937,1
286939,1
286941,2
286947,2
286949,1
286951,64
286953,1
286955,1
286959,1
286961,2
286963,1
286967,1
286969,8
286971,1
286973,1
286975,3
286979,4
286985,1
286993,1
286995,1
286997,1
286999,1
287001,1
287005,3
287007,5
287009,1
287011,1
287015,1
287017,13
287021,2
287023,4
287025,1
287027,1
287033,3
287037,1
287039,3
287041,1
287043,1
287045,1
287047,1
287049,1
287051,1
287053,1
287057,1
287059,1
287067,1
287069,1
287071,1
287073,4
287079,13
287089,1
287091,1
287093,1
287095,7
287097,2
287099,3
287101,2
287103,1
287107,3
287109,1
287111,1
287113,2
287115,7
287117,2
287119,2
287121,4
287123,1
287125,2
287127,2
287129,6
287131,1
287135,1
287139,1
287141,2
287143,1
287145,1
287147,1
287149,1
287151,1
287153,1
287155,1
287157,4
287159,1
287161,1
287165,21
287169,2
287171,1
287173,2
287175,1
287177,2
287179,5
287181,13
287183,1
287185,5
287187,1
287193,1
287195,1
287197,1
287199,1
287201,1
287203,1
287205,1
287207,1
287209,1
287211,1
287213,41
287215,1
287217,1
287219,1
287221,1
287223,1
287225,3
287227,16
287229,8
287231,1
287235,1
287237,1
287239,1
287241,1
287243,1
287245,1
287247,1
287249,1
287251,1
287257,1
287261,1
287265,1
287267,1
287327,1
287337,1
287347,1
287349,1
287351,2
287353,1
287355,1
287359,2
287361,1
287363,2
287365,1
287367,1
287369,2
287377,147
287379,1
287381,1
287383,1
287385,2
287387,1
287389,1
287391,1
287397,38
287399,2
287401,1
287403,1
287405,1
287407,2
287409,1
287411,5
287413,1
287415,1
287417,1
287419,1
287421,1
287423,1
287425,1
287433,1
287437,16
287439,3
287441,1
287443,3
287445,1
287447,1
287453,4
287455,2
287457,1
287459,1
287461,1
287463,1
287465,1
287467,1
287469,1
287471,1
287475,1
287479,1
287481,1
287485,1
287487,1
287493,1
287497,1
287507,2
287509,1
287511,1
287513,23
287515,1
287517,1
287519,1
287521,1
287523,1
287525,1
287527,1
287529,1
287531,1
287533,1
287537,1
287539,1
287547,1
287557,1
287559,3
287563,1
287565,1
287569,1
287571,1
287575,1
287577,1
287579,2
287581,1
287583,1
287585,1
287587,1
287589,2
287591,46
287593,1
287595,1
287597,3
287599,1
287605,1
287607,1
287609,52
287611,1
287613,26
287615,24
287617,1
287621,1
287623,1
287625,3
287627,1
287633,366
287635,52
287639,16
287641,1
287645,1
287647,1
287649,1
287651,1
287653,1
287657,1
287659,2
287661,1
287663,6
287665,7
287667,1
287675,1
287677,1
287679,1
287681,7
287683,1
287685,1
287687,1
287693,1
287695,1
287699,1152
287701,1
287703,5
287705,3
287707,28
287711,11
287713,21
287715,1
287717,1
287719,1
287721,1
287723,1
287725,1
287727,1
287729,1
287731,57
287735,3
287737,8
287741,1
287743,3
287747,1
287751,1
287753,1
287757,1
287759,1
287769,1
287771,1
287775,1
287777,1
287791,1
287793,1
287795,1
287797,1
287799,1
287807,3
287811,1
287813,2
287815,1
287817,1
287819,6
287821,1
287823,61
287825,1
287827,1
287831,1
287833,3
287835,1
287837,2
287839,1
287841,1
287843,1
287845,1
287847,2
287849,1
287851,1
287853,2
287855,1
287857,2
287859,1
287861,1
287863,1
287865,1
287867,1
287901,1
287903,1
287913,1
287947,1
287949,1
287967,1
287973,3
287975,2
287979,2
287983,9
287985,2
287987,2
287995,1
287997,1
288001,6
288005,2
288007,2
288011,1
288013,1
288015,1
288023,14
288025,3
288027,5
288029,4
288031,1
288033,2
288035,1
288041,1
288043,2
288045,2
288049,2
288051,2
288055,5
288057,1
288059,1
288061,1
288063,1
288065,1
288067,1
288069,1
288083,1
288085,1
288089,1
288091,1
288093,2
288097,1
288099,2
288109,1
288113,2
288117,1
288119,1
288121,3
288123,1
288131,2
288133,2
288135,11
288137,1
288141,1
288143,1
288145,1
288147,1
288163,3
288165,3
288167,182
288169,1
288171,1
288179,1
288189,2
288197,1
288199,1
288201,1
288207,1
288209,9
288215,1
288233,1
288243,2
288245,2
288249,2
288251,2
288255,1
288257,3
288259,1
288261,4
288265,424
288269,191
288271,1
288273,1
288275,1
288277,2
288279,42
288281,1
288283,3
288285,2
288287,2
288289,17
288291,7
288295,1
288299,1
288303,1
288305,2
288307,1
288309,1
288311,198
288315,4
288317,3
288319,1
288323,1
288325,2
288329,1
288331,1
288333,11
288343,1
288347,3
288349,1
288351,1
288353,7
288357,1
288361,2
288369,1
288373,1
288389,1
288413,2
288415,1
288417,1
288419,3
288423,1
288425,1
288427,1
288429,1
288433,2
288435,1
288437,1
288441,2
288443,2
288445,2
288449,1
288453,1
288455,1
288457,2
288459,1
288461,1
288467,1
288469,1
288473,2
288477,1
288483,1
288485,1
288487,1
288489,1
288493,3
288495,1
288497,1
288499,1
288505,1
288507,1
288509,1
288513,939
288519,1
288521,1
288527,1
288529,54
288531,1
288535,6
288537,1
288539,1
288543,5
288545,4
288547,1
288553,2
288555,1
288557,2
288559,1
288561,1
288563,5
288565,2
288567,1
288569,1
288571,61
288573,1
288575,2
288577,1
288579,1
288581,2
288583,4
288585,4
288587,1
288589,1
288591,1
288593,4
288595,4
288597,1
288599,4
288601,1
288603,2
288605,1
288609,2
288625,4
288627,2
288629,2
288631,1
288633,1
288637,1
288641,1
288643,1
288645,1
288647,1
288649,2
288653,1
288655,5
288657,1
288661,1
288663,1
288667,1
288669,58
288671,1
288673,1
288675,4
288679,57
288681,12
288683,1
288685,1
288687,2
288691,23
288693,2
288701,4
288703,2
288705,1
288707,1
288709,1
288711,1
288715,1
288721,2
288723,6
288725,1
288727,1
288731,2
288733,3
288735,1
288737,1
288739,1
288743,2
288745,4
288747,5
288749,4
288751,3
288753,7
288755,3
288757,8
288759,1
288761,2
288763,3
288765,41
288767,2
288769,2
288771,2
288773,8
288777,1
288779,2
288793,1
288805,1
288807,4
288809,1
288815,1
288817,2
288823,1
288825,1
288831,1
288835,2
288837,1
288839,1
288841,1
288843,1
288845,1
288847,2
288849,1
288851,1
288853,2
288855,1
288857,5
288859,1
288861,109
288863,2
288865,2
288867,2
288869,1
288873,4
288875,7
288881,1
288889,1
288893,1
288895,1
288897,1
288899,3
288901,1
288903,1
288905,2
288907,2
288911,1
288913,1
288917,1
288923,1
288925,1
288927,1
288931,3
288933,1
288935,1
288937,2
288939,3
288941,2
288943,1
288945,4
288947,1
288949,2
288951,1
288953,1
288955,1
288957,1
288959,2
288963,1
288965,1
288967,1
288969,3
288971,1
288973,5
288975,1
288977,3
288979,59
288983,1
288985,1
288987,1
288989,1
288991,1
288993,1
288995,1
288999,1
289001,1
289003,7
289005,1
289007,3
289009,2
289011,2
289015,1
289019,1
289021,39
289025,3
289027,1
289029,3
289033,4
289035,1
289043,1
289047,1
289049,1
289051,1
289053,1
289055,1
289057,1
289059,1
289061,1
289063,1
289065,1
289069,7
289071,1
289073,2
289075,6
289077,1
289085,1
289089,2
289091,1
289093,2
289095,6
289097,56
289099,1
289101,1
289103,1
289105,1
289109,1
289111,2
289113,1
289115,1
289119,2
289121,1
289125,1
289127,1
289129,13
289131,2
289135,7
289137,1
289139,1
289141,6
289143,1
289149,1
289151,1
289153,22
289155,1
289157,1
289159,9
289161,1
289163,25
289167,2
289169,20
289171,2
289173,1
289175,2
289183,2
289185,1
289187,1
289189,1
289191,1
289193,63
289195,18
289197,6
289199,1
289201,1
289231,1
289239,1
289241,1
289243,1
289247,3
289249,1
289251,1
289253,105
289255,3
289257,1
289259,1
289261,2
289263,1
289269,1
289271,1
289273,1
289275,1
289277,1
289279,2
289285,2
289289,1
289291,1
289293,1
289295,80
289297,60
289301,1
289307,1
289309,1
289311,10
289313,2
289315,2
289317,8
289319,1
289323,4
289325,3
289327,1
289329,2
289331,1
289335,9
289351,1
289353,1
289357,1
289359,1
289419,1
289443,1
289449,1
289477,1
289481,1
289483,1
289491,1
289493,1
289499,1
289501,1
289517,2
289519,1
289521,1
289523,1
289525,1
289533,1
289535,1
289543,2
289547,1
289549,1
289551,2
289553,1
289555,1
289557,1
289559,1
289561,1
289563,12
289565,1
289567,1
289569,1
289571,1
289575,1
289577,2
289579,1
289581,1
289583,1
289587,1
289589,1
289591,1
289593,1
289595,1
289597,1
289611,1
289621,1
289627,1
289629,1
289633,4
289635,2
289637,14
289639,1
289641,1
289645,1
289647,1
289649,1
289651,1
289653,1
289655,1
289657,1
289659,1
289667,1
289669,1
289671,1
289675,1
289679,1
289681,1
289683,1
289685,2
289687,1
289689,32
289691,11
289695,1
289703,1
289705,2
289707,3
289711,4
289713,2
289715,1
289719,5
289721,1
289723,1
289725,1
289727,45
289729,10
289731,2
289733,2
289735,1
289737,1
289739,7
289741,15
289743,1
289745,1
289747,1
289749,1
289751,1
289753,1
289755,1
289757,1
289759,1
289761,1
289763,1
289765,1
289767,1
289769,1
289771,1
289773,1
289775,1
289777,1
289781,1
289795,1
289797,10
289799,1
289801,1
289803,2
289805,1
289807,2
289809,4
289811,1
289813,1
289815,1
289819,3
289825,1
289835,2
289839,1
289841,3
289845,2
289849,1
289851,3
289853,1
289855,1
289859,1
289861,1
289863,1
289865,1
289871,1
289875,1
289877,1
289879,2
289881,1
289883,1
289885,1
289887,1
289889,3
289891,1
289893,1
289895,1
289897,1
289901,1
289903,1
289905,1
289907,1
289909,1
289911,1
289913,1
289915,1
289917,1
289919,1
289923,1
289925,1
289927,2
289929,1
289931,2
289937,1
289939,1
289943,1
289947,1
289955,2
289957,3
289967,9
289971,3
289973,1
289979,1
289981,2
289983,8
289985,1
289991,1
289993,3
290001,2
290003,2
290009,2
290011,1
290013,1
290017,1
290019,1
290023,1
290025,1
290031,2
290033,3
290035,1
290037,1
290039,1
290049,1
290051,1
290055,4
290057,1
290059,1
290063,1
290065,2
290069,1
290071,2
290077,1
290079,4
290081,1
290083,4
290087,2
290089,7
290091,11
290093,5
290095,1
290097,1
290099,1
290105,33
290107,1
290109,1
290111,1
290113,1
290117,3
290119,14
290121,1
290125,1
290127,1
290129,2
290131,1
290133,1
290135,1
290137,1
290139,1
290141,1
290143,1
290147,1
290149,1
290155,1
290157,1
290159,1
290161,1
290163,2
290165,1
290167,1
290169,3
290171,1
290173,1
290179,1
290187,1
290189,1
290195,5
290197,1
290199,3
290201,1
290203,5
290205,1
290207,2
290213,56
290215,1
290219,3
290225,3
290227,9
290229,1
290231,1
290233,1
290235,1
290237,1
290239,1
290251,1
290253,3
290255,1
290263,13
290265,1
290267,2
290269,1
290273,1
290277,1
290279,1
290283,1
290285,3
290289,1
290291,3
290293,1
290297,1
290299,1
290301,3
290311,1
290313,1
290315,2
290317,2
290319,2
290323,1
290325,1
290327,7
290333,3
290335,1
290337,1
290339,1
290341,1
290347,1
290349,1
290375,1
290377,1
290379,1
290383,29
290385,1
290389,11
290391,2
290393,6
290401,1
290403,2
290405,2
290407,57
290409,1
290427,1
290469,1
290471,1
290473,1
290479,1
290483,1
290485,2
290489,3
290491,5
290493,2
290495,1
290497,1
290499,1
290503,1
290507,3
290511,2
290513,1
290515,1
290517,1
290519,1
290521,1
290523,5
290529,2
290531,1
290533,3
290539,1
290541,2
290543,1
290553,1
290555,1
290557,2
290559,2
290561,2
290563,3
290565,4
290567,3
290569,5
290571,2
290573,46
290575,1
290577,1
290579,2
290581,2
290583,2
290585,1
290595,1
290597,1
290615,1
290623,1
290625,1
290631,19
290633,1
290643,4
290649,1
290651,1
290653,2
290657,2
290659,2
290663,1
290665,3
290675,18
290677,1
290697,1
290711,1
290713,1
290715,1
290717,1
290725,1
290727,1
290731,1
290733,1
290737,1
290739,1
290743,1
290747,1
290749,1
290751,1
290753,1
290755,1
290757,2
290767,34
290769,2
290771,1
290773,4
290775,1
290777,2
290779,1
290781,1
290783,1
290785,1
290787,4
290789,1
290791,1
290793,2
290795,1
290797,1
290799,2
290801,1
290803,1
290805,2
290807,2
290809,1
290811,1
290813,1
290815,1
290817,1
290819,1
290821,1
290823,2
290825,1
290827,1
290829,1
290831,1
290832,1
290834,1
290836,1
290838,1
290840,1
290842,1
290844,1
290846,2
290848,2
290850,1
290852,1
290854,1
290856,1
290858,2
290860,1
290862,1
290864,1
290866,1
290868,2
290870,2
290872,1
290874,1
290876,1
290878,1
290880,1
290882,1
290884,1
290886,1
290888,1
290890,1
290892,1
290894,1
290896,1
290898,1
290900,1
290902,1
290904,1
290906,1
290908,1
290910,2
290912,1
290914,3
290922,2
290924,1
290930,2
290932,1
290934,1
290936,1
290938,1
290940,1
290942,1
290944,1
290946,1
290948,1
290950,1
290952,1
290954,1
290956,1
290958,1
290960,1
290962,1
290964,1
290966,1
290970,1
290972,1
290974,1
290976,1
290978,1
290980,1
290982,1
290984,1
290986,1
290988,1
290990,2
290992,1
290994,1
290996,1
290998,1
291000,1
291002,1
291004,1
291006,1
291008,1
291010,1
291012,1
291014,1
291016,1
291018,1
291020,1
291022,1
291024,1
291026,2
291028,1
291032,1
291034,1
291036,1
291038,1
291040,1
291042,1
291044,1
291046,1
291048,1
291050,1
291052,1
291054,1
291056,1
291058,1
291060,1
291062,1
291064,1
291066,1
291068,1
291070,1
291072,1
291074,2
291086,1
291088,1
291090,1
291092,1
291094,1
291096,1
291098,1
291100,1
291102,1
291104,1
291106,1
291108,1
291110,1
291112,1
291114,1
291116,1
291118,2
291120,2
291122,2
291124,1
291126,1
291128,1
291130,2
291132,1
291134,1
291136,1
291138,1
291140,1
291142,1
291144,1
291146,1
291148,1
291150,1
291152,1
291154,1
291156,1
291158,1
291160,1
291162,1
291164,1
291166,1
291168,1
291170,1
291174,1
291176,1
291180,1
291182,1
291184,1
291186,1
291188,1
291190,1
291192,1
291194,1
291196,1
291198,2
291200,1
291202,1
291204,1
291206,1
291208,1
291210,1
291212,1
291214,1
291216,1
291218,1
291220,1
291222,1
291224,1
291226,1
291228,1
291230,1
291232,1
291234,1
291236,1
291238,1
291240,1
291242,1
291244,2
291246,2
291248,2
291250,1
291252,1
291254,2
291256,1
291258,1
291260,2
291262,1
291264,1
291266,1
291268,1
291270,1
291272,1
291274,2
291276,1
291278,1
291280,1
291282,2
291284,2
291286,1
291288,1
291290,1
291292,1
291294,1
291296,1
291298,1
291300,1
291302,1
291304,1
291308,1
291310,1
291312,1
291314,1
291316,1
291318,1
291320,1
291322,1
291324,1
291328,1
291330,1
291332,1
291334,1
291336,1
291338,1
291340,7
291342,1
291344,2
291346,3
291348,1
291355,1
291357,1
291359,1
291361,1
291367,1
291369,2
291371,2
291373,1
291377,1
291379,1
291381,1
291383,3
291385,2
291389,1
291391,1
291413,2
291415,1
291417,1
291419,12
291421,1
291427,1
291437,1
291445,1
291449,1
291451,1
291453,1
291455,1
291457,1
291459,2
291461,2
291463,4
291477,1
291479,3
291481,1
291483,1
291485,10
291489,1
291491,1
291495,1
291497,1
291499,1
291501,1
291503,1
291505,1
291507,1
291511,2
291513,1
291517,1
291519,1
291521,3
291529,1
291533,1
291609,1
291629,1
291683,1
291685,1
291687,1
291689,1
291693,3
291695,16
291697,2
291699,1
291701,1
291705,3
291715,27
291717,1
291719,1
291721,1
291723,4
291725,1
291727,1
291729,1
291731,1
291733,1
291735,2
291737,2
291739,2
291743,1
291745,1
291747,1
291761,1
291763,1
291765,1
291767,1
291769,2
291771,1
291775,1
291785,1
291787,1
291789,1
291791,1
291793,1
291797,1
291799,1
291803,1
291805,2
291807,1
291809,2
291811,1
291813,2
291815,2
291817,2
291819,1
291821,2
291823,3
291825,11
291827,1
291829,4
291831,1
291833,1
291837,1
291839,1
291841,1
291843,1
291845,1
291847,7
291849,1
291851,1
291853,1
291857,19
291859,1
291861,1
291863,1
291865,1
291871,2
291873,1
291875,1
291877,1
291881,2
291883,2
291885,1
291887,1
291891,1
291893,1
291895,1
291897,1
291899,1
291901,2
291955,1
291959,1
291963,1
291965,1
291967,1
291971,1
291975,1
291977,1
291979,1
291981,1
291983,1
292009,2
292017,1
292021,1
292031,2
292033,1
292035,1
292037,1
292039,1
292041,1
292043,1
292045,1
292047,1
292049,1
292051,1
292053,1
292055,1
292057,1
292063,1
292093,1
292113,2
292117,3
292123,1
292139,14
292141,10
292143,1
292155,1
292165,2
292175,10
292183,1
292185,1
292229,2
292241,1
292249,1
292313,1
292343,1
292349,19
292351,2
292355,1
292357,1
292359,1
292361,1
292363,1
292365,1
292367,1
292369,1
292371,4
292389,1
292391,1
292395,1
292427,1
292467,1
292469,1
292471,1
292473,1
292475,1
292477,2
292487,1
292507,3
292529,1
292531,1
292533,1
292535,1
292539,1
292541,2
292583,1
292585,1
292593,1
292595,1
292597,2
292599,1
292601,1
292603,1
292605,1
292607,1
292609,1
292611,1
292613,1
292615,1
292617,2
292619,1
292625,1
292627,1
292709,1
292731,1
292737,1
292753,1
292755,1
292757,1
